z_common_m,well_a,well_b,facies_code_a,facies_code_b,facies_name_a,facies_name_b,lag_distance_m,dx_m,dy_m,is_same_facies
0.0,litholog10,litholog11,5,1,Overbank Mudstone,Planar Sandstone,1599.7,1173.5,1087.2,False
0.0,litholog10,litholog12,5,4,Overbank Mudstone,Coal,3387.6,-650.5,3324.6,False
0.0,litholog10,litholog2,5,0,Overbank Mudstone,Channel Sandstone,4474.4,-3588.3,2672.9,False
0.0,litholog10,litholog3,5,0,Overbank Mudstone,Channel Sandstone,3827.4,-3107.6,2234.3,False
0.0,litholog10,litholog4,5,5,Overbank Mudstone,Overbank Mudstone,2942.3,-2652.1,1274.1,True
0.0,litholog10,litholog5,5,0,Overbank Mudstone,Channel Sandstone,2538.1,-2239.8,1193.8,False
0.0,litholog10,litholog6,5,5,Overbank Mudstone,Overbank Mudstone,2285.4,-2268.3,278.5,True
0.0,litholog10,litholog7,5,5,Overbank Mudstone,Overbank Mudstone,1729.6,-1693.9,-349.5,True
0.0,litholog10,litholog8,5,5,Overbank Mudstone,Overbank Mudstone,1028.1,-1006.7,-208.9,True
0.0,litholog10,litholog9,5,5,Overbank Mudstone,Overbank Mudstone,1229.4,332.1,1183.7,True
0.0,litholog11,litholog12,1,4,Planar Sandstone,Coal,2886.7,-1824.0,2237.4,False
0.0,litholog11,litholog2,1,0,Planar Sandstone,Channel Sandstone,5018.8,-4761.8,1585.7,False
0.0,litholog11,litholog3,1,0,Planar Sandstone,Channel Sandstone,4432.1,-4281.1,1147.1,False
0.0,litholog11,litholog4,1,5,Planar Sandstone,Overbank Mudstone,3830.2,-3825.6,186.9,False
0.0,litholog11,litholog5,1,0,Planar Sandstone,Channel Sandstone,3415.0,-3413.3,106.6,False
0.0,litholog11,litholog6,1,5,Planar Sandstone,Overbank Mudstone,3535.5,-3441.8,-808.7,False
0.0,litholog11,litholog7,1,5,Planar Sandstone,Overbank Mudstone,3207.2,-2867.4,-1436.7,False
0.0,litholog11,litholog8,1,5,Planar Sandstone,Overbank Mudstone,2536.3,-2180.2,-1296.1,False
0.0,litholog11,litholog9,1,5,Planar Sandstone,Overbank Mudstone,846.9,-841.4,96.5,False
0.0,litholog12,litholog2,4,0,Coal,Channel Sandstone,3009.2,-2937.8,-651.7,False
0.0,litholog12,litholog3,4,0,Coal,Channel Sandstone,2688.2,-2457.1,-1090.3,False
0.0,litholog12,litholog4,4,5,Coal,Overbank Mudstone,2865.4,-2001.6,-2050.4,False
0.0,litholog12,litholog5,4,0,Coal,Channel Sandstone,2658.3,-1589.4,-2130.8,False
0.0,litholog12,litholog6,4,5,Coal,Overbank Mudstone,3449.0,-1617.8,-3046.1,False
0.0,litholog12,litholog7,4,5,Coal,Overbank Mudstone,3819.3,-1043.5,-3674.0,False
0.0,litholog12,litholog8,4,5,Coal,Overbank Mudstone,3551.3,-356.2,-3533.4,False
0.0,litholog12,litholog9,4,5,Coal,Overbank Mudstone,2355.6,982.6,-2140.9,False
0.0,litholog2,litholog3,0,0,Channel Sandstone,Channel Sandstone,650.7,480.6,-438.6,True
0.0,litholog2,litholog4,0,5,Channel Sandstone,Overbank Mudstone,1683.1,936.2,-1398.7,False
0.0,litholog2,litholog5,0,0,Channel Sandstone,Channel Sandstone,2001.5,1348.4,-1479.1,True
0.0,litholog2,litholog6,0,5,Channel Sandstone,Overbank Mudstone,2734.1,1319.9,-2394.4,False
0.0,litholog2,litholog7,0,5,Channel Sandstone,Overbank Mudstone,3566.9,1894.3,-3022.4,False
0.0,litholog2,litholog8,0,5,Channel Sandstone,Overbank Mudstone,3869.0,2581.6,-2881.7,False
0.0,litholog2,litholog9,0,5,Channel Sandstone,Overbank Mudstone,4193.7,3920.3,-1489.2,False
0.0,litholog3,litholog4,0,5,Channel Sandstone,Overbank Mudstone,1062.7,455.5,-960.1,False
0.0,litholog3,litholog5,0,0,Channel Sandstone,Channel Sandstone,1354.9,867.8,-1040.5,True
0.0,litholog3,litholog6,0,5,Channel Sandstone,Overbank Mudstone,2128.2,839.3,-1955.8,False
0.0,litholog3,litholog7,0,5,Channel Sandstone,Overbank Mudstone,2945.2,1413.7,-2583.7,False
0.0,litholog3,litholog8,0,5,Channel Sandstone,Overbank Mudstone,3222.2,2100.9,-2443.1,False
0.0,litholog3,litholog9,0,5,Channel Sandstone,Overbank Mudstone,3596.6,3439.7,-1050.6,False
0.0,litholog4,litholog5,5,0,Overbank Mudstone,Channel Sandstone,420.0,412.3,-80.4,False
0.0,litholog4,litholog6,5,5,Overbank Mudstone,Overbank Mudstone,1067.0,383.8,-995.6,True
0.0,litholog4,litholog7,5,5,Overbank Mudstone,Overbank Mudstone,1885.3,958.2,-1623.6,True
0.0,litholog4,litholog8,5,5,Overbank Mudstone,Overbank Mudstone,2215.1,1645.4,-1483.0,True
0.0,litholog4,litholog9,5,5,Overbank Mudstone,Overbank Mudstone,2985.5,2984.2,-90.5,True
0.0,litholog5,litholog6,0,5,Channel Sandstone,Overbank Mudstone,915.7,-28.5,-915.2,False
0.0,litholog5,litholog7,0,5,Channel Sandstone,Overbank Mudstone,1636.9,545.9,-1543.2,False
0.0,litholog5,litholog8,0,5,Channel Sandstone,Overbank Mudstone,1867.6,1233.2,-1402.6,False
0.0,litholog5,litholog9,0,5,Channel Sandstone,Overbank Mudstone,2571.9,2571.9,-10.1,False
0.0,litholog6,litholog7,5,5,Overbank Mudstone,Overbank Mudstone,851.0,574.4,-628.0,True
0.0,litholog6,litholog8,5,5,Overbank Mudstone,Overbank Mudstone,1352.5,1261.6,-487.4,True
0.0,litholog6,litholog9,5,5,Overbank Mudstone,Overbank Mudstone,2753.4,2600.4,905.2,True
0.0,litholog7,litholog8,5,5,Overbank Mudstone,Overbank Mudstone,701.5,687.3,140.6,True
0.0,litholog7,litholog9,5,5,Overbank Mudstone,Overbank Mudstone,2540.7,2026.0,1533.2,True
0.0,litholog8,litholog9,5,5,Overbank Mudstone,Overbank Mudstone,1931.7,1338.8,1392.5,True
1.0,litholog10,litholog11,5,1,Overbank Mudstone,Planar Sandstone,1599.7,1173.5,1087.2,False
1.0,litholog10,litholog12,5,4,Overbank Mudstone,Coal,3387.6,-650.5,3324.6,False
1.0,litholog10,litholog2,5,0,Overbank Mudstone,Channel Sandstone,4474.4,-3588.3,2672.9,False
1.0,litholog10,litholog3,5,0,Overbank Mudstone,Channel Sandstone,3827.4,-3107.6,2234.3,False
1.0,litholog10,litholog4,5,5,Overbank Mudstone,Overbank Mudstone,2942.3,-2652.1,1274.1,True
1.0,litholog10,litholog5,5,0,Overbank Mudstone,Channel Sandstone,2538.1,-2239.8,1193.8,False
1.0,litholog10,litholog6,5,5,Overbank Mudstone,Overbank Mudstone,2285.4,-2268.3,278.5,True
1.0,litholog10,litholog7,5,5,Overbank Mudstone,Overbank Mudstone,1729.6,-1693.9,-349.5,True
1.0,litholog10,litholog8,5,5,Overbank Mudstone,Overbank Mudstone,1028.1,-1006.7,-208.9,True
1.0,litholog10,litholog9,5,5,Overbank Mudstone,Overbank Mudstone,1229.4,332.1,1183.7,True
1.0,litholog11,litholog12,1,4,Planar Sandstone,Coal,2886.7,-1824.0,2237.4,False
1.0,litholog11,litholog2,1,0,Planar Sandstone,Channel Sandstone,5018.8,-4761.8,1585.7,False
1.0,litholog11,litholog3,1,0,Planar Sandstone,Channel Sandstone,4432.1,-4281.1,1147.1,False
1.0,litholog11,litholog4,1,5,Planar Sandstone,Overbank Mudstone,3830.2,-3825.6,186.9,False
1.0,litholog11,litholog5,1,0,Planar Sandstone,Channel Sandstone,3415.0,-3413.3,106.6,False
1.0,litholog11,litholog6,1,5,Planar Sandstone,Overbank Mudstone,3535.5,-3441.8,-808.7,False
1.0,litholog11,litholog7,1,5,Planar Sandstone,Overbank Mudstone,3207.2,-2867.4,-1436.7,False
1.0,litholog11,litholog8,1,5,Planar Sandstone,Overbank Mudstone,2536.3,-2180.2,-1296.1,False
1.0,litholog11,litholog9,1,5,Planar Sandstone,Overbank Mudstone,846.9,-841.4,96.5,False
1.0,litholog12,litholog2,4,0,Coal,Channel Sandstone,3009.2,-2937.8,-651.7,False
1.0,litholog12,litholog3,4,0,Coal,Channel Sandstone,2688.2,-2457.1,-1090.3,False
1.0,litholog12,litholog4,4,5,Coal,Overbank Mudstone,2865.4,-2001.6,-2050.4,False
1.0,litholog12,litholog5,4,0,Coal,Channel Sandstone,2658.3,-1589.4,-2130.8,False
1.0,litholog12,litholog6,4,5,Coal,Overbank Mudstone,3449.0,-1617.8,-3046.1,False
1.0,litholog12,litholog7,4,5,Coal,Overbank Mudstone,3819.3,-1043.5,-3674.0,False
1.0,litholog12,litholog8,4,5,Coal,Overbank Mudstone,3551.3,-356.2,-3533.4,False
1.0,litholog12,litholog9,4,5,Coal,Overbank Mudstone,2355.6,982.6,-2140.9,False
1.0,litholog2,litholog3,0,0,Channel Sandstone,Channel Sandstone,650.7,480.6,-438.6,True
1.0,litholog2,litholog4,0,5,Channel Sandstone,Overbank Mudstone,1683.1,936.2,-1398.7,False
1.0,litholog2,litholog5,0,0,Channel Sandstone,Channel Sandstone,2001.5,1348.4,-1479.1,True
1.0,litholog2,litholog6,0,5,Channel Sandstone,Overbank Mudstone,2734.1,1319.9,-2394.4,False
1.0,litholog2,litholog7,0,5,Channel Sandstone,Overbank Mudstone,3566.9,1894.3,-3022.4,False
1.0,litholog2,litholog8,0,5,Channel Sandstone,Overbank Mudstone,3869.0,2581.6,-2881.7,False
1.0,litholog2,litholog9,0,5,Channel Sandstone,Overbank Mudstone,4193.7,3920.3,-1489.2,False
1.0,litholog3,litholog4,0,5,Channel Sandstone,Overbank Mudstone,1062.7,455.5,-960.1,False
1.0,litholog3,litholog5,0,0,Channel Sandstone,Channel Sandstone,1354.9,867.8,-1040.5,True
1.0,litholog3,litholog6,0,5,Channel Sandstone,Overbank Mudstone,2128.2,839.3,-1955.8,False
1.0,litholog3,litholog7,0,5,Channel Sandstone,Overbank Mudstone,2945.2,1413.7,-2583.7,False
1.0,litholog3,litholog8,0,5,Channel Sandstone,Overbank Mudstone,3222.2,2100.9,-2443.1,False
1.0,litholog3,litholog9,0,5,Channel Sandstone,Overbank Mudstone,3596.6,3439.7,-1050.6,False
1.0,litholog4,litholog5,5,0,Overbank Mudstone,Channel Sandstone,420.0,412.3,-80.4,False
1.0,litholog4,litholog6,5,5,Overbank Mudstone,Overbank Mudstone,1067.0,383.8,-995.6,True
1.0,litholog4,litholog7,5,5,Overbank Mudstone,Overbank Mudstone,1885.3,958.2,-1623.6,True
1.0,litholog4,litholog8,5,5,Overbank Mudstone,Overbank Mudstone,2215.1,1645.4,-1483.0,True
1.0,litholog4,litholog9,5,5,Overbank Mudstone,Overbank Mudstone,2985.5,2984.2,-90.5,True
1.0,litholog5,litholog6,0,5,Channel Sandstone,Overbank Mudstone,915.7,-28.5,-915.2,False
1.0,litholog5,litholog7,0,5,Channel Sandstone,Overbank Mudstone,1636.9,545.9,-1543.2,False
1.0,litholog5,litholog8,0,5,Channel Sandstone,Overbank Mudstone,1867.6,1233.2,-1402.6,False
1.0,litholog5,litholog9,0,5,Channel Sandstone,Overbank Mudstone,2571.9,2571.9,-10.1,False
1.0,litholog6,litholog7,5,5,Overbank Mudstone,Overbank Mudstone,851.0,574.4,-628.0,True
1.0,litholog6,litholog8,5,5,Overbank Mudstone,Overbank Mudstone,1352.5,1261.6,-487.4,True
1.0,litholog6,litholog9,5,5,Overbank Mudstone,Overbank Mudstone,2753.4,2600.4,905.2,True
1.0,litholog7,litholog8,5,5,Overbank Mudstone,Overbank Mudstone,701.5,687.3,140.6,True
1.0,litholog7,litholog9,5,5,Overbank Mudstone,Overbank Mudstone,2540.7,2026.0,1533.2,True
1.0,litholog8,litholog9,5,5,Overbank Mudstone,Overbank Mudstone,1931.7,1338.8,1392.5,True
2.0,litholog10,litholog11,5,5,Overbank Mudstone,Overbank Mudstone,1599.7,1173.5,1087.2,True
2.0,litholog10,litholog12,5,4,Overbank Mudstone,Coal,3387.6,-650.5,3324.6,False
2.0,litholog10,litholog2,5,0,Overbank Mudstone,Channel Sandstone,4474.4,-3588.3,2672.9,False
2.0,litholog10,litholog3,5,0,Overbank Mudstone,Channel Sandstone,3827.4,-3107.6,2234.3,False
2.0,litholog10,litholog4,5,5,Overbank Mudstone,Overbank Mudstone,2942.3,-2652.1,1274.1,True
2.0,litholog10,litholog5,5,0,Overbank Mudstone,Channel Sandstone,2538.1,-2239.8,1193.8,False
2.0,litholog10,litholog6,5,5,Overbank Mudstone,Overbank Mudstone,2285.4,-2268.3,278.5,True
2.0,litholog10,litholog7,5,5,Overbank Mudstone,Overbank Mudstone,1729.6,-1693.9,-349.5,True
2.0,litholog10,litholog8,5,1,Overbank Mudstone,Planar Sandstone,1028.1,-1006.7,-208.9,False
2.0,litholog10,litholog9,5,5,Overbank Mudstone,Overbank Mudstone,1229.4,332.1,1183.7,True
2.0,litholog11,litholog12,5,4,Overbank Mudstone,Coal,2886.7,-1824.0,2237.4,False
2.0,litholog11,litholog2,5,0,Overbank Mudstone,Channel Sandstone,5018.8,-4761.8,1585.7,False
2.0,litholog11,litholog3,5,0,Overbank Mudstone,Channel Sandstone,4432.1,-4281.1,1147.1,False
2.0,litholog11,litholog4,5,5,Overbank Mudstone,Overbank Mudstone,3830.2,-3825.6,186.9,True
2.0,litholog11,litholog5,5,0,Overbank Mudstone,Channel Sandstone,3415.0,-3413.3,106.6,False
2.0,litholog11,litholog6,5,5,Overbank Mudstone,Overbank Mudstone,3535.5,-3441.8,-808.7,True
2.0,litholog11,litholog7,5,5,Overbank Mudstone,Overbank Mudstone,3207.2,-2867.4,-1436.7,True
2.0,litholog11,litholog8,5,1,Overbank Mudstone,Planar Sandstone,2536.3,-2180.2,-1296.1,False
2.0,litholog11,litholog9,5,5,Overbank Mudstone,Overbank Mudstone,846.9,-841.4,96.5,True
2.0,litholog12,litholog2,4,0,Coal,Channel Sandstone,3009.2,-2937.8,-651.7,False
2.0,litholog12,litholog3,4,0,Coal,Channel Sandstone,2688.2,-2457.1,-1090.3,False
2.0,litholog12,litholog4,4,5,Coal,Overbank Mudstone,2865.4,-2001.6,-2050.4,False
2.0,litholog12,litholog5,4,0,Coal,Channel Sandstone,2658.3,-1589.4,-2130.8,False
2.0,litholog12,litholog6,4,5,Coal,Overbank Mudstone,3449.0,-1617.8,-3046.1,False
2.0,litholog12,litholog7,4,5,Coal,Overbank Mudstone,3819.3,-1043.5,-3674.0,False
2.0,litholog12,litholog8,4,1,Coal,Planar Sandstone,3551.3,-356.2,-3533.4,False
2.0,litholog12,litholog9,4,5,Coal,Overbank Mudstone,2355.6,982.6,-2140.9,False
2.0,litholog2,litholog3,0,0,Channel Sandstone,Channel Sandstone,650.7,480.6,-438.6,True
2.0,litholog2,litholog4,0,5,Channel Sandstone,Overbank Mudstone,1683.1,936.2,-1398.7,False
2.0,litholog2,litholog5,0,0,Channel Sandstone,Channel Sandstone,2001.5,1348.4,-1479.1,True
2.0,litholog2,litholog6,0,5,Channel Sandstone,Overbank Mudstone,2734.1,1319.9,-2394.4,False
2.0,litholog2,litholog7,0,5,Channel Sandstone,Overbank Mudstone,3566.9,1894.3,-3022.4,False
2.0,litholog2,litholog8,0,1,Channel Sandstone,Planar Sandstone,3869.0,2581.6,-2881.7,False
2.0,litholog2,litholog9,0,5,Channel Sandstone,Overbank Mudstone,4193.7,3920.3,-1489.2,False
2.0,litholog3,litholog4,0,5,Channel Sandstone,Overbank Mudstone,1062.7,455.5,-960.1,False
2.0,litholog3,litholog5,0,0,Channel Sandstone,Channel Sandstone,1354.9,867.8,-1040.5,True
2.0,litholog3,litholog6,0,5,Channel Sandstone,Overbank Mudstone,2128.2,839.3,-1955.8,False
2.0,litholog3,litholog7,0,5,Channel Sandstone,Overbank Mudstone,2945.2,1413.7,-2583.7,False
2.0,litholog3,litholog8,0,1,Channel Sandstone,Planar Sandstone,3222.2,2100.9,-2443.1,False
2.0,litholog3,litholog9,0,5,Channel Sandstone,Overbank Mudstone,3596.6,3439.7,-1050.6,False
2.0,litholog4,litholog5,5,0,Overbank Mudstone,Channel Sandstone,420.0,412.3,-80.4,False
2.0,litholog4,litholog6,5,5,Overbank Mudstone,Overbank Mudstone,1067.0,383.8,-995.6,True
2.0,litholog4,litholog7,5,5,Overbank Mudstone,Overbank Mudstone,1885.3,958.2,-1623.6,True
2.0,litholog4,litholog8,5,1,Overbank Mudstone,Planar Sandstone,2215.1,1645.4,-1483.0,False
2.0,litholog4,litholog9,5,5,Overbank Mudstone,Overbank Mudstone,2985.5,2984.2,-90.5,True
2.0,litholog5,litholog6,0,5,Channel Sandstone,Overbank Mudstone,915.7,-28.5,-915.2,False
2.0,litholog5,litholog7,0,5,Channel Sandstone,Overbank Mudstone,1636.9,545.9,-1543.2,False
2.0,litholog5,litholog8,0,1,Channel Sandstone,Planar Sandstone,1867.6,1233.2,-1402.6,False
2.0,litholog5,litholog9,0,5,Channel Sandstone,Overbank Mudstone,2571.9,2571.9,-10.1,False
2.0,litholog6,litholog7,5,5,Overbank Mudstone,Overbank Mudstone,851.0,574.4,-628.0,True
2.0,litholog6,litholog8,5,1,Overbank Mudstone,Planar Sandstone,1352.5,1261.6,-487.4,False
2.0,litholog6,litholog9,5,5,Overbank Mudstone,Overbank Mudstone,2753.4,2600.4,905.2,True
2.0,litholog7,litholog8,5,1,Overbank Mudstone,Planar Sandstone,701.5,687.3,140.6,False
2.0,litholog7,litholog9,5,5,Overbank Mudstone,Overbank Mudstone,2540.7,2026.0,1533.2,True
2.0,litholog8,litholog9,1,5,Planar Sandstone,Overbank Mudstone,1931.7,1338.8,1392.5,False
3.0,litholog10,litholog11,5,5,Overbank Mudstone,Overbank Mudstone,1599.7,1173.5,1087.2,True
3.0,litholog10,litholog12,5,3,Overbank Mudstone,Carbonaceous Mudstone,3387.6,-650.5,3324.6,False
3.0,litholog10,litholog2,5,0,Overbank Mudstone,Channel Sandstone,4474.4,-3588.3,2672.9,False
3.0,litholog10,litholog3,5,0,Overbank Mudstone,Channel Sandstone,3827.4,-3107.6,2234.3,False
3.0,litholog10,litholog4,5,5,Overbank Mudstone,Overbank Mudstone,2942.3,-2652.1,1274.1,True
3.0,litholog10,litholog5,5,0,Overbank Mudstone,Channel Sandstone,2538.1,-2239.8,1193.8,False
3.0,litholog10,litholog6,5,5,Overbank Mudstone,Overbank Mudstone,2285.4,-2268.3,278.5,True
3.0,litholog10,litholog7,5,0,Overbank Mudstone,Channel Sandstone,1729.6,-1693.9,-349.5,False
3.0,litholog10,litholog8,5,5,Overbank Mudstone,Overbank Mudstone,1028.1,-1006.7,-208.9,True
3.0,litholog10,litholog9,5,0,Overbank Mudstone,Channel Sandstone,1229.4,332.1,1183.7,False
3.0,litholog11,litholog12,5,3,Overbank Mudstone,Carbonaceous Mudstone,2886.7,-1824.0,2237.4,False
3.0,litholog11,litholog2,5,0,Overbank Mudstone,Channel Sandstone,5018.8,-4761.8,1585.7,False
3.0,litholog11,litholog3,5,0,Overbank Mudstone,Channel Sandstone,4432.1,-4281.1,1147.1,False
3.0,litholog11,litholog4,5,5,Overbank Mudstone,Overbank Mudstone,3830.2,-3825.6,186.9,True
3.0,litholog11,litholog5,5,0,Overbank Mudstone,Channel Sandstone,3415.0,-3413.3,106.6,False
3.0,litholog11,litholog6,5,5,Overbank Mudstone,Overbank Mudstone,3535.5,-3441.8,-808.7,True
3.0,litholog11,litholog7,5,0,Overbank Mudstone,Channel Sandstone,3207.2,-2867.4,-1436.7,False
3.0,litholog11,litholog8,5,5,Overbank Mudstone,Overbank Mudstone,2536.3,-2180.2,-1296.1,True
3.0,litholog11,litholog9,5,0,Overbank Mudstone,Channel Sandstone,846.9,-841.4,96.5,False
3.0,litholog12,litholog2,3,0,Carbonaceous Mudstone,Channel Sandstone,3009.2,-2937.8,-651.7,False
3.0,litholog12,litholog3,3,0,Carbonaceous Mudstone,Channel Sandstone,2688.2,-2457.1,-1090.3,False
3.0,litholog12,litholog4,3,5,Carbonaceous Mudstone,Overbank Mudstone,2865.4,-2001.6,-2050.4,False
3.0,litholog12,litholog5,3,0,Carbonaceous Mudstone,Channel Sandstone,2658.3,-1589.4,-2130.8,False
3.0,litholog12,litholog6,3,5,Carbonaceous Mudstone,Overbank Mudstone,3449.0,-1617.8,-3046.1,False
3.0,litholog12,litholog7,3,0,Carbonaceous Mudstone,Channel Sandstone,3819.3,-1043.5,-3674.0,False
3.0,litholog12,litholog8,3,5,Carbonaceous Mudstone,Overbank Mudstone,3551.3,-356.2,-3533.4,False
3.0,litholog12,litholog9,3,0,Carbonaceous Mudstone,Channel Sandstone,2355.6,982.6,-2140.9,False
3.0,litholog2,litholog3,0,0,Channel Sandstone,Channel Sandstone,650.7,480.6,-438.6,True
3.0,litholog2,litholog4,0,5,Channel Sandstone,Overbank Mudstone,1683.1,936.2,-1398.7,False
3.0,litholog2,litholog5,0,0,Channel Sandstone,Channel Sandstone,2001.5,1348.4,-1479.1,True
3.0,litholog2,litholog6,0,5,Channel Sandstone,Overbank Mudstone,2734.1,1319.9,-2394.4,False
3.0,litholog2,litholog7,0,0,Channel Sandstone,Channel Sandstone,3566.9,1894.3,-3022.4,True
3.0,litholog2,litholog8,0,5,Channel Sandstone,Overbank Mudstone,3869.0,2581.6,-2881.7,False
3.0,litholog2,litholog9,0,0,Channel Sandstone,Channel Sandstone,4193.7,3920.3,-1489.2,True
3.0,litholog3,litholog4,0,5,Channel Sandstone,Overbank Mudstone,1062.7,455.5,-960.1,False
3.0,litholog3,litholog5,0,0,Channel Sandstone,Channel Sandstone,1354.9,867.8,-1040.5,True
3.0,litholog3,litholog6,0,5,Channel Sandstone,Overbank Mudstone,2128.2,839.3,-1955.8,False
3.0,litholog3,litholog7,0,0,Channel Sandstone,Channel Sandstone,2945.2,1413.7,-2583.7,True
3.0,litholog3,litholog8,0,5,Channel Sandstone,Overbank Mudstone,3222.2,2100.9,-2443.1,False
3.0,litholog3,litholog9,0,0,Channel Sandstone,Channel Sandstone,3596.6,3439.7,-1050.6,True
3.0,litholog4,litholog5,5,0,Overbank Mudstone,Channel Sandstone,420.0,412.3,-80.4,False
3.0,litholog4,litholog6,5,5,Overbank Mudstone,Overbank Mudstone,1067.0,383.8,-995.6,True
3.0,litholog4,litholog7,5,0,Overbank Mudstone,Channel Sandstone,1885.3,958.2,-1623.6,False
3.0,litholog4,litholog8,5,5,Overbank Mudstone,Overbank Mudstone,2215.1,1645.4,-1483.0,True
3.0,litholog4,litholog9,5,0,Overbank Mudstone,Channel Sandstone,2985.5,2984.2,-90.5,False
3.0,litholog5,litholog6,0,5,Channel Sandstone,Overbank Mudstone,915.7,-28.5,-915.2,False
3.0,litholog5,litholog7,0,0,Channel Sandstone,Channel Sandstone,1636.9,545.9,-1543.2,True
3.0,litholog5,litholog8,0,5,Channel Sandstone,Overbank Mudstone,1867.6,1233.2,-1402.6,False
3.0,litholog5,litholog9,0,0,Channel Sandstone,Channel Sandstone,2571.9,2571.9,-10.1,True
3.0,litholog6,litholog7,5,0,Overbank Mudstone,Channel Sandstone,851.0,574.4,-628.0,False
3.0,litholog6,litholog8,5,5,Overbank Mudstone,Overbank Mudstone,1352.5,1261.6,-487.4,True
3.0,litholog6,litholog9,5,0,Overbank Mudstone,Channel Sandstone,2753.4,2600.4,905.2,False
3.0,litholog7,litholog8,0,5,Channel Sandstone,Overbank Mudstone,701.5,687.3,140.6,False
3.0,litholog7,litholog9,0,0,Channel Sandstone,Channel Sandstone,2540.7,2026.0,1533.2,True
3.0,litholog8,litholog9,5,0,Overbank Mudstone,Channel Sandstone,1931.7,1338.8,1392.5,False
4.0,litholog10,litholog11,5,5,Overbank Mudstone,Overbank Mudstone,1599.7,1173.5,1087.2,True
4.0,litholog10,litholog12,5,5,Overbank Mudstone,Overbank Mudstone,3387.6,-650.5,3324.6,True
4.0,litholog10,litholog2,5,0,Overbank Mudstone,Channel Sandstone,4474.4,-3588.3,2672.9,False
4.0,litholog10,litholog3,5,0,Overbank Mudstone,Channel Sandstone,3827.4,-3107.6,2234.3,False
4.0,litholog10,litholog4,5,5,Overbank Mudstone,Overbank Mudstone,2942.3,-2652.1,1274.1,True
4.0,litholog10,litholog5,5,0,Overbank Mudstone,Channel Sandstone,2538.1,-2239.8,1193.8,False
4.0,litholog10,litholog6,5,0,Overbank Mudstone,Channel Sandstone,2285.4,-2268.3,278.5,False
4.0,litholog10,litholog7,5,0,Overbank Mudstone,Channel Sandstone,1729.6,-1693.9,-349.5,False
4.0,litholog10,litholog8,5,5,Overbank Mudstone,Overbank Mudstone,1028.1,-1006.7,-208.9,True
4.0,litholog10,litholog9,5,0,Overbank Mudstone,Channel Sandstone,1229.4,332.1,1183.7,False
4.0,litholog11,litholog12,5,5,Overbank Mudstone,Overbank Mudstone,2886.7,-1824.0,2237.4,True
4.0,litholog11,litholog2,5,0,Overbank Mudstone,Channel Sandstone,5018.8,-4761.8,1585.7,False
4.0,litholog11,litholog3,5,0,Overbank Mudstone,Channel Sandstone,4432.1,-4281.1,1147.1,False
4.0,litholog11,litholog4,5,5,Overbank Mudstone,Overbank Mudstone,3830.2,-3825.6,186.9,True
4.0,litholog11,litholog5,5,0,Overbank Mudstone,Channel Sandstone,3415.0,-3413.3,106.6,False
4.0,litholog11,litholog6,5,0,Overbank Mudstone,Channel Sandstone,3535.5,-3441.8,-808.7,False
4.0,litholog11,litholog7,5,0,Overbank Mudstone,Channel Sandstone,3207.2,-2867.4,-1436.7,False
4.0,litholog11,litholog8,5,5,Overbank Mudstone,Overbank Mudstone,2536.3,-2180.2,-1296.1,True
4.0,litholog11,litholog9,5,0,Overbank Mudstone,Channel Sandstone,846.9,-841.4,96.5,False
4.0,litholog12,litholog2,5,0,Overbank Mudstone,Channel Sandstone,3009.2,-2937.8,-651.7,False
4.0,litholog12,litholog3,5,0,Overbank Mudstone,Channel Sandstone,2688.2,-2457.1,-1090.3,False
4.0,litholog12,litholog4,5,5,Overbank Mudstone,Overbank Mudstone,2865.4,-2001.6,-2050.4,True
4.0,litholog12,litholog5,5,0,Overbank Mudstone,Channel Sandstone,2658.3,-1589.4,-2130.8,False
4.0,litholog12,litholog6,5,0,Overbank Mudstone,Channel Sandstone,3449.0,-1617.8,-3046.1,False
4.0,litholog12,litholog7,5,0,Overbank Mudstone,Channel Sandstone,3819.3,-1043.5,-3674.0,False
4.0,litholog12,litholog8,5,5,Overbank Mudstone,Overbank Mudstone,3551.3,-356.2,-3533.4,True
4.0,litholog12,litholog9,5,0,Overbank Mudstone,Channel Sandstone,2355.6,982.6,-2140.9,False
4.0,litholog2,litholog3,0,0,Channel Sandstone,Channel Sandstone,650.7,480.6,-438.6,True
4.0,litholog2,litholog4,0,5,Channel Sandstone,Overbank Mudstone,1683.1,936.2,-1398.7,False
4.0,litholog2,litholog5,0,0,Channel Sandstone,Channel Sandstone,2001.5,1348.4,-1479.1,True
4.0,litholog2,litholog6,0,0,Channel Sandstone,Channel Sandstone,2734.1,1319.9,-2394.4,True
4.0,litholog2,litholog7,0,0,Channel Sandstone,Channel Sandstone,3566.9,1894.3,-3022.4,True
4.0,litholog2,litholog8,0,5,Channel Sandstone,Overbank Mudstone,3869.0,2581.6,-2881.7,False
4.0,litholog2,litholog9,0,0,Channel Sandstone,Channel Sandstone,4193.7,3920.3,-1489.2,True
4.0,litholog3,litholog4,0,5,Channel Sandstone,Overbank Mudstone,1062.7,455.5,-960.1,False
4.0,litholog3,litholog5,0,0,Channel Sandstone,Channel Sandstone,1354.9,867.8,-1040.5,True
4.0,litholog3,litholog6,0,0,Channel Sandstone,Channel Sandstone,2128.2,839.3,-1955.8,True
4.0,litholog3,litholog7,0,0,Channel Sandstone,Channel Sandstone,2945.2,1413.7,-2583.7,True
4.0,litholog3,litholog8,0,5,Channel Sandstone,Overbank Mudstone,3222.2,2100.9,-2443.1,False
4.0,litholog3,litholog9,0,0,Channel Sandstone,Channel Sandstone,3596.6,3439.7,-1050.6,True
4.0,litholog4,litholog5,5,0,Overbank Mudstone,Channel Sandstone,420.0,412.3,-80.4,False
4.0,litholog4,litholog6,5,0,Overbank Mudstone,Channel Sandstone,1067.0,383.8,-995.6,False
4.0,litholog4,litholog7,5,0,Overbank Mudstone,Channel Sandstone,1885.3,958.2,-1623.6,False
4.0,litholog4,litholog8,5,5,Overbank Mudstone,Overbank Mudstone,2215.1,1645.4,-1483.0,True
4.0,litholog4,litholog9,5,0,Overbank Mudstone,Channel Sandstone,2985.5,2984.2,-90.5,False
4.0,litholog5,litholog6,0,0,Channel Sandstone,Channel Sandstone,915.7,-28.5,-915.2,True
4.0,litholog5,litholog7,0,0,Channel Sandstone,Channel Sandstone,1636.9,545.9,-1543.2,True
4.0,litholog5,litholog8,0,5,Channel Sandstone,Overbank Mudstone,1867.6,1233.2,-1402.6,False
4.0,litholog5,litholog9,0,0,Channel Sandstone,Channel Sandstone,2571.9,2571.9,-10.1,True
4.0,litholog6,litholog7,0,0,Channel Sandstone,Channel Sandstone,851.0,574.4,-628.0,True
4.0,litholog6,litholog8,0,5,Channel Sandstone,Overbank Mudstone,1352.5,1261.6,-487.4,False
4.0,litholog6,litholog9,0,0,Channel Sandstone,Channel Sandstone,2753.4,2600.4,905.2,True
4.0,litholog7,litholog8,0,5,Channel Sandstone,Overbank Mudstone,701.5,687.3,140.6,False
4.0,litholog7,litholog9,0,0,Channel Sandstone,Channel Sandstone,2540.7,2026.0,1533.2,True
4.0,litholog8,litholog9,5,0,Overbank Mudstone,Channel Sandstone,1931.7,1338.8,1392.5,False
5.0,litholog10,litholog11,1,5,Planar Sandstone,Overbank Mudstone,1599.7,1173.5,1087.2,False
5.0,litholog10,litholog12,1,5,Planar Sandstone,Overbank Mudstone,3387.6,-650.5,3324.6,False
5.0,litholog10,litholog2,1,0,Planar Sandstone,Channel Sandstone,4474.4,-3588.3,2672.9,False
5.0,litholog10,litholog3,1,0,Planar Sandstone,Channel Sandstone,3827.4,-3107.6,2234.3,False
5.0,litholog10,litholog4,1,5,Planar Sandstone,Overbank Mudstone,2942.3,-2652.1,1274.1,False
5.0,litholog10,litholog5,1,0,Planar Sandstone,Channel Sandstone,2538.1,-2239.8,1193.8,False
5.0,litholog10,litholog6,1,0,Planar Sandstone,Channel Sandstone,2285.4,-2268.3,278.5,False
5.0,litholog10,litholog7,1,0,Planar Sandstone,Channel Sandstone,1729.6,-1693.9,-349.5,False
5.0,litholog10,litholog8,1,5,Planar Sandstone,Overbank Mudstone,1028.1,-1006.7,-208.9,False
5.0,litholog10,litholog9,1,0,Planar Sandstone,Channel Sandstone,1229.4,332.1,1183.7,False
5.0,litholog11,litholog12,5,5,Overbank Mudstone,Overbank Mudstone,2886.7,-1824.0,2237.4,True
5.0,litholog11,litholog2,5,0,Overbank Mudstone,Channel Sandstone,5018.8,-4761.8,1585.7,False
5.0,litholog11,litholog3,5,0,Overbank Mudstone,Channel Sandstone,4432.1,-4281.1,1147.1,False
5.0,litholog11,litholog4,5,5,Overbank Mudstone,Overbank Mudstone,3830.2,-3825.6,186.9,True
5.0,litholog11,litholog5,5,0,Overbank Mudstone,Channel Sandstone,3415.0,-3413.3,106.6,False
5.0,litholog11,litholog6,5,0,Overbank Mudstone,Channel Sandstone,3535.5,-3441.8,-808.7,False
5.0,litholog11,litholog7,5,0,Overbank Mudstone,Channel Sandstone,3207.2,-2867.4,-1436.7,False
5.0,litholog11,litholog8,5,5,Overbank Mudstone,Overbank Mudstone,2536.3,-2180.2,-1296.1,True
5.0,litholog11,litholog9,5,0,Overbank Mudstone,Channel Sandstone,846.9,-841.4,96.5,False
5.0,litholog12,litholog2,5,0,Overbank Mudstone,Channel Sandstone,3009.2,-2937.8,-651.7,False
5.0,litholog12,litholog3,5,0,Overbank Mudstone,Channel Sandstone,2688.2,-2457.1,-1090.3,False
5.0,litholog12,litholog4,5,5,Overbank Mudstone,Overbank Mudstone,2865.4,-2001.6,-2050.4,True
5.0,litholog12,litholog5,5,0,Overbank Mudstone,Channel Sandstone,2658.3,-1589.4,-2130.8,False
5.0,litholog12,litholog6,5,0,Overbank Mudstone,Channel Sandstone,3449.0,-1617.8,-3046.1,False
5.0,litholog12,litholog7,5,0,Overbank Mudstone,Channel Sandstone,3819.3,-1043.5,-3674.0,False
5.0,litholog12,litholog8,5,5,Overbank Mudstone,Overbank Mudstone,3551.3,-356.2,-3533.4,True
5.0,litholog12,litholog9,5,0,Overbank Mudstone,Channel Sandstone,2355.6,982.6,-2140.9,False
5.0,litholog2,litholog3,0,0,Channel Sandstone,Channel Sandstone,650.7,480.6,-438.6,True
5.0,litholog2,litholog4,0,5,Channel Sandstone,Overbank Mudstone,1683.1,936.2,-1398.7,False
5.0,litholog2,litholog5,0,0,Channel Sandstone,Channel Sandstone,2001.5,1348.4,-1479.1,True
5.0,litholog2,litholog6,0,0,Channel Sandstone,Channel Sandstone,2734.1,1319.9,-2394.4,True
5.0,litholog2,litholog7,0,0,Channel Sandstone,Channel Sandstone,3566.9,1894.3,-3022.4,True
5.0,litholog2,litholog8,0,5,Channel Sandstone,Overbank Mudstone,3869.0,2581.6,-2881.7,False
5.0,litholog2,litholog9,0,0,Channel Sandstone,Channel Sandstone,4193.7,3920.3,-1489.2,True
5.0,litholog3,litholog4,0,5,Channel Sandstone,Overbank Mudstone,1062.7,455.5,-960.1,False
5.0,litholog3,litholog5,0,0,Channel Sandstone,Channel Sandstone,1354.9,867.8,-1040.5,True
5.0,litholog3,litholog6,0,0,Channel Sandstone,Channel Sandstone,2128.2,839.3,-1955.8,True
5.0,litholog3,litholog7,0,0,Channel Sandstone,Channel Sandstone,2945.2,1413.7,-2583.7,True
5.0,litholog3,litholog8,0,5,Channel Sandstone,Overbank Mudstone,3222.2,2100.9,-2443.1,False
5.0,litholog3,litholog9,0,0,Channel Sandstone,Channel Sandstone,3596.6,3439.7,-1050.6,True
5.0,litholog4,litholog5,5,0,Overbank Mudstone,Channel Sandstone,420.0,412.3,-80.4,False
5.0,litholog4,litholog6,5,0,Overbank Mudstone,Channel Sandstone,1067.0,383.8,-995.6,False
5.0,litholog4,litholog7,5,0,Overbank Mudstone,Channel Sandstone,1885.3,958.2,-1623.6,False
5.0,litholog4,litholog8,5,5,Overbank Mudstone,Overbank Mudstone,2215.1,1645.4,-1483.0,True
5.0,litholog4,litholog9,5,0,Overbank Mudstone,Channel Sandstone,2985.5,2984.2,-90.5,False
5.0,litholog5,litholog6,0,0,Channel Sandstone,Channel Sandstone,915.7,-28.5,-915.2,True
5.0,litholog5,litholog7,0,0,Channel Sandstone,Channel Sandstone,1636.9,545.9,-1543.2,True
5.0,litholog5,litholog8,0,5,Channel Sandstone,Overbank Mudstone,1867.6,1233.2,-1402.6,False
5.0,litholog5,litholog9,0,0,Channel Sandstone,Channel Sandstone,2571.9,2571.9,-10.1,True
5.0,litholog6,litholog7,0,0,Channel Sandstone,Channel Sandstone,851.0,574.4,-628.0,True
5.0,litholog6,litholog8,0,5,Channel Sandstone,Overbank Mudstone,1352.5,1261.6,-487.4,False
5.0,litholog6,litholog9,0,0,Channel Sandstone,Channel Sandstone,2753.4,2600.4,905.2,True
5.0,litholog7,litholog8,0,5,Channel Sandstone,Overbank Mudstone,701.5,687.3,140.6,False
5.0,litholog7,litholog9,0,0,Channel Sandstone,Channel Sandstone,2540.7,2026.0,1533.2,True
5.0,litholog8,litholog9,5,0,Overbank Mudstone,Channel Sandstone,1931.7,1338.8,1392.5,False
6.0,litholog10,litholog11,5,2,Overbank Mudstone,Rippled Heterolithics,1599.7,1173.5,1087.2,False
6.0,litholog10,litholog12,5,5,Overbank Mudstone,Overbank Mudstone,3387.6,-650.5,3324.6,True
6.0,litholog10,litholog2,5,0,Overbank Mudstone,Channel Sandstone,4474.4,-3588.3,2672.9,False
6.0,litholog10,litholog3,5,0,Overbank Mudstone,Channel Sandstone,3827.4,-3107.6,2234.3,False
6.0,litholog10,litholog4,5,5,Overbank Mudstone,Overbank Mudstone,2942.3,-2652.1,1274.1,True
6.0,litholog10,litholog5,5,0,Overbank Mudstone,Channel Sandstone,2538.1,-2239.8,1193.8,False
6.0,litholog10,litholog6,5,0,Overbank Mudstone,Channel Sandstone,2285.4,-2268.3,278.5,False
6.0,litholog10,litholog7,5,5,Overbank Mudstone,Overbank Mudstone,1729.6,-1693.9,-349.5,True
6.0,litholog10,litholog8,5,5,Overbank Mudstone,Overbank Mudstone,1028.1,-1006.7,-208.9,True
6.0,litholog10,litholog9,5,0,Overbank Mudstone,Channel Sandstone,1229.4,332.1,1183.7,False
6.0,litholog11,litholog12,2,5,Rippled Heterolithics,Overbank Mudstone,2886.7,-1824.0,2237.4,False
6.0,litholog11,litholog2,2,0,Rippled Heterolithics,Channel Sandstone,5018.8,-4761.8,1585.7,False
6.0,litholog11,litholog3,2,0,Rippled Heterolithics,Channel Sandstone,4432.1,-4281.1,1147.1,False
6.0,litholog11,litholog4,2,5,Rippled Heterolithics,Overbank Mudstone,3830.2,-3825.6,186.9,False
6.0,litholog11,litholog5,2,0,Rippled Heterolithics,Channel Sandstone,3415.0,-3413.3,106.6,False
6.0,litholog11,litholog6,2,0,Rippled Heterolithics,Channel Sandstone,3535.5,-3441.8,-808.7,False
6.0,litholog11,litholog7,2,5,Rippled Heterolithics,Overbank Mudstone,3207.2,-2867.4,-1436.7,False
6.0,litholog11,litholog8,2,5,Rippled Heterolithics,Overbank Mudstone,2536.3,-2180.2,-1296.1,False
6.0,litholog11,litholog9,2,0,Rippled Heterolithics,Channel Sandstone,846.9,-841.4,96.5,False
6.0,litholog12,litholog2,5,0,Overbank Mudstone,Channel Sandstone,3009.2,-2937.8,-651.7,False
6.0,litholog12,litholog3,5,0,Overbank Mudstone,Channel Sandstone,2688.2,-2457.1,-1090.3,False
6.0,litholog12,litholog4,5,5,Overbank Mudstone,Overbank Mudstone,2865.4,-2001.6,-2050.4,True
6.0,litholog12,litholog5,5,0,Overbank Mudstone,Channel Sandstone,2658.3,-1589.4,-2130.8,False
6.0,litholog12,litholog6,5,0,Overbank Mudstone,Channel Sandstone,3449.0,-1617.8,-3046.1,False
6.0,litholog12,litholog7,5,5,Overbank Mudstone,Overbank Mudstone,3819.3,-1043.5,-3674.0,True
6.0,litholog12,litholog8,5,5,Overbank Mudstone,Overbank Mudstone,3551.3,-356.2,-3533.4,True
6.0,litholog12,litholog9,5,0,Overbank Mudstone,Channel Sandstone,2355.6,982.6,-2140.9,False
6.0,litholog2,litholog3,0,0,Channel Sandstone,Channel Sandstone,650.7,480.6,-438.6,True
6.0,litholog2,litholog4,0,5,Channel Sandstone,Overbank Mudstone,1683.1,936.2,-1398.7,False
6.0,litholog2,litholog5,0,0,Channel Sandstone,Channel Sandstone,2001.5,1348.4,-1479.1,True
6.0,litholog2,litholog6,0,0,Channel Sandstone,Channel Sandstone,2734.1,1319.9,-2394.4,True
6.0,litholog2,litholog7,0,5,Channel Sandstone,Overbank Mudstone,3566.9,1894.3,-3022.4,False
6.0,litholog2,litholog8,0,5,Channel Sandstone,Overbank Mudstone,3869.0,2581.6,-2881.7,False
6.0,litholog2,litholog9,0,0,Channel Sandstone,Channel Sandstone,4193.7,3920.3,-1489.2,True
6.0,litholog3,litholog4,0,5,Channel Sandstone,Overbank Mudstone,1062.7,455.5,-960.1,False
6.0,litholog3,litholog5,0,0,Channel Sandstone,Channel Sandstone,1354.9,867.8,-1040.5,True
6.0,litholog3,litholog6,0,0,Channel Sandstone,Channel Sandstone,2128.2,839.3,-1955.8,True
6.0,litholog3,litholog7,0,5,Channel Sandstone,Overbank Mudstone,2945.2,1413.7,-2583.7,False
6.0,litholog3,litholog8,0,5,Channel Sandstone,Overbank Mudstone,3222.2,2100.9,-2443.1,False
6.0,litholog3,litholog9,0,0,Channel Sandstone,Channel Sandstone,3596.6,3439.7,-1050.6,True
6.0,litholog4,litholog5,5,0,Overbank Mudstone,Channel Sandstone,420.0,412.3,-80.4,False
6.0,litholog4,litholog6,5,0,Overbank Mudstone,Channel Sandstone,1067.0,383.8,-995.6,False
6.0,litholog4,litholog7,5,5,Overbank Mudstone,Overbank Mudstone,1885.3,958.2,-1623.6,True
6.0,litholog4,litholog8,5,5,Overbank Mudstone,Overbank Mudstone,2215.1,1645.4,-1483.0,True
6.0,litholog4,litholog9,5,0,Overbank Mudstone,Channel Sandstone,2985.5,2984.2,-90.5,False
6.0,litholog5,litholog6,0,0,Channel Sandstone,Channel Sandstone,915.7,-28.5,-915.2,True
6.0,litholog5,litholog7,0,5,Channel Sandstone,Overbank Mudstone,1636.9,545.9,-1543.2,False
6.0,litholog5,litholog8,0,5,Channel Sandstone,Overbank Mudstone,1867.6,1233.2,-1402.6,False
6.0,litholog5,litholog9,0,0,Channel Sandstone,Channel Sandstone,2571.9,2571.9,-10.1,True
6.0,litholog6,litholog7,0,5,Channel Sandstone,Overbank Mudstone,851.0,574.4,-628.0,False
6.0,litholog6,litholog8,0,5,Channel Sandstone,Overbank Mudstone,1352.5,1261.6,-487.4,False
6.0,litholog6,litholog9,0,0,Channel Sandstone,Channel Sandstone,2753.4,2600.4,905.2,True
6.0,litholog7,litholog8,5,5,Overbank Mudstone,Overbank Mudstone,701.5,687.3,140.6,True
6.0,litholog7,litholog9,5,0,Overbank Mudstone,Channel Sandstone,2540.7,2026.0,1533.2,False
6.0,litholog8,litholog9,5,0,Overbank Mudstone,Channel Sandstone,1931.7,1338.8,1392.5,False
7.0,litholog10,litholog11,5,2,Overbank Mudstone,Rippled Heterolithics,1599.7,1173.5,1087.2,False
7.0,litholog10,litholog12,5,0,Overbank Mudstone,Channel Sandstone,3387.6,-650.5,3324.6,False
7.0,litholog10,litholog2,5,0,Overbank Mudstone,Channel Sandstone,4474.4,-3588.3,2672.9,False
7.0,litholog10,litholog3,5,0,Overbank Mudstone,Channel Sandstone,3827.4,-3107.6,2234.3,False
7.0,litholog10,litholog4,5,1,Overbank Mudstone,Planar Sandstone,2942.3,-2652.1,1274.1,False
7.0,litholog10,litholog5,5,0,Overbank Mudstone,Channel Sandstone,2538.1,-2239.8,1193.8,False
7.0,litholog10,litholog6,5,0,Overbank Mudstone,Channel Sandstone,2285.4,-2268.3,278.5,False
7.0,litholog10,litholog7,5,5,Overbank Mudstone,Overbank Mudstone,1729.6,-1693.9,-349.5,True
7.0,litholog10,litholog8,5,5,Overbank Mudstone,Overbank Mudstone,1028.1,-1006.7,-208.9,True
7.0,litholog10,litholog9,5,0,Overbank Mudstone,Channel Sandstone,1229.4,332.1,1183.7,False
7.0,litholog11,litholog12,2,0,Rippled Heterolithics,Channel Sandstone,2886.7,-1824.0,2237.4,False
7.0,litholog11,litholog2,2,0,Rippled Heterolithics,Channel Sandstone,5018.8,-4761.8,1585.7,False
7.0,litholog11,litholog3,2,0,Rippled Heterolithics,Channel Sandstone,4432.1,-4281.1,1147.1,False
7.0,litholog11,litholog4,2,1,Rippled Heterolithics,Planar Sandstone,3830.2,-3825.6,186.9,False
7.0,litholog11,litholog5,2,0,Rippled Heterolithics,Channel Sandstone,3415.0,-3413.3,106.6,False
7.0,litholog11,litholog6,2,0,Rippled Heterolithics,Channel Sandstone,3535.5,-3441.8,-808.7,False
7.0,litholog11,litholog7,2,5,Rippled Heterolithics,Overbank Mudstone,3207.2,-2867.4,-1436.7,False
7.0,litholog11,litholog8,2,5,Rippled Heterolithics,Overbank Mudstone,2536.3,-2180.2,-1296.1,False
7.0,litholog11,litholog9,2,0,Rippled Heterolithics,Channel Sandstone,846.9,-841.4,96.5,False
7.0,litholog12,litholog2,0,0,Channel Sandstone,Channel Sandstone,3009.2,-2937.8,-651.7,True
7.0,litholog12,litholog3,0,0,Channel Sandstone,Channel Sandstone,2688.2,-2457.1,-1090.3,True
7.0,litholog12,litholog4,0,1,Channel Sandstone,Planar Sandstone,2865.4,-2001.6,-2050.4,False
7.0,litholog12,litholog5,0,0,Channel Sandstone,Channel Sandstone,2658.3,-1589.4,-2130.8,True
7.0,litholog12,litholog6,0,0,Channel Sandstone,Channel Sandstone,3449.0,-1617.8,-3046.1,True
7.0,litholog12,litholog7,0,5,Channel Sandstone,Overbank Mudstone,3819.3,-1043.5,-3674.0,False
7.0,litholog12,litholog8,0,5,Channel Sandstone,Overbank Mudstone,3551.3,-356.2,-3533.4,False
7.0,litholog12,litholog9,0,0,Channel Sandstone,Channel Sandstone,2355.6,982.6,-2140.9,True
7.0,litholog2,litholog3,0,0,Channel Sandstone,Channel Sandstone,650.7,480.6,-438.6,True
7.0,litholog2,litholog4,0,1,Channel Sandstone,Planar Sandstone,1683.1,936.2,-1398.7,False
7.0,litholog2,litholog5,0,0,Channel Sandstone,Channel Sandstone,2001.5,1348.4,-1479.1,True
7.0,litholog2,litholog6,0,0,Channel Sandstone,Channel Sandstone,2734.1,1319.9,-2394.4,True
7.0,litholog2,litholog7,0,5,Channel Sandstone,Overbank Mudstone,3566.9,1894.3,-3022.4,False
7.0,litholog2,litholog8,0,5,Channel Sandstone,Overbank Mudstone,3869.0,2581.6,-2881.7,False
7.0,litholog2,litholog9,0,0,Channel Sandstone,Channel Sandstone,4193.7,3920.3,-1489.2,True
7.0,litholog3,litholog4,0,1,Channel Sandstone,Planar Sandstone,1062.7,455.5,-960.1,False
7.0,litholog3,litholog5,0,0,Channel Sandstone,Channel Sandstone,1354.9,867.8,-1040.5,True
7.0,litholog3,litholog6,0,0,Channel Sandstone,Channel Sandstone,2128.2,839.3,-1955.8,True
7.0,litholog3,litholog7,0,5,Channel Sandstone,Overbank Mudstone,2945.2,1413.7,-2583.7,False
7.0,litholog3,litholog8,0,5,Channel Sandstone,Overbank Mudstone,3222.2,2100.9,-2443.1,False
7.0,litholog3,litholog9,0,0,Channel Sandstone,Channel Sandstone,3596.6,3439.7,-1050.6,True
7.0,litholog4,litholog5,1,0,Planar Sandstone,Channel Sandstone,420.0,412.3,-80.4,False
7.0,litholog4,litholog6,1,0,Planar Sandstone,Channel Sandstone,1067.0,383.8,-995.6,False
7.0,litholog4,litholog7,1,5,Planar Sandstone,Overbank Mudstone,1885.3,958.2,-1623.6,False
7.0,litholog4,litholog8,1,5,Planar Sandstone,Overbank Mudstone,2215.1,1645.4,-1483.0,False
7.0,litholog4,litholog9,1,0,Planar Sandstone,Channel Sandstone,2985.5,2984.2,-90.5,False
7.0,litholog5,litholog6,0,0,Channel Sandstone,Channel Sandstone,915.7,-28.5,-915.2,True
7.0,litholog5,litholog7,0,5,Channel Sandstone,Overbank Mudstone,1636.9,545.9,-1543.2,False
7.0,litholog5,litholog8,0,5,Channel Sandstone,Overbank Mudstone,1867.6,1233.2,-1402.6,False
7.0,litholog5,litholog9,0,0,Channel Sandstone,Channel Sandstone,2571.9,2571.9,-10.1,True
7.0,litholog6,litholog7,0,5,Channel Sandstone,Overbank Mudstone,851.0,574.4,-628.0,False
7.0,litholog6,litholog8,0,5,Channel Sandstone,Overbank Mudstone,1352.5,1261.6,-487.4,False
7.0,litholog6,litholog9,0,0,Channel Sandstone,Channel Sandstone,2753.4,2600.4,905.2,True
7.0,litholog7,litholog8,5,5,Overbank Mudstone,Overbank Mudstone,701.5,687.3,140.6,True
7.0,litholog7,litholog9,5,0,Overbank Mudstone,Channel Sandstone,2540.7,2026.0,1533.2,False
7.0,litholog8,litholog9,5,0,Overbank Mudstone,Channel Sandstone,1931.7,1338.8,1392.5,False
8.0,litholog10,litholog11,5,2,Overbank Mudstone,Rippled Heterolithics,1599.7,1173.5,1087.2,False
8.0,litholog10,litholog12,5,0,Overbank Mudstone,Channel Sandstone,3387.6,-650.5,3324.6,False
8.0,litholog10,litholog2,5,0,Overbank Mudstone,Channel Sandstone,4474.4,-3588.3,2672.9,False
8.0,litholog10,litholog3,5,0,Overbank Mudstone,Channel Sandstone,3827.4,-3107.6,2234.3,False
8.0,litholog10,litholog4,5,5,Overbank Mudstone,Overbank Mudstone,2942.3,-2652.1,1274.1,True
8.0,litholog10,litholog5,5,0,Overbank Mudstone,Channel Sandstone,2538.1,-2239.8,1193.8,False
8.0,litholog10,litholog6,5,0,Overbank Mudstone,Channel Sandstone,2285.4,-2268.3,278.5,False
8.0,litholog10,litholog7,5,5,Overbank Mudstone,Overbank Mudstone,1729.6,-1693.9,-349.5,True
8.0,litholog10,litholog8,5,5,Overbank Mudstone,Overbank Mudstone,1028.1,-1006.7,-208.9,True
8.0,litholog10,litholog9,5,0,Overbank Mudstone,Channel Sandstone,1229.4,332.1,1183.7,False
8.0,litholog11,litholog12,2,0,Rippled Heterolithics,Channel Sandstone,2886.7,-1824.0,2237.4,False
8.0,litholog11,litholog2,2,0,Rippled Heterolithics,Channel Sandstone,5018.8,-4761.8,1585.7,False
8.0,litholog11,litholog3,2,0,Rippled Heterolithics,Channel Sandstone,4432.1,-4281.1,1147.1,False
8.0,litholog11,litholog4,2,5,Rippled Heterolithics,Overbank Mudstone,3830.2,-3825.6,186.9,False
8.0,litholog11,litholog5,2,0,Rippled Heterolithics,Channel Sandstone,3415.0,-3413.3,106.6,False
8.0,litholog11,litholog6,2,0,Rippled Heterolithics,Channel Sandstone,3535.5,-3441.8,-808.7,False
8.0,litholog11,litholog7,2,5,Rippled Heterolithics,Overbank Mudstone,3207.2,-2867.4,-1436.7,False
8.0,litholog11,litholog8,2,5,Rippled Heterolithics,Overbank Mudstone,2536.3,-2180.2,-1296.1,False
8.0,litholog11,litholog9,2,0,Rippled Heterolithics,Channel Sandstone,846.9,-841.4,96.5,False
8.0,litholog12,litholog2,0,0,Channel Sandstone,Channel Sandstone,3009.2,-2937.8,-651.7,True
8.0,litholog12,litholog3,0,0,Channel Sandstone,Channel Sandstone,2688.2,-2457.1,-1090.3,True
8.0,litholog12,litholog4,0,5,Channel Sandstone,Overbank Mudstone,2865.4,-2001.6,-2050.4,False
8.0,litholog12,litholog5,0,0,Channel Sandstone,Channel Sandstone,2658.3,-1589.4,-2130.8,True
8.0,litholog12,litholog6,0,0,Channel Sandstone,Channel Sandstone,3449.0,-1617.8,-3046.1,True
8.0,litholog12,litholog7,0,5,Channel Sandstone,Overbank Mudstone,3819.3,-1043.5,-3674.0,False
8.0,litholog12,litholog8,0,5,Channel Sandstone,Overbank Mudstone,3551.3,-356.2,-3533.4,False
8.0,litholog12,litholog9,0,0,Channel Sandstone,Channel Sandstone,2355.6,982.6,-2140.9,True
8.0,litholog2,litholog3,0,0,Channel Sandstone,Channel Sandstone,650.7,480.6,-438.6,True
8.0,litholog2,litholog4,0,5,Channel Sandstone,Overbank Mudstone,1683.1,936.2,-1398.7,False
8.0,litholog2,litholog5,0,0,Channel Sandstone,Channel Sandstone,2001.5,1348.4,-1479.1,True
8.0,litholog2,litholog6,0,0,Channel Sandstone,Channel Sandstone,2734.1,1319.9,-2394.4,True
8.0,litholog2,litholog7,0,5,Channel Sandstone,Overbank Mudstone,3566.9,1894.3,-3022.4,False
8.0,litholog2,litholog8,0,5,Channel Sandstone,Overbank Mudstone,3869.0,2581.6,-2881.7,False
8.0,litholog2,litholog9,0,0,Channel Sandstone,Channel Sandstone,4193.7,3920.3,-1489.2,True
8.0,litholog3,litholog4,0,5,Channel Sandstone,Overbank Mudstone,1062.7,455.5,-960.1,False
8.0,litholog3,litholog5,0,0,Channel Sandstone,Channel Sandstone,1354.9,867.8,-1040.5,True
8.0,litholog3,litholog6,0,0,Channel Sandstone,Channel Sandstone,2128.2,839.3,-1955.8,True
8.0,litholog3,litholog7,0,5,Channel Sandstone,Overbank Mudstone,2945.2,1413.7,-2583.7,False
8.0,litholog3,litholog8,0,5,Channel Sandstone,Overbank Mudstone,3222.2,2100.9,-2443.1,False
8.0,litholog3,litholog9,0,0,Channel Sandstone,Channel Sandstone,3596.6,3439.7,-1050.6,True
8.0,litholog4,litholog5,5,0,Overbank Mudstone,Channel Sandstone,420.0,412.3,-80.4,False
8.0,litholog4,litholog6,5,0,Overbank Mudstone,Channel Sandstone,1067.0,383.8,-995.6,False
8.0,litholog4,litholog7,5,5,Overbank Mudstone,Overbank Mudstone,1885.3,958.2,-1623.6,True
8.0,litholog4,litholog8,5,5,Overbank Mudstone,Overbank Mudstone,2215.1,1645.4,-1483.0,True
8.0,litholog4,litholog9,5,0,Overbank Mudstone,Channel Sandstone,2985.5,2984.2,-90.5,False
8.0,litholog5,litholog6,0,0,Channel Sandstone,Channel Sandstone,915.7,-28.5,-915.2,True
8.0,litholog5,litholog7,0,5,Channel Sandstone,Overbank Mudstone,1636.9,545.9,-1543.2,False
8.0,litholog5,litholog8,0,5,Channel Sandstone,Overbank Mudstone,1867.6,1233.2,-1402.6,False
8.0,litholog5,litholog9,0,0,Channel Sandstone,Channel Sandstone,2571.9,2571.9,-10.1,True
8.0,litholog6,litholog7,0,5,Channel Sandstone,Overbank Mudstone,851.0,574.4,-628.0,False
8.0,litholog6,litholog8,0,5,Channel Sandstone,Overbank Mudstone,1352.5,1261.6,-487.4,False
8.0,litholog6,litholog9,0,0,Channel Sandstone,Channel Sandstone,2753.4,2600.4,905.2,True
8.0,litholog7,litholog8,5,5,Overbank Mudstone,Overbank Mudstone,701.5,687.3,140.6,True
8.0,litholog7,litholog9,5,0,Overbank Mudstone,Channel Sandstone,2540.7,2026.0,1533.2,False
8.0,litholog8,litholog9,5,0,Overbank Mudstone,Channel Sandstone,1931.7,1338.8,1392.5,False
9.0,litholog10,litholog11,5,5,Overbank Mudstone,Overbank Mudstone,1599.7,1173.5,1087.2,True
9.0,litholog10,litholog12,5,5,Overbank Mudstone,Overbank Mudstone,3387.6,-650.5,3324.6,True
9.0,litholog10,litholog2,5,0,Overbank Mudstone,Channel Sandstone,4474.4,-3588.3,2672.9,False
9.0,litholog10,litholog3,5,0,Overbank Mudstone,Channel Sandstone,3827.4,-3107.6,2234.3,False
9.0,litholog10,litholog4,5,5,Overbank Mudstone,Overbank Mudstone,2942.3,-2652.1,1274.1,True
9.0,litholog10,litholog5,5,0,Overbank Mudstone,Channel Sandstone,2538.1,-2239.8,1193.8,False
9.0,litholog10,litholog6,5,0,Overbank Mudstone,Channel Sandstone,2285.4,-2268.3,278.5,False
9.0,litholog10,litholog7,5,5,Overbank Mudstone,Overbank Mudstone,1729.6,-1693.9,-349.5,True
9.0,litholog10,litholog8,5,1,Overbank Mudstone,Planar Sandstone,1028.1,-1006.7,-208.9,False
9.0,litholog10,litholog9,5,1,Overbank Mudstone,Planar Sandstone,1229.4,332.1,1183.7,False
9.0,litholog11,litholog12,5,5,Overbank Mudstone,Overbank Mudstone,2886.7,-1824.0,2237.4,True
9.0,litholog11,litholog2,5,0,Overbank Mudstone,Channel Sandstone,5018.8,-4761.8,1585.7,False
9.0,litholog11,litholog3,5,0,Overbank Mudstone,Channel Sandstone,4432.1,-4281.1,1147.1,False
9.0,litholog11,litholog4,5,5,Overbank Mudstone,Overbank Mudstone,3830.2,-3825.6,186.9,True
9.0,litholog11,litholog5,5,0,Overbank Mudstone,Channel Sandstone,3415.0,-3413.3,106.6,False
9.0,litholog11,litholog6,5,0,Overbank Mudstone,Channel Sandstone,3535.5,-3441.8,-808.7,False
9.0,litholog11,litholog7,5,5,Overbank Mudstone,Overbank Mudstone,3207.2,-2867.4,-1436.7,True
9.0,litholog11,litholog8,5,1,Overbank Mudstone,Planar Sandstone,2536.3,-2180.2,-1296.1,False
9.0,litholog11,litholog9,5,1,Overbank Mudstone,Planar Sandstone,846.9,-841.4,96.5,False
9.0,litholog12,litholog2,5,0,Overbank Mudstone,Channel Sandstone,3009.2,-2937.8,-651.7,False
9.0,litholog12,litholog3,5,0,Overbank Mudstone,Channel Sandstone,2688.2,-2457.1,-1090.3,False
9.0,litholog12,litholog4,5,5,Overbank Mudstone,Overbank Mudstone,2865.4,-2001.6,-2050.4,True
9.0,litholog12,litholog5,5,0,Overbank Mudstone,Channel Sandstone,2658.3,-1589.4,-2130.8,False
9.0,litholog12,litholog6,5,0,Overbank Mudstone,Channel Sandstone,3449.0,-1617.8,-3046.1,False
9.0,litholog12,litholog7,5,5,Overbank Mudstone,Overbank Mudstone,3819.3,-1043.5,-3674.0,True
9.0,litholog12,litholog8,5,1,Overbank Mudstone,Planar Sandstone,3551.3,-356.2,-3533.4,False
9.0,litholog12,litholog9,5,1,Overbank Mudstone,Planar Sandstone,2355.6,982.6,-2140.9,False
9.0,litholog2,litholog3,0,0,Channel Sandstone,Channel Sandstone,650.7,480.6,-438.6,True
9.0,litholog2,litholog4,0,5,Channel Sandstone,Overbank Mudstone,1683.1,936.2,-1398.7,False
9.0,litholog2,litholog5,0,0,Channel Sandstone,Channel Sandstone,2001.5,1348.4,-1479.1,True
9.0,litholog2,litholog6,0,0,Channel Sandstone,Channel Sandstone,2734.1,1319.9,-2394.4,True
9.0,litholog2,litholog7,0,5,Channel Sandstone,Overbank Mudstone,3566.9,1894.3,-3022.4,False
9.0,litholog2,litholog8,0,1,Channel Sandstone,Planar Sandstone,3869.0,2581.6,-2881.7,False
9.0,litholog2,litholog9,0,1,Channel Sandstone,Planar Sandstone,4193.7,3920.3,-1489.2,False
9.0,litholog3,litholog4,0,5,Channel Sandstone,Overbank Mudstone,1062.7,455.5,-960.1,False
9.0,litholog3,litholog5,0,0,Channel Sandstone,Channel Sandstone,1354.9,867.8,-1040.5,True
9.0,litholog3,litholog6,0,0,Channel Sandstone,Channel Sandstone,2128.2,839.3,-1955.8,True
9.0,litholog3,litholog7,0,5,Channel Sandstone,Overbank Mudstone,2945.2,1413.7,-2583.7,False
9.0,litholog3,litholog8,0,1,Channel Sandstone,Planar Sandstone,3222.2,2100.9,-2443.1,False
9.0,litholog3,litholog9,0,1,Channel Sandstone,Planar Sandstone,3596.6,3439.7,-1050.6,False
9.0,litholog4,litholog5,5,0,Overbank Mudstone,Channel Sandstone,420.0,412.3,-80.4,False
9.0,litholog4,litholog6,5,0,Overbank Mudstone,Channel Sandstone,1067.0,383.8,-995.6,False
9.0,litholog4,litholog7,5,5,Overbank Mudstone,Overbank Mudstone,1885.3,958.2,-1623.6,True
9.0,litholog4,litholog8,5,1,Overbank Mudstone,Planar Sandstone,2215.1,1645.4,-1483.0,False
9.0,litholog4,litholog9,5,1,Overbank Mudstone,Planar Sandstone,2985.5,2984.2,-90.5,False
9.0,litholog5,litholog6,0,0,Channel Sandstone,Channel Sandstone,915.7,-28.5,-915.2,True
9.0,litholog5,litholog7,0,5,Channel Sandstone,Overbank Mudstone,1636.9,545.9,-1543.2,False
9.0,litholog5,litholog8,0,1,Channel Sandstone,Planar Sandstone,1867.6,1233.2,-1402.6,False
9.0,litholog5,litholog9,0,1,Channel Sandstone,Planar Sandstone,2571.9,2571.9,-10.1,False
9.0,litholog6,litholog7,0,5,Channel Sandstone,Overbank Mudstone,851.0,574.4,-628.0,False
9.0,litholog6,litholog8,0,1,Channel Sandstone,Planar Sandstone,1352.5,1261.6,-487.4,False
9.0,litholog6,litholog9,0,1,Channel Sandstone,Planar Sandstone,2753.4,2600.4,905.2,False
9.0,litholog7,litholog8,5,1,Overbank Mudstone,Planar Sandstone,701.5,687.3,140.6,False
9.0,litholog7,litholog9,5,1,Overbank Mudstone,Planar Sandstone,2540.7,2026.0,1533.2,False
9.0,litholog8,litholog9,1,1,Planar Sandstone,Planar Sandstone,1931.7,1338.8,1392.5,True
10.0,litholog10,litholog11,5,1,Overbank Mudstone,Planar Sandstone,1599.7,1173.5,1087.2,False
10.0,litholog10,litholog12,5,5,Overbank Mudstone,Overbank Mudstone,3387.6,-650.5,3324.6,True
10.0,litholog10,litholog2,5,4,Overbank Mudstone,Coal,4474.4,-3588.3,2672.9,False
10.0,litholog10,litholog3,5,0,Overbank Mudstone,Channel Sandstone,3827.4,-3107.6,2234.3,False
10.0,litholog10,litholog4,5,5,Overbank Mudstone,Overbank Mudstone,2942.3,-2652.1,1274.1,True
10.0,litholog10,litholog5,5,0,Overbank Mudstone,Channel Sandstone,2538.1,-2239.8,1193.8,False
10.0,litholog10,litholog6,5,0,Overbank Mudstone,Channel Sandstone,2285.4,-2268.3,278.5,False
10.0,litholog10,litholog7,5,5,Overbank Mudstone,Overbank Mudstone,1729.6,-1693.9,-349.5,True
10.0,litholog10,litholog8,5,1,Overbank Mudstone,Planar Sandstone,1028.1,-1006.7,-208.9,False
10.0,litholog10,litholog9,5,3,Overbank Mudstone,Carbonaceous Mudstone,1229.4,332.1,1183.7,False
10.0,litholog11,litholog12,1,5,Planar Sandstone,Overbank Mudstone,2886.7,-1824.0,2237.4,False
10.0,litholog11,litholog2,1,4,Planar Sandstone,Coal,5018.8,-4761.8,1585.7,False
10.0,litholog11,litholog3,1,0,Planar Sandstone,Channel Sandstone,4432.1,-4281.1,1147.1,False
10.0,litholog11,litholog4,1,5,Planar Sandstone,Overbank Mudstone,3830.2,-3825.6,186.9,False
10.0,litholog11,litholog5,1,0,Planar Sandstone,Channel Sandstone,3415.0,-3413.3,106.6,False
10.0,litholog11,litholog6,1,0,Planar Sandstone,Channel Sandstone,3535.5,-3441.8,-808.7,False
10.0,litholog11,litholog7,1,5,Planar Sandstone,Overbank Mudstone,3207.2,-2867.4,-1436.7,False
10.0,litholog11,litholog8,1,1,Planar Sandstone,Planar Sandstone,2536.3,-2180.2,-1296.1,True
10.0,litholog11,litholog9,1,3,Planar Sandstone,Carbonaceous Mudstone,846.9,-841.4,96.5,False
10.0,litholog12,litholog2,5,4,Overbank Mudstone,Coal,3009.2,-2937.8,-651.7,False
10.0,litholog12,litholog3,5,0,Overbank Mudstone,Channel Sandstone,2688.2,-2457.1,-1090.3,False
10.0,litholog12,litholog4,5,5,Overbank Mudstone,Overbank Mudstone,2865.4,-2001.6,-2050.4,True
10.0,litholog12,litholog5,5,0,Overbank Mudstone,Channel Sandstone,2658.3,-1589.4,-2130.8,False
10.0,litholog12,litholog6,5,0,Overbank Mudstone,Channel Sandstone,3449.0,-1617.8,-3046.1,False
10.0,litholog12,litholog7,5,5,Overbank Mudstone,Overbank Mudstone,3819.3,-1043.5,-3674.0,True
10.0,litholog12,litholog8,5,1,Overbank Mudstone,Planar Sandstone,3551.3,-356.2,-3533.4,False
10.0,litholog12,litholog9,5,3,Overbank Mudstone,Carbonaceous Mudstone,2355.6,982.6,-2140.9,False
10.0,litholog2,litholog3,4,0,Coal,Channel Sandstone,650.7,480.6,-438.6,False
10.0,litholog2,litholog4,4,5,Coal,Overbank Mudstone,1683.1,936.2,-1398.7,False
10.0,litholog2,litholog5,4,0,Coal,Channel Sandstone,2001.5,1348.4,-1479.1,False
10.0,litholog2,litholog6,4,0,Coal,Channel Sandstone,2734.1,1319.9,-2394.4,False
10.0,litholog2,litholog7,4,5,Coal,Overbank Mudstone,3566.9,1894.3,-3022.4,False
10.0,litholog2,litholog8,4,1,Coal,Planar Sandstone,3869.0,2581.6,-2881.7,False
10.0,litholog2,litholog9,4,3,Coal,Carbonaceous Mudstone,4193.7,3920.3,-1489.2,False
10.0,litholog3,litholog4,0,5,Channel Sandstone,Overbank Mudstone,1062.7,455.5,-960.1,False
10.0,litholog3,litholog5,0,0,Channel Sandstone,Channel Sandstone,1354.9,867.8,-1040.5,True
10.0,litholog3,litholog6,0,0,Channel Sandstone,Channel Sandstone,2128.2,839.3,-1955.8,True
10.0,litholog3,litholog7,0,5,Channel Sandstone,Overbank Mudstone,2945.2,1413.7,-2583.7,False
10.0,litholog3,litholog8,0,1,Channel Sandstone,Planar Sandstone,3222.2,2100.9,-2443.1,False
10.0,litholog3,litholog9,0,3,Channel Sandstone,Carbonaceous Mudstone,3596.6,3439.7,-1050.6,False
10.0,litholog4,litholog5,5,0,Overbank Mudstone,Channel Sandstone,420.0,412.3,-80.4,False
10.0,litholog4,litholog6,5,0,Overbank Mudstone,Channel Sandstone,1067.0,383.8,-995.6,False
10.0,litholog4,litholog7,5,5,Overbank Mudstone,Overbank Mudstone,1885.3,958.2,-1623.6,True
10.0,litholog4,litholog8,5,1,Overbank Mudstone,Planar Sandstone,2215.1,1645.4,-1483.0,False
10.0,litholog4,litholog9,5,3,Overbank Mudstone,Carbonaceous Mudstone,2985.5,2984.2,-90.5,False
10.0,litholog5,litholog6,0,0,Channel Sandstone,Channel Sandstone,915.7,-28.5,-915.2,True
10.0,litholog5,litholog7,0,5,Channel Sandstone,Overbank Mudstone,1636.9,545.9,-1543.2,False
10.0,litholog5,litholog8,0,1,Channel Sandstone,Planar Sandstone,1867.6,1233.2,-1402.6,False
10.0,litholog5,litholog9,0,3,Channel Sandstone,Carbonaceous Mudstone,2571.9,2571.9,-10.1,False
10.0,litholog6,litholog7,0,5,Channel Sandstone,Overbank Mudstone,851.0,574.4,-628.0,False
10.0,litholog6,litholog8,0,1,Channel Sandstone,Planar Sandstone,1352.5,1261.6,-487.4,False
10.0,litholog6,litholog9,0,3,Channel Sandstone,Carbonaceous Mudstone,2753.4,2600.4,905.2,False
10.0,litholog7,litholog8,5,1,Overbank Mudstone,Planar Sandstone,701.5,687.3,140.6,False
10.0,litholog7,litholog9,5,3,Overbank Mudstone,Carbonaceous Mudstone,2540.7,2026.0,1533.2,False
10.0,litholog8,litholog9,1,3,Planar Sandstone,Carbonaceous Mudstone,1931.7,1338.8,1392.5,False
11.0,litholog10,litholog11,5,5,Overbank Mudstone,Overbank Mudstone,1599.7,1173.5,1087.2,True
11.0,litholog10,litholog12,5,4,Overbank Mudstone,Coal,3387.6,-650.5,3324.6,False
11.0,litholog10,litholog2,5,0,Overbank Mudstone,Channel Sandstone,4474.4,-3588.3,2672.9,False
11.0,litholog10,litholog3,5,0,Overbank Mudstone,Channel Sandstone,3827.4,-3107.6,2234.3,False
11.0,litholog10,litholog4,5,5,Overbank Mudstone,Overbank Mudstone,2942.3,-2652.1,1274.1,True
11.0,litholog10,litholog5,5,2,Overbank Mudstone,Rippled Heterolithics,2538.1,-2239.8,1193.8,False
11.0,litholog10,litholog6,5,0,Overbank Mudstone,Channel Sandstone,2285.4,-2268.3,278.5,False
11.0,litholog10,litholog7,5,5,Overbank Mudstone,Overbank Mudstone,1729.6,-1693.9,-349.5,True
11.0,litholog10,litholog8,5,1,Overbank Mudstone,Planar Sandstone,1028.1,-1006.7,-208.9,False
11.0,litholog10,litholog9,5,1,Overbank Mudstone,Planar Sandstone,1229.4,332.1,1183.7,False
11.0,litholog11,litholog12,5,4,Overbank Mudstone,Coal,2886.7,-1824.0,2237.4,False
11.0,litholog11,litholog2,5,0,Overbank Mudstone,Channel Sandstone,5018.8,-4761.8,1585.7,False
11.0,litholog11,litholog3,5,0,Overbank Mudstone,Channel Sandstone,4432.1,-4281.1,1147.1,False
11.0,litholog11,litholog4,5,5,Overbank Mudstone,Overbank Mudstone,3830.2,-3825.6,186.9,True
11.0,litholog11,litholog5,5,2,Overbank Mudstone,Rippled Heterolithics,3415.0,-3413.3,106.6,False
11.0,litholog11,litholog6,5,0,Overbank Mudstone,Channel Sandstone,3535.5,-3441.8,-808.7,False
11.0,litholog11,litholog7,5,5,Overbank Mudstone,Overbank Mudstone,3207.2,-2867.4,-1436.7,True
11.0,litholog11,litholog8,5,1,Overbank Mudstone,Planar Sandstone,2536.3,-2180.2,-1296.1,False
11.0,litholog11,litholog9,5,1,Overbank Mudstone,Planar Sandstone,846.9,-841.4,96.5,False
11.0,litholog12,litholog2,4,0,Coal,Channel Sandstone,3009.2,-2937.8,-651.7,False
11.0,litholog12,litholog3,4,0,Coal,Channel Sandstone,2688.2,-2457.1,-1090.3,False
11.0,litholog12,litholog4,4,5,Coal,Overbank Mudstone,2865.4,-2001.6,-2050.4,False
11.0,litholog12,litholog5,4,2,Coal,Rippled Heterolithics,2658.3,-1589.4,-2130.8,False
11.0,litholog12,litholog6,4,0,Coal,Channel Sandstone,3449.0,-1617.8,-3046.1,False
11.0,litholog12,litholog7,4,5,Coal,Overbank Mudstone,3819.3,-1043.5,-3674.0,False
11.0,litholog12,litholog8,4,1,Coal,Planar Sandstone,3551.3,-356.2,-3533.4,False
11.0,litholog12,litholog9,4,1,Coal,Planar Sandstone,2355.6,982.6,-2140.9,False
11.0,litholog2,litholog3,0,0,Channel Sandstone,Channel Sandstone,650.7,480.6,-438.6,True
11.0,litholog2,litholog4,0,5,Channel Sandstone,Overbank Mudstone,1683.1,936.2,-1398.7,False
11.0,litholog2,litholog5,0,2,Channel Sandstone,Rippled Heterolithics,2001.5,1348.4,-1479.1,False
11.0,litholog2,litholog6,0,0,Channel Sandstone,Channel Sandstone,2734.1,1319.9,-2394.4,True
11.0,litholog2,litholog7,0,5,Channel Sandstone,Overbank Mudstone,3566.9,1894.3,-3022.4,False
11.0,litholog2,litholog8,0,1,Channel Sandstone,Planar Sandstone,3869.0,2581.6,-2881.7,False
11.0,litholog2,litholog9,0,1,Channel Sandstone,Planar Sandstone,4193.7,3920.3,-1489.2,False
11.0,litholog3,litholog4,0,5,Channel Sandstone,Overbank Mudstone,1062.7,455.5,-960.1,False
11.0,litholog3,litholog5,0,2,Channel Sandstone,Rippled Heterolithics,1354.9,867.8,-1040.5,False
11.0,litholog3,litholog6,0,0,Channel Sandstone,Channel Sandstone,2128.2,839.3,-1955.8,True
11.0,litholog3,litholog7,0,5,Channel Sandstone,Overbank Mudstone,2945.2,1413.7,-2583.7,False
11.0,litholog3,litholog8,0,1,Channel Sandstone,Planar Sandstone,3222.2,2100.9,-2443.1,False
11.0,litholog3,litholog9,0,1,Channel Sandstone,Planar Sandstone,3596.6,3439.7,-1050.6,False
11.0,litholog4,litholog5,5,2,Overbank Mudstone,Rippled Heterolithics,420.0,412.3,-80.4,False
11.0,litholog4,litholog6,5,0,Overbank Mudstone,Channel Sandstone,1067.0,383.8,-995.6,False
11.0,litholog4,litholog7,5,5,Overbank Mudstone,Overbank Mudstone,1885.3,958.2,-1623.6,True
11.0,litholog4,litholog8,5,1,Overbank Mudstone,Planar Sandstone,2215.1,1645.4,-1483.0,False
11.0,litholog4,litholog9,5,1,Overbank Mudstone,Planar Sandstone,2985.5,2984.2,-90.5,False
11.0,litholog5,litholog6,2,0,Rippled Heterolithics,Channel Sandstone,915.7,-28.5,-915.2,False
11.0,litholog5,litholog7,2,5,Rippled Heterolithics,Overbank Mudstone,1636.9,545.9,-1543.2,False
11.0,litholog5,litholog8,2,1,Rippled Heterolithics,Planar Sandstone,1867.6,1233.2,-1402.6,False
11.0,litholog5,litholog9,2,1,Rippled Heterolithics,Planar Sandstone,2571.9,2571.9,-10.1,False
11.0,litholog6,litholog7,0,5,Channel Sandstone,Overbank Mudstone,851.0,574.4,-628.0,False
11.0,litholog6,litholog8,0,1,Channel Sandstone,Planar Sandstone,1352.5,1261.6,-487.4,False
11.0,litholog6,litholog9,0,1,Channel Sandstone,Planar Sandstone,2753.4,2600.4,905.2,False
11.0,litholog7,litholog8,5,1,Overbank Mudstone,Planar Sandstone,701.5,687.3,140.6,False
11.0,litholog7,litholog9,5,1,Overbank Mudstone,Planar Sandstone,2540.7,2026.0,1533.2,False
11.0,litholog8,litholog9,1,1,Planar Sandstone,Planar Sandstone,1931.7,1338.8,1392.5,True
12.0,litholog10,litholog11,5,1,Overbank Mudstone,Planar Sandstone,1599.7,1173.5,1087.2,False
12.0,litholog10,litholog12,5,5,Overbank Mudstone,Overbank Mudstone,3387.6,-650.5,3324.6,True
12.0,litholog10,litholog2,5,0,Overbank Mudstone,Channel Sandstone,4474.4,-3588.3,2672.9,False
12.0,litholog10,litholog3,5,0,Overbank Mudstone,Channel Sandstone,3827.4,-3107.6,2234.3,False
12.0,litholog10,litholog4,5,1,Overbank Mudstone,Planar Sandstone,2942.3,-2652.1,1274.1,False
12.0,litholog10,litholog5,5,3,Overbank Mudstone,Carbonaceous Mudstone,2538.1,-2239.8,1193.8,False
12.0,litholog10,litholog6,5,0,Overbank Mudstone,Channel Sandstone,2285.4,-2268.3,278.5,False
12.0,litholog10,litholog7,5,5,Overbank Mudstone,Overbank Mudstone,1729.6,-1693.9,-349.5,True
12.0,litholog10,litholog8,5,1,Overbank Mudstone,Planar Sandstone,1028.1,-1006.7,-208.9,False
12.0,litholog10,litholog9,5,3,Overbank Mudstone,Carbonaceous Mudstone,1229.4,332.1,1183.7,False
12.0,litholog11,litholog12,1,5,Planar Sandstone,Overbank Mudstone,2886.7,-1824.0,2237.4,False
12.0,litholog11,litholog2,1,0,Planar Sandstone,Channel Sandstone,5018.8,-4761.8,1585.7,False
12.0,litholog11,litholog3,1,0,Planar Sandstone,Channel Sandstone,4432.1,-4281.1,1147.1,False
12.0,litholog11,litholog4,1,1,Planar Sandstone,Planar Sandstone,3830.2,-3825.6,186.9,True
12.0,litholog11,litholog5,1,3,Planar Sandstone,Carbonaceous Mudstone,3415.0,-3413.3,106.6,False
12.0,litholog11,litholog6,1,0,Planar Sandstone,Channel Sandstone,3535.5,-3441.8,-808.7,False
12.0,litholog11,litholog7,1,5,Planar Sandstone,Overbank Mudstone,3207.2,-2867.4,-1436.7,False
12.0,litholog11,litholog8,1,1,Planar Sandstone,Planar Sandstone,2536.3,-2180.2,-1296.1,True
12.0,litholog11,litholog9,1,3,Planar Sandstone,Carbonaceous Mudstone,846.9,-841.4,96.5,False
12.0,litholog12,litholog2,5,0,Overbank Mudstone,Channel Sandstone,3009.2,-2937.8,-651.7,False
12.0,litholog12,litholog3,5,0,Overbank Mudstone,Channel Sandstone,2688.2,-2457.1,-1090.3,False
12.0,litholog12,litholog4,5,1,Overbank Mudstone,Planar Sandstone,2865.4,-2001.6,-2050.4,False
12.0,litholog12,litholog5,5,3,Overbank Mudstone,Carbonaceous Mudstone,2658.3,-1589.4,-2130.8,False
12.0,litholog12,litholog6,5,0,Overbank Mudstone,Channel Sandstone,3449.0,-1617.8,-3046.1,False
12.0,litholog12,litholog7,5,5,Overbank Mudstone,Overbank Mudstone,3819.3,-1043.5,-3674.0,True
12.0,litholog12,litholog8,5,1,Overbank Mudstone,Planar Sandstone,3551.3,-356.2,-3533.4,False
12.0,litholog12,litholog9,5,3,Overbank Mudstone,Carbonaceous Mudstone,2355.6,982.6,-2140.9,False
12.0,litholog2,litholog3,0,0,Channel Sandstone,Channel Sandstone,650.7,480.6,-438.6,True
12.0,litholog2,litholog4,0,1,Channel Sandstone,Planar Sandstone,1683.1,936.2,-1398.7,False
12.0,litholog2,litholog5,0,3,Channel Sandstone,Carbonaceous Mudstone,2001.5,1348.4,-1479.1,False
12.0,litholog2,litholog6,0,0,Channel Sandstone,Channel Sandstone,2734.1,1319.9,-2394.4,True
12.0,litholog2,litholog7,0,5,Channel Sandstone,Overbank Mudstone,3566.9,1894.3,-3022.4,False
12.0,litholog2,litholog8,0,1,Channel Sandstone,Planar Sandstone,3869.0,2581.6,-2881.7,False
12.0,litholog2,litholog9,0,3,Channel Sandstone,Carbonaceous Mudstone,4193.7,3920.3,-1489.2,False
12.0,litholog3,litholog4,0,1,Channel Sandstone,Planar Sandstone,1062.7,455.5,-960.1,False
12.0,litholog3,litholog5,0,3,Channel Sandstone,Carbonaceous Mudstone,1354.9,867.8,-1040.5,False
12.0,litholog3,litholog6,0,0,Channel Sandstone,Channel Sandstone,2128.2,839.3,-1955.8,True
12.0,litholog3,litholog7,0,5,Channel Sandstone,Overbank Mudstone,2945.2,1413.7,-2583.7,False
12.0,litholog3,litholog8,0,1,Channel Sandstone,Planar Sandstone,3222.2,2100.9,-2443.1,False
12.0,litholog3,litholog9,0,3,Channel Sandstone,Carbonaceous Mudstone,3596.6,3439.7,-1050.6,False
12.0,litholog4,litholog5,1,3,Planar Sandstone,Carbonaceous Mudstone,420.0,412.3,-80.4,False
12.0,litholog4,litholog6,1,0,Planar Sandstone,Channel Sandstone,1067.0,383.8,-995.6,False
12.0,litholog4,litholog7,1,5,Planar Sandstone,Overbank Mudstone,1885.3,958.2,-1623.6,False
12.0,litholog4,litholog8,1,1,Planar Sandstone,Planar Sandstone,2215.1,1645.4,-1483.0,True
12.0,litholog4,litholog9,1,3,Planar Sandstone,Carbonaceous Mudstone,2985.5,2984.2,-90.5,False
12.0,litholog5,litholog6,3,0,Carbonaceous Mudstone,Channel Sandstone,915.7,-28.5,-915.2,False
12.0,litholog5,litholog7,3,5,Carbonaceous Mudstone,Overbank Mudstone,1636.9,545.9,-1543.2,False
12.0,litholog5,litholog8,3,1,Carbonaceous Mudstone,Planar Sandstone,1867.6,1233.2,-1402.6,False
12.0,litholog5,litholog9,3,3,Carbonaceous Mudstone,Carbonaceous Mudstone,2571.9,2571.9,-10.1,True
12.0,litholog6,litholog7,0,5,Channel Sandstone,Overbank Mudstone,851.0,574.4,-628.0,False
12.0,litholog6,litholog8,0,1,Channel Sandstone,Planar Sandstone,1352.5,1261.6,-487.4,False
12.0,litholog6,litholog9,0,3,Channel Sandstone,Carbonaceous Mudstone,2753.4,2600.4,905.2,False
12.0,litholog7,litholog8,5,1,Overbank Mudstone,Planar Sandstone,701.5,687.3,140.6,False
12.0,litholog7,litholog9,5,3,Overbank Mudstone,Carbonaceous Mudstone,2540.7,2026.0,1533.2,False
12.0,litholog8,litholog9,1,3,Planar Sandstone,Carbonaceous Mudstone,1931.7,1338.8,1392.5,False
13.0,litholog10,litholog11,5,2,Overbank Mudstone,Rippled Heterolithics,1599.7,1173.5,1087.2,False
13.0,litholog10,litholog12,5,5,Overbank Mudstone,Overbank Mudstone,3387.6,-650.5,3324.6,True
13.0,litholog10,litholog2,5,0,Overbank Mudstone,Channel Sandstone,4474.4,-3588.3,2672.9,False
13.0,litholog10,litholog3,5,0,Overbank Mudstone,Channel Sandstone,3827.4,-3107.6,2234.3,False
13.0,litholog10,litholog4,5,5,Overbank Mudstone,Overbank Mudstone,2942.3,-2652.1,1274.1,True
13.0,litholog10,litholog5,5,2,Overbank Mudstone,Rippled Heterolithics,2538.1,-2239.8,1193.8,False
13.0,litholog10,litholog6,5,0,Overbank Mudstone,Channel Sandstone,2285.4,-2268.3,278.5,False
13.0,litholog10,litholog7,5,1,Overbank Mudstone,Planar Sandstone,1729.6,-1693.9,-349.5,False
13.0,litholog10,litholog8,5,5,Overbank Mudstone,Overbank Mudstone,1028.1,-1006.7,-208.9,True
13.0,litholog10,litholog9,5,2,Overbank Mudstone,Rippled Heterolithics,1229.4,332.1,1183.7,False
13.0,litholog11,litholog12,2,5,Rippled Heterolithics,Overbank Mudstone,2886.7,-1824.0,2237.4,False
13.0,litholog11,litholog2,2,0,Rippled Heterolithics,Channel Sandstone,5018.8,-4761.8,1585.7,False
13.0,litholog11,litholog3,2,0,Rippled Heterolithics,Channel Sandstone,4432.1,-4281.1,1147.1,False
13.0,litholog11,litholog4,2,5,Rippled Heterolithics,Overbank Mudstone,3830.2,-3825.6,186.9,False
13.0,litholog11,litholog5,2,2,Rippled Heterolithics,Rippled Heterolithics,3415.0,-3413.3,106.6,True
13.0,litholog11,litholog6,2,0,Rippled Heterolithics,Channel Sandstone,3535.5,-3441.8,-808.7,False
13.0,litholog11,litholog7,2,1,Rippled Heterolithics,Planar Sandstone,3207.2,-2867.4,-1436.7,False
13.0,litholog11,litholog8,2,5,Rippled Heterolithics,Overbank Mudstone,2536.3,-2180.2,-1296.1,False
13.0,litholog11,litholog9,2,2,Rippled Heterolithics,Rippled Heterolithics,846.9,-841.4,96.5,True
13.0,litholog12,litholog2,5,0,Overbank Mudstone,Channel Sandstone,3009.2,-2937.8,-651.7,False
13.0,litholog12,litholog3,5,0,Overbank Mudstone,Channel Sandstone,2688.2,-2457.1,-1090.3,False
13.0,litholog12,litholog4,5,5,Overbank Mudstone,Overbank Mudstone,2865.4,-2001.6,-2050.4,True
13.0,litholog12,litholog5,5,2,Overbank Mudstone,Rippled Heterolithics,2658.3,-1589.4,-2130.8,False
13.0,litholog12,litholog6,5,0,Overbank Mudstone,Channel Sandstone,3449.0,-1617.8,-3046.1,False
13.0,litholog12,litholog7,5,1,Overbank Mudstone,Planar Sandstone,3819.3,-1043.5,-3674.0,False
13.0,litholog12,litholog8,5,5,Overbank Mudstone,Overbank Mudstone,3551.3,-356.2,-3533.4,True
13.0,litholog12,litholog9,5,2,Overbank Mudstone,Rippled Heterolithics,2355.6,982.6,-2140.9,False
13.0,litholog2,litholog3,0,0,Channel Sandstone,Channel Sandstone,650.7,480.6,-438.6,True
13.0,litholog2,litholog4,0,5,Channel Sandstone,Overbank Mudstone,1683.1,936.2,-1398.7,False
13.0,litholog2,litholog5,0,2,Channel Sandstone,Rippled Heterolithics,2001.5,1348.4,-1479.1,False
13.0,litholog2,litholog6,0,0,Channel Sandstone,Channel Sandstone,2734.1,1319.9,-2394.4,True
13.0,litholog2,litholog7,0,1,Channel Sandstone,Planar Sandstone,3566.9,1894.3,-3022.4,False
13.0,litholog2,litholog8,0,5,Channel Sandstone,Overbank Mudstone,3869.0,2581.6,-2881.7,False
13.0,litholog2,litholog9,0,2,Channel Sandstone,Rippled Heterolithics,4193.7,3920.3,-1489.2,False
13.0,litholog3,litholog4,0,5,Channel Sandstone,Overbank Mudstone,1062.7,455.5,-960.1,False
13.0,litholog3,litholog5,0,2,Channel Sandstone,Rippled Heterolithics,1354.9,867.8,-1040.5,False
13.0,litholog3,litholog6,0,0,Channel Sandstone,Channel Sandstone,2128.2,839.3,-1955.8,True
13.0,litholog3,litholog7,0,1,Channel Sandstone,Planar Sandstone,2945.2,1413.7,-2583.7,False
13.0,litholog3,litholog8,0,5,Channel Sandstone,Overbank Mudstone,3222.2,2100.9,-2443.1,False
13.0,litholog3,litholog9,0,2,Channel Sandstone,Rippled Heterolithics,3596.6,3439.7,-1050.6,False
13.0,litholog4,litholog5,5,2,Overbank Mudstone,Rippled Heterolithics,420.0,412.3,-80.4,False
13.0,litholog4,litholog6,5,0,Overbank Mudstone,Channel Sandstone,1067.0,383.8,-995.6,False
13.0,litholog4,litholog7,5,1,Overbank Mudstone,Planar Sandstone,1885.3,958.2,-1623.6,False
13.0,litholog4,litholog8,5,5,Overbank Mudstone,Overbank Mudstone,2215.1,1645.4,-1483.0,True
13.0,litholog4,litholog9,5,2,Overbank Mudstone,Rippled Heterolithics,2985.5,2984.2,-90.5,False
13.0,litholog5,litholog6,2,0,Rippled Heterolithics,Channel Sandstone,915.7,-28.5,-915.2,False
13.0,litholog5,litholog7,2,1,Rippled Heterolithics,Planar Sandstone,1636.9,545.9,-1543.2,False
13.0,litholog5,litholog8,2,5,Rippled Heterolithics,Overbank Mudstone,1867.6,1233.2,-1402.6,False
13.0,litholog5,litholog9,2,2,Rippled Heterolithics,Rippled Heterolithics,2571.9,2571.9,-10.1,True
13.0,litholog6,litholog7,0,1,Channel Sandstone,Planar Sandstone,851.0,574.4,-628.0,False
13.0,litholog6,litholog8,0,5,Channel Sandstone,Overbank Mudstone,1352.5,1261.6,-487.4,False
13.0,litholog6,litholog9,0,2,Channel Sandstone,Rippled Heterolithics,2753.4,2600.4,905.2,False
13.0,litholog7,litholog8,1,5,Planar Sandstone,Overbank Mudstone,701.5,687.3,140.6,False
13.0,litholog7,litholog9,1,2,Planar Sandstone,Rippled Heterolithics,2540.7,2026.0,1533.2,False
13.0,litholog8,litholog9,5,2,Overbank Mudstone,Rippled Heterolithics,1931.7,1338.8,1392.5,False
14.0,litholog10,litholog11,0,2,Channel Sandstone,Rippled Heterolithics,1599.7,1173.5,1087.2,False
14.0,litholog10,litholog12,0,0,Channel Sandstone,Channel Sandstone,3387.6,-650.5,3324.6,True
14.0,litholog10,litholog2,0,0,Channel Sandstone,Channel Sandstone,4474.4,-3588.3,2672.9,True
14.0,litholog10,litholog3,0,0,Channel Sandstone,Channel Sandstone,3827.4,-3107.6,2234.3,True
14.0,litholog10,litholog4,0,5,Channel Sandstone,Overbank Mudstone,2942.3,-2652.1,1274.1,False
14.0,litholog10,litholog5,0,2,Channel Sandstone,Rippled Heterolithics,2538.1,-2239.8,1193.8,False
14.0,litholog10,litholog6,0,0,Channel Sandstone,Channel Sandstone,2285.4,-2268.3,278.5,True
14.0,litholog10,litholog7,0,5,Channel Sandstone,Overbank Mudstone,1729.6,-1693.9,-349.5,False
14.0,litholog10,litholog8,0,5,Channel Sandstone,Overbank Mudstone,1028.1,-1006.7,-208.9,False
14.0,litholog10,litholog9,0,2,Channel Sandstone,Rippled Heterolithics,1229.4,332.1,1183.7,False
14.0,litholog11,litholog12,2,0,Rippled Heterolithics,Channel Sandstone,2886.7,-1824.0,2237.4,False
14.0,litholog11,litholog2,2,0,Rippled Heterolithics,Channel Sandstone,5018.8,-4761.8,1585.7,False
14.0,litholog11,litholog3,2,0,Rippled Heterolithics,Channel Sandstone,4432.1,-4281.1,1147.1,False
14.0,litholog11,litholog4,2,5,Rippled Heterolithics,Overbank Mudstone,3830.2,-3825.6,186.9,False
14.0,litholog11,litholog5,2,2,Rippled Heterolithics,Rippled Heterolithics,3415.0,-3413.3,106.6,True
14.0,litholog11,litholog6,2,0,Rippled Heterolithics,Channel Sandstone,3535.5,-3441.8,-808.7,False
14.0,litholog11,litholog7,2,5,Rippled Heterolithics,Overbank Mudstone,3207.2,-2867.4,-1436.7,False
14.0,litholog11,litholog8,2,5,Rippled Heterolithics,Overbank Mudstone,2536.3,-2180.2,-1296.1,False
14.0,litholog11,litholog9,2,2,Rippled Heterolithics,Rippled Heterolithics,846.9,-841.4,96.5,True
14.0,litholog12,litholog2,0,0,Channel Sandstone,Channel Sandstone,3009.2,-2937.8,-651.7,True
14.0,litholog12,litholog3,0,0,Channel Sandstone,Channel Sandstone,2688.2,-2457.1,-1090.3,True
14.0,litholog12,litholog4,0,5,Channel Sandstone,Overbank Mudstone,2865.4,-2001.6,-2050.4,False
14.0,litholog12,litholog5,0,2,Channel Sandstone,Rippled Heterolithics,2658.3,-1589.4,-2130.8,False
14.0,litholog12,litholog6,0,0,Channel Sandstone,Channel Sandstone,3449.0,-1617.8,-3046.1,True
14.0,litholog12,litholog7,0,5,Channel Sandstone,Overbank Mudstone,3819.3,-1043.5,-3674.0,False
14.0,litholog12,litholog8,0,5,Channel Sandstone,Overbank Mudstone,3551.3,-356.2,-3533.4,False
14.0,litholog12,litholog9,0,2,Channel Sandstone,Rippled Heterolithics,2355.6,982.6,-2140.9,False
14.0,litholog2,litholog3,0,0,Channel Sandstone,Channel Sandstone,650.7,480.6,-438.6,True
14.0,litholog2,litholog4,0,5,Channel Sandstone,Overbank Mudstone,1683.1,936.2,-1398.7,False
14.0,litholog2,litholog5,0,2,Channel Sandstone,Rippled Heterolithics,2001.5,1348.4,-1479.1,False
14.0,litholog2,litholog6,0,0,Channel Sandstone,Channel Sandstone,2734.1,1319.9,-2394.4,True
14.0,litholog2,litholog7,0,5,Channel Sandstone,Overbank Mudstone,3566.9,1894.3,-3022.4,False
14.0,litholog2,litholog8,0,5,Channel Sandstone,Overbank Mudstone,3869.0,2581.6,-2881.7,False
14.0,litholog2,litholog9,0,2,Channel Sandstone,Rippled Heterolithics,4193.7,3920.3,-1489.2,False
14.0,litholog3,litholog4,0,5,Channel Sandstone,Overbank Mudstone,1062.7,455.5,-960.1,False
14.0,litholog3,litholog5,0,2,Channel Sandstone,Rippled Heterolithics,1354.9,867.8,-1040.5,False
14.0,litholog3,litholog6,0,0,Channel Sandstone,Channel Sandstone,2128.2,839.3,-1955.8,True
14.0,litholog3,litholog7,0,5,Channel Sandstone,Overbank Mudstone,2945.2,1413.7,-2583.7,False
14.0,litholog3,litholog8,0,5,Channel Sandstone,Overbank Mudstone,3222.2,2100.9,-2443.1,False
14.0,litholog3,litholog9,0,2,Channel Sandstone,Rippled Heterolithics,3596.6,3439.7,-1050.6,False
14.0,litholog4,litholog5,5,2,Overbank Mudstone,Rippled Heterolithics,420.0,412.3,-80.4,False
14.0,litholog4,litholog6,5,0,Overbank Mudstone,Channel Sandstone,1067.0,383.8,-995.6,False
14.0,litholog4,litholog7,5,5,Overbank Mudstone,Overbank Mudstone,1885.3,958.2,-1623.6,True
14.0,litholog4,litholog8,5,5,Overbank Mudstone,Overbank Mudstone,2215.1,1645.4,-1483.0,True
14.0,litholog4,litholog9,5,2,Overbank Mudstone,Rippled Heterolithics,2985.5,2984.2,-90.5,False
14.0,litholog5,litholog6,2,0,Rippled Heterolithics,Channel Sandstone,915.7,-28.5,-915.2,False
14.0,litholog5,litholog7,2,5,Rippled Heterolithics,Overbank Mudstone,1636.9,545.9,-1543.2,False
14.0,litholog5,litholog8,2,5,Rippled Heterolithics,Overbank Mudstone,1867.6,1233.2,-1402.6,False
14.0,litholog5,litholog9,2,2,Rippled Heterolithics,Rippled Heterolithics,2571.9,2571.9,-10.1,True
14.0,litholog6,litholog7,0,5,Channel Sandstone,Overbank Mudstone,851.0,574.4,-628.0,False
14.0,litholog6,litholog8,0,5,Channel Sandstone,Overbank Mudstone,1352.5,1261.6,-487.4,False
14.0,litholog6,litholog9,0,2,Channel Sandstone,Rippled Heterolithics,2753.4,2600.4,905.2,False
14.0,litholog7,litholog8,5,5,Overbank Mudstone,Overbank Mudstone,701.5,687.3,140.6,True
14.0,litholog7,litholog9,5,2,Overbank Mudstone,Rippled Heterolithics,2540.7,2026.0,1533.2,False
14.0,litholog8,litholog9,5,2,Overbank Mudstone,Rippled Heterolithics,1931.7,1338.8,1392.5,False
15.0,litholog10,litholog11,0,2,Channel Sandstone,Rippled Heterolithics,1599.7,1173.5,1087.2,False
15.0,litholog10,litholog12,0,0,Channel Sandstone,Channel Sandstone,3387.6,-650.5,3324.6,True
15.0,litholog10,litholog2,0,0,Channel Sandstone,Channel Sandstone,4474.4,-3588.3,2672.9,True
15.0,litholog10,litholog3,0,0,Channel Sandstone,Channel Sandstone,3827.4,-3107.6,2234.3,True
15.0,litholog10,litholog4,0,5,Channel Sandstone,Overbank Mudstone,2942.3,-2652.1,1274.1,False
15.0,litholog10,litholog5,0,5,Channel Sandstone,Overbank Mudstone,2538.1,-2239.8,1193.8,False
15.0,litholog10,litholog6,0,0,Channel Sandstone,Channel Sandstone,2285.4,-2268.3,278.5,True
15.0,litholog10,litholog7,0,5,Channel Sandstone,Overbank Mudstone,1729.6,-1693.9,-349.5,False
15.0,litholog10,litholog8,0,5,Channel Sandstone,Overbank Mudstone,1028.1,-1006.7,-208.9,False
15.0,litholog10,litholog9,0,2,Channel Sandstone,Rippled Heterolithics,1229.4,332.1,1183.7,False
15.0,litholog11,litholog12,2,0,Rippled Heterolithics,Channel Sandstone,2886.7,-1824.0,2237.4,False
15.0,litholog11,litholog2,2,0,Rippled Heterolithics,Channel Sandstone,5018.8,-4761.8,1585.7,False
15.0,litholog11,litholog3,2,0,Rippled Heterolithics,Channel Sandstone,4432.1,-4281.1,1147.1,False
15.0,litholog11,litholog4,2,5,Rippled Heterolithics,Overbank Mudstone,3830.2,-3825.6,186.9,False
15.0,litholog11,litholog5,2,5,Rippled Heterolithics,Overbank Mudstone,3415.0,-3413.3,106.6,False
15.0,litholog11,litholog6,2,0,Rippled Heterolithics,Channel Sandstone,3535.5,-3441.8,-808.7,False
15.0,litholog11,litholog7,2,5,Rippled Heterolithics,Overbank Mudstone,3207.2,-2867.4,-1436.7,False
15.0,litholog11,litholog8,2,5,Rippled Heterolithics,Overbank Mudstone,2536.3,-2180.2,-1296.1,False
15.0,litholog11,litholog9,2,2,Rippled Heterolithics,Rippled Heterolithics,846.9,-841.4,96.5,True
15.0,litholog12,litholog2,0,0,Channel Sandstone,Channel Sandstone,3009.2,-2937.8,-651.7,True
15.0,litholog12,litholog3,0,0,Channel Sandstone,Channel Sandstone,2688.2,-2457.1,-1090.3,True
15.0,litholog12,litholog4,0,5,Channel Sandstone,Overbank Mudstone,2865.4,-2001.6,-2050.4,False
15.0,litholog12,litholog5,0,5,Channel Sandstone,Overbank Mudstone,2658.3,-1589.4,-2130.8,False
15.0,litholog12,litholog6,0,0,Channel Sandstone,Channel Sandstone,3449.0,-1617.8,-3046.1,True
15.0,litholog12,litholog7,0,5,Channel Sandstone,Overbank Mudstone,3819.3,-1043.5,-3674.0,False
15.0,litholog12,litholog8,0,5,Channel Sandstone,Overbank Mudstone,3551.3,-356.2,-3533.4,False
15.0,litholog12,litholog9,0,2,Channel Sandstone,Rippled Heterolithics,2355.6,982.6,-2140.9,False
15.0,litholog2,litholog3,0,0,Channel Sandstone,Channel Sandstone,650.7,480.6,-438.6,True
15.0,litholog2,litholog4,0,5,Channel Sandstone,Overbank Mudstone,1683.1,936.2,-1398.7,False
15.0,litholog2,litholog5,0,5,Channel Sandstone,Overbank Mudstone,2001.5,1348.4,-1479.1,False
15.0,litholog2,litholog6,0,0,Channel Sandstone,Channel Sandstone,2734.1,1319.9,-2394.4,True
15.0,litholog2,litholog7,0,5,Channel Sandstone,Overbank Mudstone,3566.9,1894.3,-3022.4,False
15.0,litholog2,litholog8,0,5,Channel Sandstone,Overbank Mudstone,3869.0,2581.6,-2881.7,False
15.0,litholog2,litholog9,0,2,Channel Sandstone,Rippled Heterolithics,4193.7,3920.3,-1489.2,False
15.0,litholog3,litholog4,0,5,Channel Sandstone,Overbank Mudstone,1062.7,455.5,-960.1,False
15.0,litholog3,litholog5,0,5,Channel Sandstone,Overbank Mudstone,1354.9,867.8,-1040.5,False
15.0,litholog3,litholog6,0,0,Channel Sandstone,Channel Sandstone,2128.2,839.3,-1955.8,True
15.0,litholog3,litholog7,0,5,Channel Sandstone,Overbank Mudstone,2945.2,1413.7,-2583.7,False
15.0,litholog3,litholog8,0,5,Channel Sandstone,Overbank Mudstone,3222.2,2100.9,-2443.1,False
15.0,litholog3,litholog9,0,2,Channel Sandstone,Rippled Heterolithics,3596.6,3439.7,-1050.6,False
15.0,litholog4,litholog5,5,5,Overbank Mudstone,Overbank Mudstone,420.0,412.3,-80.4,True
15.0,litholog4,litholog6,5,0,Overbank Mudstone,Channel Sandstone,1067.0,383.8,-995.6,False
15.0,litholog4,litholog7,5,5,Overbank Mudstone,Overbank Mudstone,1885.3,958.2,-1623.6,True
15.0,litholog4,litholog8,5,5,Overbank Mudstone,Overbank Mudstone,2215.1,1645.4,-1483.0,True
15.0,litholog4,litholog9,5,2,Overbank Mudstone,Rippled Heterolithics,2985.5,2984.2,-90.5,False
15.0,litholog5,litholog6,5,0,Overbank Mudstone,Channel Sandstone,915.7,-28.5,-915.2,False
15.0,litholog5,litholog7,5,5,Overbank Mudstone,Overbank Mudstone,1636.9,545.9,-1543.2,True
15.0,litholog5,litholog8,5,5,Overbank Mudstone,Overbank Mudstone,1867.6,1233.2,-1402.6,True
15.0,litholog5,litholog9,5,2,Overbank Mudstone,Rippled Heterolithics,2571.9,2571.9,-10.1,False
15.0,litholog6,litholog7,0,5,Channel Sandstone,Overbank Mudstone,851.0,574.4,-628.0,False
15.0,litholog6,litholog8,0,5,Channel Sandstone,Overbank Mudstone,1352.5,1261.6,-487.4,False
15.0,litholog6,litholog9,0,2,Channel Sandstone,Rippled Heterolithics,2753.4,2600.4,905.2,False
15.0,litholog7,litholog8,5,5,Overbank Mudstone,Overbank Mudstone,701.5,687.3,140.6,True
15.0,litholog7,litholog9,5,2,Overbank Mudstone,Rippled Heterolithics,2540.7,2026.0,1533.2,False
15.0,litholog8,litholog9,5,2,Overbank Mudstone,Rippled Heterolithics,1931.7,1338.8,1392.5,False
16.0,litholog10,litholog11,0,2,Channel Sandstone,Rippled Heterolithics,1599.7,1173.5,1087.2,False
16.0,litholog10,litholog12,0,5,Channel Sandstone,Overbank Mudstone,3387.6,-650.5,3324.6,False
16.0,litholog10,litholog2,0,2,Channel Sandstone,Rippled Heterolithics,4474.4,-3588.3,2672.9,False
16.0,litholog10,litholog3,0,0,Channel Sandstone,Channel Sandstone,3827.4,-3107.6,2234.3,True
16.0,litholog10,litholog4,0,5,Channel Sandstone,Overbank Mudstone,2942.3,-2652.1,1274.1,False
16.0,litholog10,litholog5,0,5,Channel Sandstone,Overbank Mudstone,2538.1,-2239.8,1193.8,False
16.0,litholog10,litholog6,0,0,Channel Sandstone,Channel Sandstone,2285.4,-2268.3,278.5,True
16.0,litholog10,litholog7,0,0,Channel Sandstone,Channel Sandstone,1729.6,-1693.9,-349.5,True
16.0,litholog10,litholog8,0,0,Channel Sandstone,Channel Sandstone,1028.1,-1006.7,-208.9,True
16.0,litholog10,litholog9,0,2,Channel Sandstone,Rippled Heterolithics,1229.4,332.1,1183.7,False
16.0,litholog11,litholog12,2,5,Rippled Heterolithics,Overbank Mudstone,2886.7,-1824.0,2237.4,False
16.0,litholog11,litholog2,2,2,Rippled Heterolithics,Rippled Heterolithics,5018.8,-4761.8,1585.7,True
16.0,litholog11,litholog3,2,0,Rippled Heterolithics,Channel Sandstone,4432.1,-4281.1,1147.1,False
16.0,litholog11,litholog4,2,5,Rippled Heterolithics,Overbank Mudstone,3830.2,-3825.6,186.9,False
16.0,litholog11,litholog5,2,5,Rippled Heterolithics,Overbank Mudstone,3415.0,-3413.3,106.6,False
16.0,litholog11,litholog6,2,0,Rippled Heterolithics,Channel Sandstone,3535.5,-3441.8,-808.7,False
16.0,litholog11,litholog7,2,0,Rippled Heterolithics,Channel Sandstone,3207.2,-2867.4,-1436.7,False
16.0,litholog11,litholog8,2,0,Rippled Heterolithics,Channel Sandstone,2536.3,-2180.2,-1296.1,False
16.0,litholog11,litholog9,2,2,Rippled Heterolithics,Rippled Heterolithics,846.9,-841.4,96.5,True
16.0,litholog12,litholog2,5,2,Overbank Mudstone,Rippled Heterolithics,3009.2,-2937.8,-651.7,False
16.0,litholog12,litholog3,5,0,Overbank Mudstone,Channel Sandstone,2688.2,-2457.1,-1090.3,False
16.0,litholog12,litholog4,5,5,Overbank Mudstone,Overbank Mudstone,2865.4,-2001.6,-2050.4,True
16.0,litholog12,litholog5,5,5,Overbank Mudstone,Overbank Mudstone,2658.3,-1589.4,-2130.8,True
16.0,litholog12,litholog6,5,0,Overbank Mudstone,Channel Sandstone,3449.0,-1617.8,-3046.1,False
16.0,litholog12,litholog7,5,0,Overbank Mudstone,Channel Sandstone,3819.3,-1043.5,-3674.0,False
16.0,litholog12,litholog8,5,0,Overbank Mudstone,Channel Sandstone,3551.3,-356.2,-3533.4,False
16.0,litholog12,litholog9,5,2,Overbank Mudstone,Rippled Heterolithics,2355.6,982.6,-2140.9,False
16.0,litholog2,litholog3,2,0,Rippled Heterolithics,Channel Sandstone,650.7,480.6,-438.6,False
16.0,litholog2,litholog4,2,5,Rippled Heterolithics,Overbank Mudstone,1683.1,936.2,-1398.7,False
16.0,litholog2,litholog5,2,5,Rippled Heterolithics,Overbank Mudstone,2001.5,1348.4,-1479.1,False
16.0,litholog2,litholog6,2,0,Rippled Heterolithics,Channel Sandstone,2734.1,1319.9,-2394.4,False
16.0,litholog2,litholog7,2,0,Rippled Heterolithics,Channel Sandstone,3566.9,1894.3,-3022.4,False
16.0,litholog2,litholog8,2,0,Rippled Heterolithics,Channel Sandstone,3869.0,2581.6,-2881.7,False
16.0,litholog2,litholog9,2,2,Rippled Heterolithics,Rippled Heterolithics,4193.7,3920.3,-1489.2,True
16.0,litholog3,litholog4,0,5,Channel Sandstone,Overbank Mudstone,1062.7,455.5,-960.1,False
16.0,litholog3,litholog5,0,5,Channel Sandstone,Overbank Mudstone,1354.9,867.8,-1040.5,False
16.0,litholog3,litholog6,0,0,Channel Sandstone,Channel Sandstone,2128.2,839.3,-1955.8,True
16.0,litholog3,litholog7,0,0,Channel Sandstone,Channel Sandstone,2945.2,1413.7,-2583.7,True
16.0,litholog3,litholog8,0,0,Channel Sandstone,Channel Sandstone,3222.2,2100.9,-2443.1,True
16.0,litholog3,litholog9,0,2,Channel Sandstone,Rippled Heterolithics,3596.6,3439.7,-1050.6,False
16.0,litholog4,litholog5,5,5,Overbank Mudstone,Overbank Mudstone,420.0,412.3,-80.4,True
16.0,litholog4,litholog6,5,0,Overbank Mudstone,Channel Sandstone,1067.0,383.8,-995.6,False
16.0,litholog4,litholog7,5,0,Overbank Mudstone,Channel Sandstone,1885.3,958.2,-1623.6,False
16.0,litholog4,litholog8,5,0,Overbank Mudstone,Channel Sandstone,2215.1,1645.4,-1483.0,False
16.0,litholog4,litholog9,5,2,Overbank Mudstone,Rippled Heterolithics,2985.5,2984.2,-90.5,False
16.0,litholog5,litholog6,5,0,Overbank Mudstone,Channel Sandstone,915.7,-28.5,-915.2,False
16.0,litholog5,litholog7,5,0,Overbank Mudstone,Channel Sandstone,1636.9,545.9,-1543.2,False
16.0,litholog5,litholog8,5,0,Overbank Mudstone,Channel Sandstone,1867.6,1233.2,-1402.6,False
16.0,litholog5,litholog9,5,2,Overbank Mudstone,Rippled Heterolithics,2571.9,2571.9,-10.1,False
16.0,litholog6,litholog7,0,0,Channel Sandstone,Channel Sandstone,851.0,574.4,-628.0,True
16.0,litholog6,litholog8,0,0,Channel Sandstone,Channel Sandstone,1352.5,1261.6,-487.4,True
16.0,litholog6,litholog9,0,2,Channel Sandstone,Rippled Heterolithics,2753.4,2600.4,905.2,False
16.0,litholog7,litholog8,0,0,Channel Sandstone,Channel Sandstone,701.5,687.3,140.6,True
16.0,litholog7,litholog9,0,2,Channel Sandstone,Rippled Heterolithics,2540.7,2026.0,1533.2,False
16.0,litholog8,litholog9,0,2,Channel Sandstone,Rippled Heterolithics,1931.7,1338.8,1392.5,False
17.0,litholog10,litholog11,5,2,Overbank Mudstone,Rippled Heterolithics,1599.7,1173.5,1087.2,False
17.0,litholog10,litholog12,5,0,Overbank Mudstone,Channel Sandstone,3387.6,-650.5,3324.6,False
17.0,litholog10,litholog2,5,2,Overbank Mudstone,Rippled Heterolithics,4474.4,-3588.3,2672.9,False
17.0,litholog10,litholog3,5,0,Overbank Mudstone,Channel Sandstone,3827.4,-3107.6,2234.3,False
17.0,litholog10,litholog4,5,5,Overbank Mudstone,Overbank Mudstone,2942.3,-2652.1,1274.1,True
17.0,litholog10,litholog5,5,5,Overbank Mudstone,Overbank Mudstone,2538.1,-2239.8,1193.8,True
17.0,litholog10,litholog6,5,0,Overbank Mudstone,Channel Sandstone,2285.4,-2268.3,278.5,False
17.0,litholog10,litholog7,5,0,Overbank Mudstone,Channel Sandstone,1729.6,-1693.9,-349.5,False
17.0,litholog10,litholog8,5,0,Overbank Mudstone,Channel Sandstone,1028.1,-1006.7,-208.9,False
17.0,litholog10,litholog9,5,2,Overbank Mudstone,Rippled Heterolithics,1229.4,332.1,1183.7,False
17.0,litholog11,litholog12,2,0,Rippled Heterolithics,Channel Sandstone,2886.7,-1824.0,2237.4,False
17.0,litholog11,litholog2,2,2,Rippled Heterolithics,Rippled Heterolithics,5018.8,-4761.8,1585.7,True
17.0,litholog11,litholog3,2,0,Rippled Heterolithics,Channel Sandstone,4432.1,-4281.1,1147.1,False
17.0,litholog11,litholog4,2,5,Rippled Heterolithics,Overbank Mudstone,3830.2,-3825.6,186.9,False
17.0,litholog11,litholog5,2,5,Rippled Heterolithics,Overbank Mudstone,3415.0,-3413.3,106.6,False
17.0,litholog11,litholog6,2,0,Rippled Heterolithics,Channel Sandstone,3535.5,-3441.8,-808.7,False
17.0,litholog11,litholog7,2,0,Rippled Heterolithics,Channel Sandstone,3207.2,-2867.4,-1436.7,False
17.0,litholog11,litholog8,2,0,Rippled Heterolithics,Channel Sandstone,2536.3,-2180.2,-1296.1,False
17.0,litholog11,litholog9,2,2,Rippled Heterolithics,Rippled Heterolithics,846.9,-841.4,96.5,True
17.0,litholog12,litholog2,0,2,Channel Sandstone,Rippled Heterolithics,3009.2,-2937.8,-651.7,False
17.0,litholog12,litholog3,0,0,Channel Sandstone,Channel Sandstone,2688.2,-2457.1,-1090.3,True
17.0,litholog12,litholog4,0,5,Channel Sandstone,Overbank Mudstone,2865.4,-2001.6,-2050.4,False
17.0,litholog12,litholog5,0,5,Channel Sandstone,Overbank Mudstone,2658.3,-1589.4,-2130.8,False
17.0,litholog12,litholog6,0,0,Channel Sandstone,Channel Sandstone,3449.0,-1617.8,-3046.1,True
17.0,litholog12,litholog7,0,0,Channel Sandstone,Channel Sandstone,3819.3,-1043.5,-3674.0,True
17.0,litholog12,litholog8,0,0,Channel Sandstone,Channel Sandstone,3551.3,-356.2,-3533.4,True
17.0,litholog12,litholog9,0,2,Channel Sandstone,Rippled Heterolithics,2355.6,982.6,-2140.9,False
17.0,litholog2,litholog3,2,0,Rippled Heterolithics,Channel Sandstone,650.7,480.6,-438.6,False
17.0,litholog2,litholog4,2,5,Rippled Heterolithics,Overbank Mudstone,1683.1,936.2,-1398.7,False
17.0,litholog2,litholog5,2,5,Rippled Heterolithics,Overbank Mudstone,2001.5,1348.4,-1479.1,False
17.0,litholog2,litholog6,2,0,Rippled Heterolithics,Channel Sandstone,2734.1,1319.9,-2394.4,False
17.0,litholog2,litholog7,2,0,Rippled Heterolithics,Channel Sandstone,3566.9,1894.3,-3022.4,False
17.0,litholog2,litholog8,2,0,Rippled Heterolithics,Channel Sandstone,3869.0,2581.6,-2881.7,False
17.0,litholog2,litholog9,2,2,Rippled Heterolithics,Rippled Heterolithics,4193.7,3920.3,-1489.2,True
17.0,litholog3,litholog4,0,5,Channel Sandstone,Overbank Mudstone,1062.7,455.5,-960.1,False
17.0,litholog3,litholog5,0,5,Channel Sandstone,Overbank Mudstone,1354.9,867.8,-1040.5,False
17.0,litholog3,litholog6,0,0,Channel Sandstone,Channel Sandstone,2128.2,839.3,-1955.8,True
17.0,litholog3,litholog7,0,0,Channel Sandstone,Channel Sandstone,2945.2,1413.7,-2583.7,True
17.0,litholog3,litholog8,0,0,Channel Sandstone,Channel Sandstone,3222.2,2100.9,-2443.1,True
17.0,litholog3,litholog9,0,2,Channel Sandstone,Rippled Heterolithics,3596.6,3439.7,-1050.6,False
17.0,litholog4,litholog5,5,5,Overbank Mudstone,Overbank Mudstone,420.0,412.3,-80.4,True
17.0,litholog4,litholog6,5,0,Overbank Mudstone,Channel Sandstone,1067.0,383.8,-995.6,False
17.0,litholog4,litholog7,5,0,Overbank Mudstone,Channel Sandstone,1885.3,958.2,-1623.6,False
17.0,litholog4,litholog8,5,0,Overbank Mudstone,Channel Sandstone,2215.1,1645.4,-1483.0,False
17.0,litholog4,litholog9,5,2,Overbank Mudstone,Rippled Heterolithics,2985.5,2984.2,-90.5,False
17.0,litholog5,litholog6,5,0,Overbank Mudstone,Channel Sandstone,915.7,-28.5,-915.2,False
17.0,litholog5,litholog7,5,0,Overbank Mudstone,Channel Sandstone,1636.9,545.9,-1543.2,False
17.0,litholog5,litholog8,5,0,Overbank Mudstone,Channel Sandstone,1867.6,1233.2,-1402.6,False
17.0,litholog5,litholog9,5,2,Overbank Mudstone,Rippled Heterolithics,2571.9,2571.9,-10.1,False
17.0,litholog6,litholog7,0,0,Channel Sandstone,Channel Sandstone,851.0,574.4,-628.0,True
17.0,litholog6,litholog8,0,0,Channel Sandstone,Channel Sandstone,1352.5,1261.6,-487.4,True
17.0,litholog6,litholog9,0,2,Channel Sandstone,Rippled Heterolithics,2753.4,2600.4,905.2,False
17.0,litholog7,litholog8,0,0,Channel Sandstone,Channel Sandstone,701.5,687.3,140.6,True
17.0,litholog7,litholog9,0,2,Channel Sandstone,Rippled Heterolithics,2540.7,2026.0,1533.2,False
17.0,litholog8,litholog9,0,2,Channel Sandstone,Rippled Heterolithics,1931.7,1338.8,1392.5,False
18.0,litholog10,litholog11,1,3,Planar Sandstone,Carbonaceous Mudstone,1599.7,1173.5,1087.2,False
18.0,litholog10,litholog12,1,0,Planar Sandstone,Channel Sandstone,3387.6,-650.5,3324.6,False
18.0,litholog10,litholog2,1,2,Planar Sandstone,Rippled Heterolithics,4474.4,-3588.3,2672.9,False
18.0,litholog10,litholog3,1,0,Planar Sandstone,Channel Sandstone,3827.4,-3107.6,2234.3,False
18.0,litholog10,litholog4,1,5,Planar Sandstone,Overbank Mudstone,2942.3,-2652.1,1274.1,False
18.0,litholog10,litholog5,1,5,Planar Sandstone,Overbank Mudstone,2538.1,-2239.8,1193.8,False
18.0,litholog10,litholog6,1,0,Planar Sandstone,Channel Sandstone,2285.4,-2268.3,278.5,False
18.0,litholog10,litholog7,1,0,Planar Sandstone,Channel Sandstone,1729.6,-1693.9,-349.5,False
18.0,litholog10,litholog8,1,0,Planar Sandstone,Channel Sandstone,1028.1,-1006.7,-208.9,False
18.0,litholog10,litholog9,1,2,Planar Sandstone,Rippled Heterolithics,1229.4,332.1,1183.7,False
18.0,litholog11,litholog12,3,0,Carbonaceous Mudstone,Channel Sandstone,2886.7,-1824.0,2237.4,False
18.0,litholog11,litholog2,3,2,Carbonaceous Mudstone,Rippled Heterolithics,5018.8,-4761.8,1585.7,False
18.0,litholog11,litholog3,3,0,Carbonaceous Mudstone,Channel Sandstone,4432.1,-4281.1,1147.1,False
18.0,litholog11,litholog4,3,5,Carbonaceous Mudstone,Overbank Mudstone,3830.2,-3825.6,186.9,False
18.0,litholog11,litholog5,3,5,Carbonaceous Mudstone,Overbank Mudstone,3415.0,-3413.3,106.6,False
18.0,litholog11,litholog6,3,0,Carbonaceous Mudstone,Channel Sandstone,3535.5,-3441.8,-808.7,False
18.0,litholog11,litholog7,3,0,Carbonaceous Mudstone,Channel Sandstone,3207.2,-2867.4,-1436.7,False
18.0,litholog11,litholog8,3,0,Carbonaceous Mudstone,Channel Sandstone,2536.3,-2180.2,-1296.1,False
18.0,litholog11,litholog9,3,2,Carbonaceous Mudstone,Rippled Heterolithics,846.9,-841.4,96.5,False
18.0,litholog12,litholog2,0,2,Channel Sandstone,Rippled Heterolithics,3009.2,-2937.8,-651.7,False
18.0,litholog12,litholog3,0,0,Channel Sandstone,Channel Sandstone,2688.2,-2457.1,-1090.3,True
18.0,litholog12,litholog4,0,5,Channel Sandstone,Overbank Mudstone,2865.4,-2001.6,-2050.4,False
18.0,litholog12,litholog5,0,5,Channel Sandstone,Overbank Mudstone,2658.3,-1589.4,-2130.8,False
18.0,litholog12,litholog6,0,0,Channel Sandstone,Channel Sandstone,3449.0,-1617.8,-3046.1,True
18.0,litholog12,litholog7,0,0,Channel Sandstone,Channel Sandstone,3819.3,-1043.5,-3674.0,True
18.0,litholog12,litholog8,0,0,Channel Sandstone,Channel Sandstone,3551.3,-356.2,-3533.4,True
18.0,litholog12,litholog9,0,2,Channel Sandstone,Rippled Heterolithics,2355.6,982.6,-2140.9,False
18.0,litholog2,litholog3,2,0,Rippled Heterolithics,Channel Sandstone,650.7,480.6,-438.6,False
18.0,litholog2,litholog4,2,5,Rippled Heterolithics,Overbank Mudstone,1683.1,936.2,-1398.7,False
18.0,litholog2,litholog5,2,5,Rippled Heterolithics,Overbank Mudstone,2001.5,1348.4,-1479.1,False
18.0,litholog2,litholog6,2,0,Rippled Heterolithics,Channel Sandstone,2734.1,1319.9,-2394.4,False
18.0,litholog2,litholog7,2,0,Rippled Heterolithics,Channel Sandstone,3566.9,1894.3,-3022.4,False
18.0,litholog2,litholog8,2,0,Rippled Heterolithics,Channel Sandstone,3869.0,2581.6,-2881.7,False
18.0,litholog2,litholog9,2,2,Rippled Heterolithics,Rippled Heterolithics,4193.7,3920.3,-1489.2,True
18.0,litholog3,litholog4,0,5,Channel Sandstone,Overbank Mudstone,1062.7,455.5,-960.1,False
18.0,litholog3,litholog5,0,5,Channel Sandstone,Overbank Mudstone,1354.9,867.8,-1040.5,False
18.0,litholog3,litholog6,0,0,Channel Sandstone,Channel Sandstone,2128.2,839.3,-1955.8,True
18.0,litholog3,litholog7,0,0,Channel Sandstone,Channel Sandstone,2945.2,1413.7,-2583.7,True
18.0,litholog3,litholog8,0,0,Channel Sandstone,Channel Sandstone,3222.2,2100.9,-2443.1,True
18.0,litholog3,litholog9,0,2,Channel Sandstone,Rippled Heterolithics,3596.6,3439.7,-1050.6,False
18.0,litholog4,litholog5,5,5,Overbank Mudstone,Overbank Mudstone,420.0,412.3,-80.4,True
18.0,litholog4,litholog6,5,0,Overbank Mudstone,Channel Sandstone,1067.0,383.8,-995.6,False
18.0,litholog4,litholog7,5,0,Overbank Mudstone,Channel Sandstone,1885.3,958.2,-1623.6,False
18.0,litholog4,litholog8,5,0,Overbank Mudstone,Channel Sandstone,2215.1,1645.4,-1483.0,False
18.0,litholog4,litholog9,5,2,Overbank Mudstone,Rippled Heterolithics,2985.5,2984.2,-90.5,False
18.0,litholog5,litholog6,5,0,Overbank Mudstone,Channel Sandstone,915.7,-28.5,-915.2,False
18.0,litholog5,litholog7,5,0,Overbank Mudstone,Channel Sandstone,1636.9,545.9,-1543.2,False
18.0,litholog5,litholog8,5,0,Overbank Mudstone,Channel Sandstone,1867.6,1233.2,-1402.6,False
18.0,litholog5,litholog9,5,2,Overbank Mudstone,Rippled Heterolithics,2571.9,2571.9,-10.1,False
18.0,litholog6,litholog7,0,0,Channel Sandstone,Channel Sandstone,851.0,574.4,-628.0,True
18.0,litholog6,litholog8,0,0,Channel Sandstone,Channel Sandstone,1352.5,1261.6,-487.4,True
18.0,litholog6,litholog9,0,2,Channel Sandstone,Rippled Heterolithics,2753.4,2600.4,905.2,False
18.0,litholog7,litholog8,0,0,Channel Sandstone,Channel Sandstone,701.5,687.3,140.6,True
18.0,litholog7,litholog9,0,2,Channel Sandstone,Rippled Heterolithics,2540.7,2026.0,1533.2,False
18.0,litholog8,litholog9,0,2,Channel Sandstone,Rippled Heterolithics,1931.7,1338.8,1392.5,False
19.0,litholog10,litholog11,5,0,Overbank Mudstone,Channel Sandstone,1599.7,1173.5,1087.2,False
19.0,litholog10,litholog12,5,4,Overbank Mudstone,Coal,3387.6,-650.5,3324.6,False
19.0,litholog10,litholog2,5,0,Overbank Mudstone,Channel Sandstone,4474.4,-3588.3,2672.9,False
19.0,litholog10,litholog3,5,0,Overbank Mudstone,Channel Sandstone,3827.4,-3107.6,2234.3,False
19.0,litholog10,litholog4,5,5,Overbank Mudstone,Overbank Mudstone,2942.3,-2652.1,1274.1,True
19.0,litholog10,litholog5,5,5,Overbank Mudstone,Overbank Mudstone,2538.1,-2239.8,1193.8,True
19.0,litholog10,litholog6,5,0,Overbank Mudstone,Channel Sandstone,2285.4,-2268.3,278.5,False
19.0,litholog10,litholog7,5,0,Overbank Mudstone,Channel Sandstone,1729.6,-1693.9,-349.5,False
19.0,litholog10,litholog8,5,0,Overbank Mudstone,Channel Sandstone,1028.1,-1006.7,-208.9,False
19.0,litholog10,litholog9,5,5,Overbank Mudstone,Overbank Mudstone,1229.4,332.1,1183.7,True
19.0,litholog11,litholog12,0,4,Channel Sandstone,Coal,2886.7,-1824.0,2237.4,False
19.0,litholog11,litholog2,0,0,Channel Sandstone,Channel Sandstone,5018.8,-4761.8,1585.7,True
19.0,litholog11,litholog3,0,0,Channel Sandstone,Channel Sandstone,4432.1,-4281.1,1147.1,True
19.0,litholog11,litholog4,0,5,Channel Sandstone,Overbank Mudstone,3830.2,-3825.6,186.9,False
19.0,litholog11,litholog5,0,5,Channel Sandstone,Overbank Mudstone,3415.0,-3413.3,106.6,False
19.0,litholog11,litholog6,0,0,Channel Sandstone,Channel Sandstone,3535.5,-3441.8,-808.7,True
19.0,litholog11,litholog7,0,0,Channel Sandstone,Channel Sandstone,3207.2,-2867.4,-1436.7,True
19.0,litholog11,litholog8,0,0,Channel Sandstone,Channel Sandstone,2536.3,-2180.2,-1296.1,True
19.0,litholog11,litholog9,0,5,Channel Sandstone,Overbank Mudstone,846.9,-841.4,96.5,False
19.0,litholog12,litholog2,4,0,Coal,Channel Sandstone,3009.2,-2937.8,-651.7,False
19.0,litholog12,litholog3,4,0,Coal,Channel Sandstone,2688.2,-2457.1,-1090.3,False
19.0,litholog12,litholog4,4,5,Coal,Overbank Mudstone,2865.4,-2001.6,-2050.4,False
19.0,litholog12,litholog5,4,5,Coal,Overbank Mudstone,2658.3,-1589.4,-2130.8,False
19.0,litholog12,litholog6,4,0,Coal,Channel Sandstone,3449.0,-1617.8,-3046.1,False
19.0,litholog12,litholog7,4,0,Coal,Channel Sandstone,3819.3,-1043.5,-3674.0,False
19.0,litholog12,litholog8,4,0,Coal,Channel Sandstone,3551.3,-356.2,-3533.4,False
19.0,litholog12,litholog9,4,5,Coal,Overbank Mudstone,2355.6,982.6,-2140.9,False
19.0,litholog2,litholog3,0,0,Channel Sandstone,Channel Sandstone,650.7,480.6,-438.6,True
19.0,litholog2,litholog4,0,5,Channel Sandstone,Overbank Mudstone,1683.1,936.2,-1398.7,False
19.0,litholog2,litholog5,0,5,Channel Sandstone,Overbank Mudstone,2001.5,1348.4,-1479.1,False
19.0,litholog2,litholog6,0,0,Channel Sandstone,Channel Sandstone,2734.1,1319.9,-2394.4,True
19.0,litholog2,litholog7,0,0,Channel Sandstone,Channel Sandstone,3566.9,1894.3,-3022.4,True
19.0,litholog2,litholog8,0,0,Channel Sandstone,Channel Sandstone,3869.0,2581.6,-2881.7,True
19.0,litholog2,litholog9,0,5,Channel Sandstone,Overbank Mudstone,4193.7,3920.3,-1489.2,False
19.0,litholog3,litholog4,0,5,Channel Sandstone,Overbank Mudstone,1062.7,455.5,-960.1,False
19.0,litholog3,litholog5,0,5,Channel Sandstone,Overbank Mudstone,1354.9,867.8,-1040.5,False
19.0,litholog3,litholog6,0,0,Channel Sandstone,Channel Sandstone,2128.2,839.3,-1955.8,True
19.0,litholog3,litholog7,0,0,Channel Sandstone,Channel Sandstone,2945.2,1413.7,-2583.7,True
19.0,litholog3,litholog8,0,0,Channel Sandstone,Channel Sandstone,3222.2,2100.9,-2443.1,True
19.0,litholog3,litholog9,0,5,Channel Sandstone,Overbank Mudstone,3596.6,3439.7,-1050.6,False
19.0,litholog4,litholog5,5,5,Overbank Mudstone,Overbank Mudstone,420.0,412.3,-80.4,True
19.0,litholog4,litholog6,5,0,Overbank Mudstone,Channel Sandstone,1067.0,383.8,-995.6,False
19.0,litholog4,litholog7,5,0,Overbank Mudstone,Channel Sandstone,1885.3,958.2,-1623.6,False
19.0,litholog4,litholog8,5,0,Overbank Mudstone,Channel Sandstone,2215.1,1645.4,-1483.0,False
19.0,litholog4,litholog9,5,5,Overbank Mudstone,Overbank Mudstone,2985.5,2984.2,-90.5,True
19.0,litholog5,litholog6,5,0,Overbank Mudstone,Channel Sandstone,915.7,-28.5,-915.2,False
19.0,litholog5,litholog7,5,0,Overbank Mudstone,Channel Sandstone,1636.9,545.9,-1543.2,False
19.0,litholog5,litholog8,5,0,Overbank Mudstone,Channel Sandstone,1867.6,1233.2,-1402.6,False
19.0,litholog5,litholog9,5,5,Overbank Mudstone,Overbank Mudstone,2571.9,2571.9,-10.1,True
19.0,litholog6,litholog7,0,0,Channel Sandstone,Channel Sandstone,851.0,574.4,-628.0,True
19.0,litholog6,litholog8,0,0,Channel Sandstone,Channel Sandstone,1352.5,1261.6,-487.4,True
19.0,litholog6,litholog9,0,5,Channel Sandstone,Overbank Mudstone,2753.4,2600.4,905.2,False
19.0,litholog7,litholog8,0,0,Channel Sandstone,Channel Sandstone,701.5,687.3,140.6,True
19.0,litholog7,litholog9,0,5,Channel Sandstone,Overbank Mudstone,2540.7,2026.0,1533.2,False
19.0,litholog8,litholog9,0,5,Channel Sandstone,Overbank Mudstone,1931.7,1338.8,1392.5,False
20.0,litholog10,litholog11,1,0,Planar Sandstone,Channel Sandstone,1599.7,1173.5,1087.2,False
20.0,litholog10,litholog12,1,0,Planar Sandstone,Channel Sandstone,3387.6,-650.5,3324.6,False
20.0,litholog10,litholog2,1,0,Planar Sandstone,Channel Sandstone,4474.4,-3588.3,2672.9,False
20.0,litholog10,litholog3,1,0,Planar Sandstone,Channel Sandstone,3827.4,-3107.6,2234.3,False
20.0,litholog10,litholog4,1,5,Planar Sandstone,Overbank Mudstone,2942.3,-2652.1,1274.1,False
20.0,litholog10,litholog5,1,5,Planar Sandstone,Overbank Mudstone,2538.1,-2239.8,1193.8,False
20.0,litholog10,litholog6,1,5,Planar Sandstone,Overbank Mudstone,2285.4,-2268.3,278.5,False
20.0,litholog10,litholog7,1,0,Planar Sandstone,Channel Sandstone,1729.6,-1693.9,-349.5,False
20.0,litholog10,litholog8,1,5,Planar Sandstone,Overbank Mudstone,1028.1,-1006.7,-208.9,False
20.0,litholog10,litholog9,1,5,Planar Sandstone,Overbank Mudstone,1229.4,332.1,1183.7,False
20.0,litholog11,litholog12,0,0,Channel Sandstone,Channel Sandstone,2886.7,-1824.0,2237.4,True
20.0,litholog11,litholog2,0,0,Channel Sandstone,Channel Sandstone,5018.8,-4761.8,1585.7,True
20.0,litholog11,litholog3,0,0,Channel Sandstone,Channel Sandstone,4432.1,-4281.1,1147.1,True
20.0,litholog11,litholog4,0,5,Channel Sandstone,Overbank Mudstone,3830.2,-3825.6,186.9,False
20.0,litholog11,litholog5,0,5,Channel Sandstone,Overbank Mudstone,3415.0,-3413.3,106.6,False
20.0,litholog11,litholog6,0,5,Channel Sandstone,Overbank Mudstone,3535.5,-3441.8,-808.7,False
20.0,litholog11,litholog7,0,0,Channel Sandstone,Channel Sandstone,3207.2,-2867.4,-1436.7,True
20.0,litholog11,litholog8,0,5,Channel Sandstone,Overbank Mudstone,2536.3,-2180.2,-1296.1,False
20.0,litholog11,litholog9,0,5,Channel Sandstone,Overbank Mudstone,846.9,-841.4,96.5,False
20.0,litholog12,litholog2,0,0,Channel Sandstone,Channel Sandstone,3009.2,-2937.8,-651.7,True
20.0,litholog12,litholog3,0,0,Channel Sandstone,Channel Sandstone,2688.2,-2457.1,-1090.3,True
20.0,litholog12,litholog4,0,5,Channel Sandstone,Overbank Mudstone,2865.4,-2001.6,-2050.4,False
20.0,litholog12,litholog5,0,5,Channel Sandstone,Overbank Mudstone,2658.3,-1589.4,-2130.8,False
20.0,litholog12,litholog6,0,5,Channel Sandstone,Overbank Mudstone,3449.0,-1617.8,-3046.1,False
20.0,litholog12,litholog7,0,0,Channel Sandstone,Channel Sandstone,3819.3,-1043.5,-3674.0,True
20.0,litholog12,litholog8,0,5,Channel Sandstone,Overbank Mudstone,3551.3,-356.2,-3533.4,False
20.0,litholog12,litholog9,0,5,Channel Sandstone,Overbank Mudstone,2355.6,982.6,-2140.9,False
20.0,litholog2,litholog3,0,0,Channel Sandstone,Channel Sandstone,650.7,480.6,-438.6,True
20.0,litholog2,litholog4,0,5,Channel Sandstone,Overbank Mudstone,1683.1,936.2,-1398.7,False
20.0,litholog2,litholog5,0,5,Channel Sandstone,Overbank Mudstone,2001.5,1348.4,-1479.1,False
20.0,litholog2,litholog6,0,5,Channel Sandstone,Overbank Mudstone,2734.1,1319.9,-2394.4,False
20.0,litholog2,litholog7,0,0,Channel Sandstone,Channel Sandstone,3566.9,1894.3,-3022.4,True
20.0,litholog2,litholog8,0,5,Channel Sandstone,Overbank Mudstone,3869.0,2581.6,-2881.7,False
20.0,litholog2,litholog9,0,5,Channel Sandstone,Overbank Mudstone,4193.7,3920.3,-1489.2,False
20.0,litholog3,litholog4,0,5,Channel Sandstone,Overbank Mudstone,1062.7,455.5,-960.1,False
20.0,litholog3,litholog5,0,5,Channel Sandstone,Overbank Mudstone,1354.9,867.8,-1040.5,False
20.0,litholog3,litholog6,0,5,Channel Sandstone,Overbank Mudstone,2128.2,839.3,-1955.8,False
20.0,litholog3,litholog7,0,0,Channel Sandstone,Channel Sandstone,2945.2,1413.7,-2583.7,True
20.0,litholog3,litholog8,0,5,Channel Sandstone,Overbank Mudstone,3222.2,2100.9,-2443.1,False
20.0,litholog3,litholog9,0,5,Channel Sandstone,Overbank Mudstone,3596.6,3439.7,-1050.6,False
20.0,litholog4,litholog5,5,5,Overbank Mudstone,Overbank Mudstone,420.0,412.3,-80.4,True
20.0,litholog4,litholog6,5,5,Overbank Mudstone,Overbank Mudstone,1067.0,383.8,-995.6,True
20.0,litholog4,litholog7,5,0,Overbank Mudstone,Channel Sandstone,1885.3,958.2,-1623.6,False
20.0,litholog4,litholog8,5,5,Overbank Mudstone,Overbank Mudstone,2215.1,1645.4,-1483.0,True
20.0,litholog4,litholog9,5,5,Overbank Mudstone,Overbank Mudstone,2985.5,2984.2,-90.5,True
20.0,litholog5,litholog6,5,5,Overbank Mudstone,Overbank Mudstone,915.7,-28.5,-915.2,True
20.0,litholog5,litholog7,5,0,Overbank Mudstone,Channel Sandstone,1636.9,545.9,-1543.2,False
20.0,litholog5,litholog8,5,5,Overbank Mudstone,Overbank Mudstone,1867.6,1233.2,-1402.6,True
20.0,litholog5,litholog9,5,5,Overbank Mudstone,Overbank Mudstone,2571.9,2571.9,-10.1,True
20.0,litholog6,litholog7,5,0,Overbank Mudstone,Channel Sandstone,851.0,574.4,-628.0,False
20.0,litholog6,litholog8,5,5,Overbank Mudstone,Overbank Mudstone,1352.5,1261.6,-487.4,True
20.0,litholog6,litholog9,5,5,Overbank Mudstone,Overbank Mudstone,2753.4,2600.4,905.2,True
20.0,litholog7,litholog8,0,5,Channel Sandstone,Overbank Mudstone,701.5,687.3,140.6,False
20.0,litholog7,litholog9,0,5,Channel Sandstone,Overbank Mudstone,2540.7,2026.0,1533.2,False
20.0,litholog8,litholog9,5,5,Overbank Mudstone,Overbank Mudstone,1931.7,1338.8,1392.5,True
21.0,litholog10,litholog11,1,0,Planar Sandstone,Channel Sandstone,1599.7,1173.5,1087.2,False
21.0,litholog10,litholog12,1,0,Planar Sandstone,Channel Sandstone,3387.6,-650.5,3324.6,False
21.0,litholog10,litholog2,1,0,Planar Sandstone,Channel Sandstone,4474.4,-3588.3,2672.9,False
21.0,litholog10,litholog3,1,0,Planar Sandstone,Channel Sandstone,3827.4,-3107.6,2234.3,False
21.0,litholog10,litholog4,1,5,Planar Sandstone,Overbank Mudstone,2942.3,-2652.1,1274.1,False
21.0,litholog10,litholog5,1,5,Planar Sandstone,Overbank Mudstone,2538.1,-2239.8,1193.8,False
21.0,litholog10,litholog6,1,5,Planar Sandstone,Overbank Mudstone,2285.4,-2268.3,278.5,False
21.0,litholog10,litholog7,1,5,Planar Sandstone,Overbank Mudstone,1729.6,-1693.9,-349.5,False
21.0,litholog10,litholog8,1,5,Planar Sandstone,Overbank Mudstone,1028.1,-1006.7,-208.9,False
21.0,litholog10,litholog9,1,5,Planar Sandstone,Overbank Mudstone,1229.4,332.1,1183.7,False
21.0,litholog11,litholog12,0,0,Channel Sandstone,Channel Sandstone,2886.7,-1824.0,2237.4,True
21.0,litholog11,litholog2,0,0,Channel Sandstone,Channel Sandstone,5018.8,-4761.8,1585.7,True
21.0,litholog11,litholog3,0,0,Channel Sandstone,Channel Sandstone,4432.1,-4281.1,1147.1,True
21.0,litholog11,litholog4,0,5,Channel Sandstone,Overbank Mudstone,3830.2,-3825.6,186.9,False
21.0,litholog11,litholog5,0,5,Channel Sandstone,Overbank Mudstone,3415.0,-3413.3,106.6,False
21.0,litholog11,litholog6,0,5,Channel Sandstone,Overbank Mudstone,3535.5,-3441.8,-808.7,False
21.0,litholog11,litholog7,0,5,Channel Sandstone,Overbank Mudstone,3207.2,-2867.4,-1436.7,False
21.0,litholog11,litholog8,0,5,Channel Sandstone,Overbank Mudstone,2536.3,-2180.2,-1296.1,False
21.0,litholog11,litholog9,0,5,Channel Sandstone,Overbank Mudstone,846.9,-841.4,96.5,False
21.0,litholog12,litholog2,0,0,Channel Sandstone,Channel Sandstone,3009.2,-2937.8,-651.7,True
21.0,litholog12,litholog3,0,0,Channel Sandstone,Channel Sandstone,2688.2,-2457.1,-1090.3,True
21.0,litholog12,litholog4,0,5,Channel Sandstone,Overbank Mudstone,2865.4,-2001.6,-2050.4,False
21.0,litholog12,litholog5,0,5,Channel Sandstone,Overbank Mudstone,2658.3,-1589.4,-2130.8,False
21.0,litholog12,litholog6,0,5,Channel Sandstone,Overbank Mudstone,3449.0,-1617.8,-3046.1,False
21.0,litholog12,litholog7,0,5,Channel Sandstone,Overbank Mudstone,3819.3,-1043.5,-3674.0,False
21.0,litholog12,litholog8,0,5,Channel Sandstone,Overbank Mudstone,3551.3,-356.2,-3533.4,False
21.0,litholog12,litholog9,0,5,Channel Sandstone,Overbank Mudstone,2355.6,982.6,-2140.9,False
21.0,litholog2,litholog3,0,0,Channel Sandstone,Channel Sandstone,650.7,480.6,-438.6,True
21.0,litholog2,litholog4,0,5,Channel Sandstone,Overbank Mudstone,1683.1,936.2,-1398.7,False
21.0,litholog2,litholog5,0,5,Channel Sandstone,Overbank Mudstone,2001.5,1348.4,-1479.1,False
21.0,litholog2,litholog6,0,5,Channel Sandstone,Overbank Mudstone,2734.1,1319.9,-2394.4,False
21.0,litholog2,litholog7,0,5,Channel Sandstone,Overbank Mudstone,3566.9,1894.3,-3022.4,False
21.0,litholog2,litholog8,0,5,Channel Sandstone,Overbank Mudstone,3869.0,2581.6,-2881.7,False
21.0,litholog2,litholog9,0,5,Channel Sandstone,Overbank Mudstone,4193.7,3920.3,-1489.2,False
21.0,litholog3,litholog4,0,5,Channel Sandstone,Overbank Mudstone,1062.7,455.5,-960.1,False
21.0,litholog3,litholog5,0,5,Channel Sandstone,Overbank Mudstone,1354.9,867.8,-1040.5,False
21.0,litholog3,litholog6,0,5,Channel Sandstone,Overbank Mudstone,2128.2,839.3,-1955.8,False
21.0,litholog3,litholog7,0,5,Channel Sandstone,Overbank Mudstone,2945.2,1413.7,-2583.7,False
21.0,litholog3,litholog8,0,5,Channel Sandstone,Overbank Mudstone,3222.2,2100.9,-2443.1,False
21.0,litholog3,litholog9,0,5,Channel Sandstone,Overbank Mudstone,3596.6,3439.7,-1050.6,False
21.0,litholog4,litholog5,5,5,Overbank Mudstone,Overbank Mudstone,420.0,412.3,-80.4,True
21.0,litholog4,litholog6,5,5,Overbank Mudstone,Overbank Mudstone,1067.0,383.8,-995.6,True
21.0,litholog4,litholog7,5,5,Overbank Mudstone,Overbank Mudstone,1885.3,958.2,-1623.6,True
21.0,litholog4,litholog8,5,5,Overbank Mudstone,Overbank Mudstone,2215.1,1645.4,-1483.0,True
21.0,litholog4,litholog9,5,5,Overbank Mudstone,Overbank Mudstone,2985.5,2984.2,-90.5,True
21.0,litholog5,litholog6,5,5,Overbank Mudstone,Overbank Mudstone,915.7,-28.5,-915.2,True
21.0,litholog5,litholog7,5,5,Overbank Mudstone,Overbank Mudstone,1636.9,545.9,-1543.2,True
21.0,litholog5,litholog8,5,5,Overbank Mudstone,Overbank Mudstone,1867.6,1233.2,-1402.6,True
21.0,litholog5,litholog9,5,5,Overbank Mudstone,Overbank Mudstone,2571.9,2571.9,-10.1,True
21.0,litholog6,litholog7,5,5,Overbank Mudstone,Overbank Mudstone,851.0,574.4,-628.0,True
21.0,litholog6,litholog8,5,5,Overbank Mudstone,Overbank Mudstone,1352.5,1261.6,-487.4,True
21.0,litholog6,litholog9,5,5,Overbank Mudstone,Overbank Mudstone,2753.4,2600.4,905.2,True
21.0,litholog7,litholog8,5,5,Overbank Mudstone,Overbank Mudstone,701.5,687.3,140.6,True
21.0,litholog7,litholog9,5,5,Overbank Mudstone,Overbank Mudstone,2540.7,2026.0,1533.2,True
21.0,litholog8,litholog9,5,5,Overbank Mudstone,Overbank Mudstone,1931.7,1338.8,1392.5,True
22.0,litholog10,litholog11,5,0,Overbank Mudstone,Channel Sandstone,1599.7,1173.5,1087.2,False
22.0,litholog10,litholog12,5,5,Overbank Mudstone,Overbank Mudstone,3387.6,-650.5,3324.6,True
22.0,litholog10,litholog2,5,0,Overbank Mudstone,Channel Sandstone,4474.4,-3588.3,2672.9,False
22.0,litholog10,litholog3,5,0,Overbank Mudstone,Channel Sandstone,3827.4,-3107.6,2234.3,False
22.0,litholog10,litholog4,5,1,Overbank Mudstone,Planar Sandstone,2942.3,-2652.1,1274.1,False
22.0,litholog10,litholog5,5,1,Overbank Mudstone,Planar Sandstone,2538.1,-2239.8,1193.8,False
22.0,litholog10,litholog6,5,0,Overbank Mudstone,Channel Sandstone,2285.4,-2268.3,278.5,False
22.0,litholog10,litholog7,5,5,Overbank Mudstone,Overbank Mudstone,1729.6,-1693.9,-349.5,True
22.0,litholog10,litholog8,5,5,Overbank Mudstone,Overbank Mudstone,1028.1,-1006.7,-208.9,True
22.0,litholog10,litholog9,5,5,Overbank Mudstone,Overbank Mudstone,1229.4,332.1,1183.7,True
22.0,litholog11,litholog12,0,5,Channel Sandstone,Overbank Mudstone,2886.7,-1824.0,2237.4,False
22.0,litholog11,litholog2,0,0,Channel Sandstone,Channel Sandstone,5018.8,-4761.8,1585.7,True
22.0,litholog11,litholog3,0,0,Channel Sandstone,Channel Sandstone,4432.1,-4281.1,1147.1,True
22.0,litholog11,litholog4,0,1,Channel Sandstone,Planar Sandstone,3830.2,-3825.6,186.9,False
22.0,litholog11,litholog5,0,1,Channel Sandstone,Planar Sandstone,3415.0,-3413.3,106.6,False
22.0,litholog11,litholog6,0,0,Channel Sandstone,Channel Sandstone,3535.5,-3441.8,-808.7,True
22.0,litholog11,litholog7,0,5,Channel Sandstone,Overbank Mudstone,3207.2,-2867.4,-1436.7,False
22.0,litholog11,litholog8,0,5,Channel Sandstone,Overbank Mudstone,2536.3,-2180.2,-1296.1,False
22.0,litholog11,litholog9,0,5,Channel Sandstone,Overbank Mudstone,846.9,-841.4,96.5,False
22.0,litholog12,litholog2,5,0,Overbank Mudstone,Channel Sandstone,3009.2,-2937.8,-651.7,False
22.0,litholog12,litholog3,5,0,Overbank Mudstone,Channel Sandstone,2688.2,-2457.1,-1090.3,False
22.0,litholog12,litholog4,5,1,Overbank Mudstone,Planar Sandstone,2865.4,-2001.6,-2050.4,False
22.0,litholog12,litholog5,5,1,Overbank Mudstone,Planar Sandstone,2658.3,-1589.4,-2130.8,False
22.0,litholog12,litholog6,5,0,Overbank Mudstone,Channel Sandstone,3449.0,-1617.8,-3046.1,False
22.0,litholog12,litholog7,5,5,Overbank Mudstone,Overbank Mudstone,3819.3,-1043.5,-3674.0,True
22.0,litholog12,litholog8,5,5,Overbank Mudstone,Overbank Mudstone,3551.3,-356.2,-3533.4,True
22.0,litholog12,litholog9,5,5,Overbank Mudstone,Overbank Mudstone,2355.6,982.6,-2140.9,True
22.0,litholog2,litholog3,0,0,Channel Sandstone,Channel Sandstone,650.7,480.6,-438.6,True
22.0,litholog2,litholog4,0,1,Channel Sandstone,Planar Sandstone,1683.1,936.2,-1398.7,False
22.0,litholog2,litholog5,0,1,Channel Sandstone,Planar Sandstone,2001.5,1348.4,-1479.1,False
22.0,litholog2,litholog6,0,0,Channel Sandstone,Channel Sandstone,2734.1,1319.9,-2394.4,True
22.0,litholog2,litholog7,0,5,Channel Sandstone,Overbank Mudstone,3566.9,1894.3,-3022.4,False
22.0,litholog2,litholog8,0,5,Channel Sandstone,Overbank Mudstone,3869.0,2581.6,-2881.7,False
22.0,litholog2,litholog9,0,5,Channel Sandstone,Overbank Mudstone,4193.7,3920.3,-1489.2,False
22.0,litholog3,litholog4,0,1,Channel Sandstone,Planar Sandstone,1062.7,455.5,-960.1,False
22.0,litholog3,litholog5,0,1,Channel Sandstone,Planar Sandstone,1354.9,867.8,-1040.5,False
22.0,litholog3,litholog6,0,0,Channel Sandstone,Channel Sandstone,2128.2,839.3,-1955.8,True
22.0,litholog3,litholog7,0,5,Channel Sandstone,Overbank Mudstone,2945.2,1413.7,-2583.7,False
22.0,litholog3,litholog8,0,5,Channel Sandstone,Overbank Mudstone,3222.2,2100.9,-2443.1,False
22.0,litholog3,litholog9,0,5,Channel Sandstone,Overbank Mudstone,3596.6,3439.7,-1050.6,False
22.0,litholog4,litholog5,1,1,Planar Sandstone,Planar Sandstone,420.0,412.3,-80.4,True
22.0,litholog4,litholog6,1,0,Planar Sandstone,Channel Sandstone,1067.0,383.8,-995.6,False
22.0,litholog4,litholog7,1,5,Planar Sandstone,Overbank Mudstone,1885.3,958.2,-1623.6,False
22.0,litholog4,litholog8,1,5,Planar Sandstone,Overbank Mudstone,2215.1,1645.4,-1483.0,False
22.0,litholog4,litholog9,1,5,Planar Sandstone,Overbank Mudstone,2985.5,2984.2,-90.5,False
22.0,litholog5,litholog6,1,0,Planar Sandstone,Channel Sandstone,915.7,-28.5,-915.2,False
22.0,litholog5,litholog7,1,5,Planar Sandstone,Overbank Mudstone,1636.9,545.9,-1543.2,False
22.0,litholog5,litholog8,1,5,Planar Sandstone,Overbank Mudstone,1867.6,1233.2,-1402.6,False
22.0,litholog5,litholog9,1,5,Planar Sandstone,Overbank Mudstone,2571.9,2571.9,-10.1,False
22.0,litholog6,litholog7,0,5,Channel Sandstone,Overbank Mudstone,851.0,574.4,-628.0,False
22.0,litholog6,litholog8,0,5,Channel Sandstone,Overbank Mudstone,1352.5,1261.6,-487.4,False
22.0,litholog6,litholog9,0,5,Channel Sandstone,Overbank Mudstone,2753.4,2600.4,905.2,False
22.0,litholog7,litholog8,5,5,Overbank Mudstone,Overbank Mudstone,701.5,687.3,140.6,True
22.0,litholog7,litholog9,5,5,Overbank Mudstone,Overbank Mudstone,2540.7,2026.0,1533.2,True
22.0,litholog8,litholog9,5,5,Overbank Mudstone,Overbank Mudstone,1931.7,1338.8,1392.5,True
23.0,litholog10,litholog11,1,0,Planar Sandstone,Channel Sandstone,1599.7,1173.5,1087.2,False
23.0,litholog10,litholog12,1,5,Planar Sandstone,Overbank Mudstone,3387.6,-650.5,3324.6,False
23.0,litholog10,litholog2,1,0,Planar Sandstone,Channel Sandstone,4474.4,-3588.3,2672.9,False
23.0,litholog10,litholog3,1,0,Planar Sandstone,Channel Sandstone,3827.4,-3107.6,2234.3,False
23.0,litholog10,litholog4,1,5,Planar Sandstone,Overbank Mudstone,2942.3,-2652.1,1274.1,False
23.0,litholog10,litholog5,1,5,Planar Sandstone,Overbank Mudstone,2538.1,-2239.8,1193.8,False
23.0,litholog10,litholog6,1,0,Planar Sandstone,Channel Sandstone,2285.4,-2268.3,278.5,False
23.0,litholog10,litholog7,1,1,Planar Sandstone,Planar Sandstone,1729.6,-1693.9,-349.5,True
23.0,litholog10,litholog8,1,5,Planar Sandstone,Overbank Mudstone,1028.1,-1006.7,-208.9,False
23.0,litholog10,litholog9,1,2,Planar Sandstone,Rippled Heterolithics,1229.4,332.1,1183.7,False
23.0,litholog11,litholog12,0,5,Channel Sandstone,Overbank Mudstone,2886.7,-1824.0,2237.4,False
23.0,litholog11,litholog2,0,0,Channel Sandstone,Channel Sandstone,5018.8,-4761.8,1585.7,True
23.0,litholog11,litholog3,0,0,Channel Sandstone,Channel Sandstone,4432.1,-4281.1,1147.1,True
23.0,litholog11,litholog4,0,5,Channel Sandstone,Overbank Mudstone,3830.2,-3825.6,186.9,False
23.0,litholog11,litholog5,0,5,Channel Sandstone,Overbank Mudstone,3415.0,-3413.3,106.6,False
23.0,litholog11,litholog6,0,0,Channel Sandstone,Channel Sandstone,3535.5,-3441.8,-808.7,True
23.0,litholog11,litholog7,0,1,Channel Sandstone,Planar Sandstone,3207.2,-2867.4,-1436.7,False
23.0,litholog11,litholog8,0,5,Channel Sandstone,Overbank Mudstone,2536.3,-2180.2,-1296.1,False
23.0,litholog11,litholog9,0,2,Channel Sandstone,Rippled Heterolithics,846.9,-841.4,96.5,False
23.0,litholog12,litholog2,5,0,Overbank Mudstone,Channel Sandstone,3009.2,-2937.8,-651.7,False
23.0,litholog12,litholog3,5,0,Overbank Mudstone,Channel Sandstone,2688.2,-2457.1,-1090.3,False
23.0,litholog12,litholog4,5,5,Overbank Mudstone,Overbank Mudstone,2865.4,-2001.6,-2050.4,True
23.0,litholog12,litholog5,5,5,Overbank Mudstone,Overbank Mudstone,2658.3,-1589.4,-2130.8,True
23.0,litholog12,litholog6,5,0,Overbank Mudstone,Channel Sandstone,3449.0,-1617.8,-3046.1,False
23.0,litholog12,litholog7,5,1,Overbank Mudstone,Planar Sandstone,3819.3,-1043.5,-3674.0,False
23.0,litholog12,litholog8,5,5,Overbank Mudstone,Overbank Mudstone,3551.3,-356.2,-3533.4,True
23.0,litholog12,litholog9,5,2,Overbank Mudstone,Rippled Heterolithics,2355.6,982.6,-2140.9,False
23.0,litholog2,litholog3,0,0,Channel Sandstone,Channel Sandstone,650.7,480.6,-438.6,True
23.0,litholog2,litholog4,0,5,Channel Sandstone,Overbank Mudstone,1683.1,936.2,-1398.7,False
23.0,litholog2,litholog5,0,5,Channel Sandstone,Overbank Mudstone,2001.5,1348.4,-1479.1,False
23.0,litholog2,litholog6,0,0,Channel Sandstone,Channel Sandstone,2734.1,1319.9,-2394.4,True
23.0,litholog2,litholog7,0,1,Channel Sandstone,Planar Sandstone,3566.9,1894.3,-3022.4,False
23.0,litholog2,litholog8,0,5,Channel Sandstone,Overbank Mudstone,3869.0,2581.6,-2881.7,False
23.0,litholog2,litholog9,0,2,Channel Sandstone,Rippled Heterolithics,4193.7,3920.3,-1489.2,False
23.0,litholog3,litholog4,0,5,Channel Sandstone,Overbank Mudstone,1062.7,455.5,-960.1,False
23.0,litholog3,litholog5,0,5,Channel Sandstone,Overbank Mudstone,1354.9,867.8,-1040.5,False
23.0,litholog3,litholog6,0,0,Channel Sandstone,Channel Sandstone,2128.2,839.3,-1955.8,True
23.0,litholog3,litholog7,0,1,Channel Sandstone,Planar Sandstone,2945.2,1413.7,-2583.7,False
23.0,litholog3,litholog8,0,5,Channel Sandstone,Overbank Mudstone,3222.2,2100.9,-2443.1,False
23.0,litholog3,litholog9,0,2,Channel Sandstone,Rippled Heterolithics,3596.6,3439.7,-1050.6,False
23.0,litholog4,litholog5,5,5,Overbank Mudstone,Overbank Mudstone,420.0,412.3,-80.4,True
23.0,litholog4,litholog6,5,0,Overbank Mudstone,Channel Sandstone,1067.0,383.8,-995.6,False
23.0,litholog4,litholog7,5,1,Overbank Mudstone,Planar Sandstone,1885.3,958.2,-1623.6,False
23.0,litholog4,litholog8,5,5,Overbank Mudstone,Overbank Mudstone,2215.1,1645.4,-1483.0,True
23.0,litholog4,litholog9,5,2,Overbank Mudstone,Rippled Heterolithics,2985.5,2984.2,-90.5,False
23.0,litholog5,litholog6,5,0,Overbank Mudstone,Channel Sandstone,915.7,-28.5,-915.2,False
23.0,litholog5,litholog7,5,1,Overbank Mudstone,Planar Sandstone,1636.9,545.9,-1543.2,False
23.0,litholog5,litholog8,5,5,Overbank Mudstone,Overbank Mudstone,1867.6,1233.2,-1402.6,True
23.0,litholog5,litholog9,5,2,Overbank Mudstone,Rippled Heterolithics,2571.9,2571.9,-10.1,False
23.0,litholog6,litholog7,0,1,Channel Sandstone,Planar Sandstone,851.0,574.4,-628.0,False
23.0,litholog6,litholog8,0,5,Channel Sandstone,Overbank Mudstone,1352.5,1261.6,-487.4,False
23.0,litholog6,litholog9,0,2,Channel Sandstone,Rippled Heterolithics,2753.4,2600.4,905.2,False
23.0,litholog7,litholog8,1,5,Planar Sandstone,Overbank Mudstone,701.5,687.3,140.6,False
23.0,litholog7,litholog9,1,2,Planar Sandstone,Rippled Heterolithics,2540.7,2026.0,1533.2,False
23.0,litholog8,litholog9,5,2,Overbank Mudstone,Rippled Heterolithics,1931.7,1338.8,1392.5,False
24.0,litholog10,litholog11,1,0,Planar Sandstone,Channel Sandstone,1599.7,1173.5,1087.2,False
24.0,litholog10,litholog12,1,5,Planar Sandstone,Overbank Mudstone,3387.6,-650.5,3324.6,False
24.0,litholog10,litholog2,1,5,Planar Sandstone,Overbank Mudstone,4474.4,-3588.3,2672.9,False
24.0,litholog10,litholog3,1,0,Planar Sandstone,Channel Sandstone,3827.4,-3107.6,2234.3,False
24.0,litholog10,litholog4,1,5,Planar Sandstone,Overbank Mudstone,2942.3,-2652.1,1274.1,False
24.0,litholog10,litholog5,1,1,Planar Sandstone,Planar Sandstone,2538.1,-2239.8,1193.8,True
24.0,litholog10,litholog6,1,0,Planar Sandstone,Channel Sandstone,2285.4,-2268.3,278.5,False
24.0,litholog10,litholog7,1,5,Planar Sandstone,Overbank Mudstone,1729.6,-1693.9,-349.5,False
24.0,litholog10,litholog8,1,5,Planar Sandstone,Overbank Mudstone,1028.1,-1006.7,-208.9,False
24.0,litholog10,litholog9,1,2,Planar Sandstone,Rippled Heterolithics,1229.4,332.1,1183.7,False
24.0,litholog11,litholog12,0,5,Channel Sandstone,Overbank Mudstone,2886.7,-1824.0,2237.4,False
24.0,litholog11,litholog2,0,5,Channel Sandstone,Overbank Mudstone,5018.8,-4761.8,1585.7,False
24.0,litholog11,litholog3,0,0,Channel Sandstone,Channel Sandstone,4432.1,-4281.1,1147.1,True
24.0,litholog11,litholog4,0,5,Channel Sandstone,Overbank Mudstone,3830.2,-3825.6,186.9,False
24.0,litholog11,litholog5,0,1,Channel Sandstone,Planar Sandstone,3415.0,-3413.3,106.6,False
24.0,litholog11,litholog6,0,0,Channel Sandstone,Channel Sandstone,3535.5,-3441.8,-808.7,True
24.0,litholog11,litholog7,0,5,Channel Sandstone,Overbank Mudstone,3207.2,-2867.4,-1436.7,False
24.0,litholog11,litholog8,0,5,Channel Sandstone,Overbank Mudstone,2536.3,-2180.2,-1296.1,False
24.0,litholog11,litholog9,0,2,Channel Sandstone,Rippled Heterolithics,846.9,-841.4,96.5,False
24.0,litholog12,litholog2,5,5,Overbank Mudstone,Overbank Mudstone,3009.2,-2937.8,-651.7,True
24.0,litholog12,litholog3,5,0,Overbank Mudstone,Channel Sandstone,2688.2,-2457.1,-1090.3,False
24.0,litholog12,litholog4,5,5,Overbank Mudstone,Overbank Mudstone,2865.4,-2001.6,-2050.4,True
24.0,litholog12,litholog5,5,1,Overbank Mudstone,Planar Sandstone,2658.3,-1589.4,-2130.8,False
24.0,litholog12,litholog6,5,0,Overbank Mudstone,Channel Sandstone,3449.0,-1617.8,-3046.1,False
24.0,litholog12,litholog7,5,5,Overbank Mudstone,Overbank Mudstone,3819.3,-1043.5,-3674.0,True
24.0,litholog12,litholog8,5,5,Overbank Mudstone,Overbank Mudstone,3551.3,-356.2,-3533.4,True
24.0,litholog12,litholog9,5,2,Overbank Mudstone,Rippled Heterolithics,2355.6,982.6,-2140.9,False
24.0,litholog2,litholog3,5,0,Overbank Mudstone,Channel Sandstone,650.7,480.6,-438.6,False
24.0,litholog2,litholog4,5,5,Overbank Mudstone,Overbank Mudstone,1683.1,936.2,-1398.7,True
24.0,litholog2,litholog5,5,1,Overbank Mudstone,Planar Sandstone,2001.5,1348.4,-1479.1,False
24.0,litholog2,litholog6,5,0,Overbank Mudstone,Channel Sandstone,2734.1,1319.9,-2394.4,False
24.0,litholog2,litholog7,5,5,Overbank Mudstone,Overbank Mudstone,3566.9,1894.3,-3022.4,True
24.0,litholog2,litholog8,5,5,Overbank Mudstone,Overbank Mudstone,3869.0,2581.6,-2881.7,True
24.0,litholog2,litholog9,5,2,Overbank Mudstone,Rippled Heterolithics,4193.7,3920.3,-1489.2,False
24.0,litholog3,litholog4,0,5,Channel Sandstone,Overbank Mudstone,1062.7,455.5,-960.1,False
24.0,litholog3,litholog5,0,1,Channel Sandstone,Planar Sandstone,1354.9,867.8,-1040.5,False
24.0,litholog3,litholog6,0,0,Channel Sandstone,Channel Sandstone,2128.2,839.3,-1955.8,True
24.0,litholog3,litholog7,0,5,Channel Sandstone,Overbank Mudstone,2945.2,1413.7,-2583.7,False
24.0,litholog3,litholog8,0,5,Channel Sandstone,Overbank Mudstone,3222.2,2100.9,-2443.1,False
24.0,litholog3,litholog9,0,2,Channel Sandstone,Rippled Heterolithics,3596.6,3439.7,-1050.6,False
24.0,litholog4,litholog5,5,1,Overbank Mudstone,Planar Sandstone,420.0,412.3,-80.4,False
24.0,litholog4,litholog6,5,0,Overbank Mudstone,Channel Sandstone,1067.0,383.8,-995.6,False
24.0,litholog4,litholog7,5,5,Overbank Mudstone,Overbank Mudstone,1885.3,958.2,-1623.6,True
24.0,litholog4,litholog8,5,5,Overbank Mudstone,Overbank Mudstone,2215.1,1645.4,-1483.0,True
24.0,litholog4,litholog9,5,2,Overbank Mudstone,Rippled Heterolithics,2985.5,2984.2,-90.5,False
24.0,litholog5,litholog6,1,0,Planar Sandstone,Channel Sandstone,915.7,-28.5,-915.2,False
24.0,litholog5,litholog7,1,5,Planar Sandstone,Overbank Mudstone,1636.9,545.9,-1543.2,False
24.0,litholog5,litholog8,1,5,Planar Sandstone,Overbank Mudstone,1867.6,1233.2,-1402.6,False
24.0,litholog5,litholog9,1,2,Planar Sandstone,Rippled Heterolithics,2571.9,2571.9,-10.1,False
24.0,litholog6,litholog7,0,5,Channel Sandstone,Overbank Mudstone,851.0,574.4,-628.0,False
24.0,litholog6,litholog8,0,5,Channel Sandstone,Overbank Mudstone,1352.5,1261.6,-487.4,False
24.0,litholog6,litholog9,0,2,Channel Sandstone,Rippled Heterolithics,2753.4,2600.4,905.2,False
24.0,litholog7,litholog8,5,5,Overbank Mudstone,Overbank Mudstone,701.5,687.3,140.6,True
24.0,litholog7,litholog9,5,2,Overbank Mudstone,Rippled Heterolithics,2540.7,2026.0,1533.2,False
24.0,litholog8,litholog9,5,2,Overbank Mudstone,Rippled Heterolithics,1931.7,1338.8,1392.5,False
25.0,litholog10,litholog11,3,0,Carbonaceous Mudstone,Channel Sandstone,1599.7,1173.5,1087.2,False
25.0,litholog10,litholog12,3,0,Carbonaceous Mudstone,Channel Sandstone,3387.6,-650.5,3324.6,False
25.0,litholog10,litholog2,3,5,Carbonaceous Mudstone,Overbank Mudstone,4474.4,-3588.3,2672.9,False
25.0,litholog10,litholog3,3,0,Carbonaceous Mudstone,Channel Sandstone,3827.4,-3107.6,2234.3,False
25.0,litholog10,litholog4,3,5,Carbonaceous Mudstone,Overbank Mudstone,2942.3,-2652.1,1274.1,False
25.0,litholog10,litholog5,3,5,Carbonaceous Mudstone,Overbank Mudstone,2538.1,-2239.8,1193.8,False
25.0,litholog10,litholog6,3,0,Carbonaceous Mudstone,Channel Sandstone,2285.4,-2268.3,278.5,False
25.0,litholog10,litholog7,3,5,Carbonaceous Mudstone,Overbank Mudstone,1729.6,-1693.9,-349.5,False
25.0,litholog10,litholog8,3,5,Carbonaceous Mudstone,Overbank Mudstone,1028.1,-1006.7,-208.9,False
25.0,litholog10,litholog9,3,2,Carbonaceous Mudstone,Rippled Heterolithics,1229.4,332.1,1183.7,False
25.0,litholog11,litholog12,0,0,Channel Sandstone,Channel Sandstone,2886.7,-1824.0,2237.4,True
25.0,litholog11,litholog2,0,5,Channel Sandstone,Overbank Mudstone,5018.8,-4761.8,1585.7,False
25.0,litholog11,litholog3,0,0,Channel Sandstone,Channel Sandstone,4432.1,-4281.1,1147.1,True
25.0,litholog11,litholog4,0,5,Channel Sandstone,Overbank Mudstone,3830.2,-3825.6,186.9,False
25.0,litholog11,litholog5,0,5,Channel Sandstone,Overbank Mudstone,3415.0,-3413.3,106.6,False
25.0,litholog11,litholog6,0,0,Channel Sandstone,Channel Sandstone,3535.5,-3441.8,-808.7,True
25.0,litholog11,litholog7,0,5,Channel Sandstone,Overbank Mudstone,3207.2,-2867.4,-1436.7,False
25.0,litholog11,litholog8,0,5,Channel Sandstone,Overbank Mudstone,2536.3,-2180.2,-1296.1,False
25.0,litholog11,litholog9,0,2,Channel Sandstone,Rippled Heterolithics,846.9,-841.4,96.5,False
25.0,litholog12,litholog2,0,5,Channel Sandstone,Overbank Mudstone,3009.2,-2937.8,-651.7,False
25.0,litholog12,litholog3,0,0,Channel Sandstone,Channel Sandstone,2688.2,-2457.1,-1090.3,True
25.0,litholog12,litholog4,0,5,Channel Sandstone,Overbank Mudstone,2865.4,-2001.6,-2050.4,False
25.0,litholog12,litholog5,0,5,Channel Sandstone,Overbank Mudstone,2658.3,-1589.4,-2130.8,False
25.0,litholog12,litholog6,0,0,Channel Sandstone,Channel Sandstone,3449.0,-1617.8,-3046.1,True
25.0,litholog12,litholog7,0,5,Channel Sandstone,Overbank Mudstone,3819.3,-1043.5,-3674.0,False
25.0,litholog12,litholog8,0,5,Channel Sandstone,Overbank Mudstone,3551.3,-356.2,-3533.4,False
25.0,litholog12,litholog9,0,2,Channel Sandstone,Rippled Heterolithics,2355.6,982.6,-2140.9,False
25.0,litholog2,litholog3,5,0,Overbank Mudstone,Channel Sandstone,650.7,480.6,-438.6,False
25.0,litholog2,litholog4,5,5,Overbank Mudstone,Overbank Mudstone,1683.1,936.2,-1398.7,True
25.0,litholog2,litholog5,5,5,Overbank Mudstone,Overbank Mudstone,2001.5,1348.4,-1479.1,True
25.0,litholog2,litholog6,5,0,Overbank Mudstone,Channel Sandstone,2734.1,1319.9,-2394.4,False
25.0,litholog2,litholog7,5,5,Overbank Mudstone,Overbank Mudstone,3566.9,1894.3,-3022.4,True
25.0,litholog2,litholog8,5,5,Overbank Mudstone,Overbank Mudstone,3869.0,2581.6,-2881.7,True
25.0,litholog2,litholog9,5,2,Overbank Mudstone,Rippled Heterolithics,4193.7,3920.3,-1489.2,False
25.0,litholog3,litholog4,0,5,Channel Sandstone,Overbank Mudstone,1062.7,455.5,-960.1,False
25.0,litholog3,litholog5,0,5,Channel Sandstone,Overbank Mudstone,1354.9,867.8,-1040.5,False
25.0,litholog3,litholog6,0,0,Channel Sandstone,Channel Sandstone,2128.2,839.3,-1955.8,True
25.0,litholog3,litholog7,0,5,Channel Sandstone,Overbank Mudstone,2945.2,1413.7,-2583.7,False
25.0,litholog3,litholog8,0,5,Channel Sandstone,Overbank Mudstone,3222.2,2100.9,-2443.1,False
25.0,litholog3,litholog9,0,2,Channel Sandstone,Rippled Heterolithics,3596.6,3439.7,-1050.6,False
25.0,litholog4,litholog5,5,5,Overbank Mudstone,Overbank Mudstone,420.0,412.3,-80.4,True
25.0,litholog4,litholog6,5,0,Overbank Mudstone,Channel Sandstone,1067.0,383.8,-995.6,False
25.0,litholog4,litholog7,5,5,Overbank Mudstone,Overbank Mudstone,1885.3,958.2,-1623.6,True
25.0,litholog4,litholog8,5,5,Overbank Mudstone,Overbank Mudstone,2215.1,1645.4,-1483.0,True
25.0,litholog4,litholog9,5,2,Overbank Mudstone,Rippled Heterolithics,2985.5,2984.2,-90.5,False
25.0,litholog5,litholog6,5,0,Overbank Mudstone,Channel Sandstone,915.7,-28.5,-915.2,False
25.0,litholog5,litholog7,5,5,Overbank Mudstone,Overbank Mudstone,1636.9,545.9,-1543.2,True
25.0,litholog5,litholog8,5,5,Overbank Mudstone,Overbank Mudstone,1867.6,1233.2,-1402.6,True
25.0,litholog5,litholog9,5,2,Overbank Mudstone,Rippled Heterolithics,2571.9,2571.9,-10.1,False
25.0,litholog6,litholog7,0,5,Channel Sandstone,Overbank Mudstone,851.0,574.4,-628.0,False
25.0,litholog6,litholog8,0,5,Channel Sandstone,Overbank Mudstone,1352.5,1261.6,-487.4,False
25.0,litholog6,litholog9,0,2,Channel Sandstone,Rippled Heterolithics,2753.4,2600.4,905.2,False
25.0,litholog7,litholog8,5,5,Overbank Mudstone,Overbank Mudstone,701.5,687.3,140.6,True
25.0,litholog7,litholog9,5,2,Overbank Mudstone,Rippled Heterolithics,2540.7,2026.0,1533.2,False
25.0,litholog8,litholog9,5,2,Overbank Mudstone,Rippled Heterolithics,1931.7,1338.8,1392.5,False
26.0,litholog10,litholog11,5,0,Overbank Mudstone,Channel Sandstone,1599.7,1173.5,1087.2,False
26.0,litholog10,litholog12,5,0,Overbank Mudstone,Channel Sandstone,3387.6,-650.5,3324.6,False
26.0,litholog10,litholog2,5,0,Overbank Mudstone,Channel Sandstone,4474.4,-3588.3,2672.9,False
26.0,litholog10,litholog3,5,0,Overbank Mudstone,Channel Sandstone,3827.4,-3107.6,2234.3,False
26.0,litholog10,litholog4,5,5,Overbank Mudstone,Overbank Mudstone,2942.3,-2652.1,1274.1,True
26.0,litholog10,litholog5,5,5,Overbank Mudstone,Overbank Mudstone,2538.1,-2239.8,1193.8,True
26.0,litholog10,litholog6,5,0,Overbank Mudstone,Channel Sandstone,2285.4,-2268.3,278.5,False
26.0,litholog10,litholog7,5,0,Overbank Mudstone,Channel Sandstone,1729.6,-1693.9,-349.5,False
26.0,litholog10,litholog8,5,5,Overbank Mudstone,Overbank Mudstone,1028.1,-1006.7,-208.9,True
26.0,litholog10,litholog9,5,3,Overbank Mudstone,Carbonaceous Mudstone,1229.4,332.1,1183.7,False
26.0,litholog11,litholog12,0,0,Channel Sandstone,Channel Sandstone,2886.7,-1824.0,2237.4,True
26.0,litholog11,litholog2,0,0,Channel Sandstone,Channel Sandstone,5018.8,-4761.8,1585.7,True
26.0,litholog11,litholog3,0,0,Channel Sandstone,Channel Sandstone,4432.1,-4281.1,1147.1,True
26.0,litholog11,litholog4,0,5,Channel Sandstone,Overbank Mudstone,3830.2,-3825.6,186.9,False
26.0,litholog11,litholog5,0,5,Channel Sandstone,Overbank Mudstone,3415.0,-3413.3,106.6,False
26.0,litholog11,litholog6,0,0,Channel Sandstone,Channel Sandstone,3535.5,-3441.8,-808.7,True
26.0,litholog11,litholog7,0,0,Channel Sandstone,Channel Sandstone,3207.2,-2867.4,-1436.7,True
26.0,litholog11,litholog8,0,5,Channel Sandstone,Overbank Mudstone,2536.3,-2180.2,-1296.1,False
26.0,litholog11,litholog9,0,3,Channel Sandstone,Carbonaceous Mudstone,846.9,-841.4,96.5,False
26.0,litholog12,litholog2,0,0,Channel Sandstone,Channel Sandstone,3009.2,-2937.8,-651.7,True
26.0,litholog12,litholog3,0,0,Channel Sandstone,Channel Sandstone,2688.2,-2457.1,-1090.3,True
26.0,litholog12,litholog4,0,5,Channel Sandstone,Overbank Mudstone,2865.4,-2001.6,-2050.4,False
26.0,litholog12,litholog5,0,5,Channel Sandstone,Overbank Mudstone,2658.3,-1589.4,-2130.8,False
26.0,litholog12,litholog6,0,0,Channel Sandstone,Channel Sandstone,3449.0,-1617.8,-3046.1,True
26.0,litholog12,litholog7,0,0,Channel Sandstone,Channel Sandstone,3819.3,-1043.5,-3674.0,True
26.0,litholog12,litholog8,0,5,Channel Sandstone,Overbank Mudstone,3551.3,-356.2,-3533.4,False
26.0,litholog12,litholog9,0,3,Channel Sandstone,Carbonaceous Mudstone,2355.6,982.6,-2140.9,False
26.0,litholog2,litholog3,0,0,Channel Sandstone,Channel Sandstone,650.7,480.6,-438.6,True
26.0,litholog2,litholog4,0,5,Channel Sandstone,Overbank Mudstone,1683.1,936.2,-1398.7,False
26.0,litholog2,litholog5,0,5,Channel Sandstone,Overbank Mudstone,2001.5,1348.4,-1479.1,False
26.0,litholog2,litholog6,0,0,Channel Sandstone,Channel Sandstone,2734.1,1319.9,-2394.4,True
26.0,litholog2,litholog7,0,0,Channel Sandstone,Channel Sandstone,3566.9,1894.3,-3022.4,True
26.0,litholog2,litholog8,0,5,Channel Sandstone,Overbank Mudstone,3869.0,2581.6,-2881.7,False
26.0,litholog2,litholog9,0,3,Channel Sandstone,Carbonaceous Mudstone,4193.7,3920.3,-1489.2,False
26.0,litholog3,litholog4,0,5,Channel Sandstone,Overbank Mudstone,1062.7,455.5,-960.1,False
26.0,litholog3,litholog5,0,5,Channel Sandstone,Overbank Mudstone,1354.9,867.8,-1040.5,False
26.0,litholog3,litholog6,0,0,Channel Sandstone,Channel Sandstone,2128.2,839.3,-1955.8,True
26.0,litholog3,litholog7,0,0,Channel Sandstone,Channel Sandstone,2945.2,1413.7,-2583.7,True
26.0,litholog3,litholog8,0,5,Channel Sandstone,Overbank Mudstone,3222.2,2100.9,-2443.1,False
26.0,litholog3,litholog9,0,3,Channel Sandstone,Carbonaceous Mudstone,3596.6,3439.7,-1050.6,False
26.0,litholog4,litholog5,5,5,Overbank Mudstone,Overbank Mudstone,420.0,412.3,-80.4,True
26.0,litholog4,litholog6,5,0,Overbank Mudstone,Channel Sandstone,1067.0,383.8,-995.6,False
26.0,litholog4,litholog7,5,0,Overbank Mudstone,Channel Sandstone,1885.3,958.2,-1623.6,False
26.0,litholog4,litholog8,5,5,Overbank Mudstone,Overbank Mudstone,2215.1,1645.4,-1483.0,True
26.0,litholog4,litholog9,5,3,Overbank Mudstone,Carbonaceous Mudstone,2985.5,2984.2,-90.5,False
26.0,litholog5,litholog6,5,0,Overbank Mudstone,Channel Sandstone,915.7,-28.5,-915.2,False
26.0,litholog5,litholog7,5,0,Overbank Mudstone,Channel Sandstone,1636.9,545.9,-1543.2,False
26.0,litholog5,litholog8,5,5,Overbank Mudstone,Overbank Mudstone,1867.6,1233.2,-1402.6,True
26.0,litholog5,litholog9,5,3,Overbank Mudstone,Carbonaceous Mudstone,2571.9,2571.9,-10.1,False
26.0,litholog6,litholog7,0,0,Channel Sandstone,Channel Sandstone,851.0,574.4,-628.0,True
26.0,litholog6,litholog8,0,5,Channel Sandstone,Overbank Mudstone,1352.5,1261.6,-487.4,False
26.0,litholog6,litholog9,0,3,Channel Sandstone,Carbonaceous Mudstone,2753.4,2600.4,905.2,False
26.0,litholog7,litholog8,0,5,Channel Sandstone,Overbank Mudstone,701.5,687.3,140.6,False
26.0,litholog7,litholog9,0,3,Channel Sandstone,Carbonaceous Mudstone,2540.7,2026.0,1533.2,False
26.0,litholog8,litholog9,5,3,Overbank Mudstone,Carbonaceous Mudstone,1931.7,1338.8,1392.5,False
27.0,litholog10,litholog11,1,0,Planar Sandstone,Channel Sandstone,1599.7,1173.5,1087.2,False
27.0,litholog10,litholog12,1,0,Planar Sandstone,Channel Sandstone,3387.6,-650.5,3324.6,False
27.0,litholog10,litholog2,1,0,Planar Sandstone,Channel Sandstone,4474.4,-3588.3,2672.9,False
27.0,litholog10,litholog3,1,0,Planar Sandstone,Channel Sandstone,3827.4,-3107.6,2234.3,False
27.0,litholog10,litholog4,1,5,Planar Sandstone,Overbank Mudstone,2942.3,-2652.1,1274.1,False
27.0,litholog10,litholog5,1,0,Planar Sandstone,Channel Sandstone,2538.1,-2239.8,1193.8,False
27.0,litholog10,litholog6,1,0,Planar Sandstone,Channel Sandstone,2285.4,-2268.3,278.5,False
27.0,litholog10,litholog7,1,5,Planar Sandstone,Overbank Mudstone,1729.6,-1693.9,-349.5,False
27.0,litholog10,litholog8,1,1,Planar Sandstone,Planar Sandstone,1028.1,-1006.7,-208.9,True
27.0,litholog10,litholog9,1,3,Planar Sandstone,Carbonaceous Mudstone,1229.4,332.1,1183.7,False
27.0,litholog11,litholog12,0,0,Channel Sandstone,Channel Sandstone,2886.7,-1824.0,2237.4,True
27.0,litholog11,litholog2,0,0,Channel Sandstone,Channel Sandstone,5018.8,-4761.8,1585.7,True
27.0,litholog11,litholog3,0,0,Channel Sandstone,Channel Sandstone,4432.1,-4281.1,1147.1,True
27.0,litholog11,litholog4,0,5,Channel Sandstone,Overbank Mudstone,3830.2,-3825.6,186.9,False
27.0,litholog11,litholog5,0,0,Channel Sandstone,Channel Sandstone,3415.0,-3413.3,106.6,True
27.0,litholog11,litholog6,0,0,Channel Sandstone,Channel Sandstone,3535.5,-3441.8,-808.7,True
27.0,litholog11,litholog7,0,5,Channel Sandstone,Overbank Mudstone,3207.2,-2867.4,-1436.7,False
27.0,litholog11,litholog8,0,1,Channel Sandstone,Planar Sandstone,2536.3,-2180.2,-1296.1,False
27.0,litholog11,litholog9,0,3,Channel Sandstone,Carbonaceous Mudstone,846.9,-841.4,96.5,False
27.0,litholog12,litholog2,0,0,Channel Sandstone,Channel Sandstone,3009.2,-2937.8,-651.7,True
27.0,litholog12,litholog3,0,0,Channel Sandstone,Channel Sandstone,2688.2,-2457.1,-1090.3,True
27.0,litholog12,litholog4,0,5,Channel Sandstone,Overbank Mudstone,2865.4,-2001.6,-2050.4,False
27.0,litholog12,litholog5,0,0,Channel Sandstone,Channel Sandstone,2658.3,-1589.4,-2130.8,True
27.0,litholog12,litholog6,0,0,Channel Sandstone,Channel Sandstone,3449.0,-1617.8,-3046.1,True
27.0,litholog12,litholog7,0,5,Channel Sandstone,Overbank Mudstone,3819.3,-1043.5,-3674.0,False
27.0,litholog12,litholog8,0,1,Channel Sandstone,Planar Sandstone,3551.3,-356.2,-3533.4,False
27.0,litholog12,litholog9,0,3,Channel Sandstone,Carbonaceous Mudstone,2355.6,982.6,-2140.9,False
27.0,litholog2,litholog3,0,0,Channel Sandstone,Channel Sandstone,650.7,480.6,-438.6,True
27.0,litholog2,litholog4,0,5,Channel Sandstone,Overbank Mudstone,1683.1,936.2,-1398.7,False
27.0,litholog2,litholog5,0,0,Channel Sandstone,Channel Sandstone,2001.5,1348.4,-1479.1,True
27.0,litholog2,litholog6,0,0,Channel Sandstone,Channel Sandstone,2734.1,1319.9,-2394.4,True
27.0,litholog2,litholog7,0,5,Channel Sandstone,Overbank Mudstone,3566.9,1894.3,-3022.4,False
27.0,litholog2,litholog8,0,1,Channel Sandstone,Planar Sandstone,3869.0,2581.6,-2881.7,False
27.0,litholog2,litholog9,0,3,Channel Sandstone,Carbonaceous Mudstone,4193.7,3920.3,-1489.2,False
27.0,litholog3,litholog4,0,5,Channel Sandstone,Overbank Mudstone,1062.7,455.5,-960.1,False
27.0,litholog3,litholog5,0,0,Channel Sandstone,Channel Sandstone,1354.9,867.8,-1040.5,True
27.0,litholog3,litholog6,0,0,Channel Sandstone,Channel Sandstone,2128.2,839.3,-1955.8,True
27.0,litholog3,litholog7,0,5,Channel Sandstone,Overbank Mudstone,2945.2,1413.7,-2583.7,False
27.0,litholog3,litholog8,0,1,Channel Sandstone,Planar Sandstone,3222.2,2100.9,-2443.1,False
27.0,litholog3,litholog9,0,3,Channel Sandstone,Carbonaceous Mudstone,3596.6,3439.7,-1050.6,False
27.0,litholog4,litholog5,5,0,Overbank Mudstone,Channel Sandstone,420.0,412.3,-80.4,False
27.0,litholog4,litholog6,5,0,Overbank Mudstone,Channel Sandstone,1067.0,383.8,-995.6,False
27.0,litholog4,litholog7,5,5,Overbank Mudstone,Overbank Mudstone,1885.3,958.2,-1623.6,True
27.0,litholog4,litholog8,5,1,Overbank Mudstone,Planar Sandstone,2215.1,1645.4,-1483.0,False
27.0,litholog4,litholog9,5,3,Overbank Mudstone,Carbonaceous Mudstone,2985.5,2984.2,-90.5,False
27.0,litholog5,litholog6,0,0,Channel Sandstone,Channel Sandstone,915.7,-28.5,-915.2,True
27.0,litholog5,litholog7,0,5,Channel Sandstone,Overbank Mudstone,1636.9,545.9,-1543.2,False
27.0,litholog5,litholog8,0,1,Channel Sandstone,Planar Sandstone,1867.6,1233.2,-1402.6,False
27.0,litholog5,litholog9,0,3,Channel Sandstone,Carbonaceous Mudstone,2571.9,2571.9,-10.1,False
27.0,litholog6,litholog7,0,5,Channel Sandstone,Overbank Mudstone,851.0,574.4,-628.0,False
27.0,litholog6,litholog8,0,1,Channel Sandstone,Planar Sandstone,1352.5,1261.6,-487.4,False
27.0,litholog6,litholog9,0,3,Channel Sandstone,Carbonaceous Mudstone,2753.4,2600.4,905.2,False
27.0,litholog7,litholog8,5,1,Overbank Mudstone,Planar Sandstone,701.5,687.3,140.6,False
27.0,litholog7,litholog9,5,3,Overbank Mudstone,Carbonaceous Mudstone,2540.7,2026.0,1533.2,False
27.0,litholog8,litholog9,1,3,Planar Sandstone,Carbonaceous Mudstone,1931.7,1338.8,1392.5,False
28.0,litholog10,litholog11,1,0,Planar Sandstone,Channel Sandstone,1599.7,1173.5,1087.2,False
28.0,litholog10,litholog12,1,0,Planar Sandstone,Channel Sandstone,3387.6,-650.5,3324.6,False
28.0,litholog10,litholog2,1,0,Planar Sandstone,Channel Sandstone,4474.4,-3588.3,2672.9,False
28.0,litholog10,litholog3,1,0,Planar Sandstone,Channel Sandstone,3827.4,-3107.6,2234.3,False
28.0,litholog10,litholog4,1,5,Planar Sandstone,Overbank Mudstone,2942.3,-2652.1,1274.1,False
28.0,litholog10,litholog5,1,0,Planar Sandstone,Channel Sandstone,2538.1,-2239.8,1193.8,False
28.0,litholog10,litholog6,1,0,Planar Sandstone,Channel Sandstone,2285.4,-2268.3,278.5,False
28.0,litholog10,litholog7,1,5,Planar Sandstone,Overbank Mudstone,1729.6,-1693.9,-349.5,False
28.0,litholog10,litholog8,1,5,Planar Sandstone,Overbank Mudstone,1028.1,-1006.7,-208.9,False
28.0,litholog10,litholog9,1,5,Planar Sandstone,Overbank Mudstone,1229.4,332.1,1183.7,False
28.0,litholog11,litholog12,0,0,Channel Sandstone,Channel Sandstone,2886.7,-1824.0,2237.4,True
28.0,litholog11,litholog2,0,0,Channel Sandstone,Channel Sandstone,5018.8,-4761.8,1585.7,True
28.0,litholog11,litholog3,0,0,Channel Sandstone,Channel Sandstone,4432.1,-4281.1,1147.1,True
28.0,litholog11,litholog4,0,5,Channel Sandstone,Overbank Mudstone,3830.2,-3825.6,186.9,False
28.0,litholog11,litholog5,0,0,Channel Sandstone,Channel Sandstone,3415.0,-3413.3,106.6,True
28.0,litholog11,litholog6,0,0,Channel Sandstone,Channel Sandstone,3535.5,-3441.8,-808.7,True
28.0,litholog11,litholog7,0,5,Channel Sandstone,Overbank Mudstone,3207.2,-2867.4,-1436.7,False
28.0,litholog11,litholog8,0,5,Channel Sandstone,Overbank Mudstone,2536.3,-2180.2,-1296.1,False
28.0,litholog11,litholog9,0,5,Channel Sandstone,Overbank Mudstone,846.9,-841.4,96.5,False
28.0,litholog12,litholog2,0,0,Channel Sandstone,Channel Sandstone,3009.2,-2937.8,-651.7,True
28.0,litholog12,litholog3,0,0,Channel Sandstone,Channel Sandstone,2688.2,-2457.1,-1090.3,True
28.0,litholog12,litholog4,0,5,Channel Sandstone,Overbank Mudstone,2865.4,-2001.6,-2050.4,False
28.0,litholog12,litholog5,0,0,Channel Sandstone,Channel Sandstone,2658.3,-1589.4,-2130.8,True
28.0,litholog12,litholog6,0,0,Channel Sandstone,Channel Sandstone,3449.0,-1617.8,-3046.1,True
28.0,litholog12,litholog7,0,5,Channel Sandstone,Overbank Mudstone,3819.3,-1043.5,-3674.0,False
28.0,litholog12,litholog8,0,5,Channel Sandstone,Overbank Mudstone,3551.3,-356.2,-3533.4,False
28.0,litholog12,litholog9,0,5,Channel Sandstone,Overbank Mudstone,2355.6,982.6,-2140.9,False
28.0,litholog2,litholog3,0,0,Channel Sandstone,Channel Sandstone,650.7,480.6,-438.6,True
28.0,litholog2,litholog4,0,5,Channel Sandstone,Overbank Mudstone,1683.1,936.2,-1398.7,False
28.0,litholog2,litholog5,0,0,Channel Sandstone,Channel Sandstone,2001.5,1348.4,-1479.1,True
28.0,litholog2,litholog6,0,0,Channel Sandstone,Channel Sandstone,2734.1,1319.9,-2394.4,True
28.0,litholog2,litholog7,0,5,Channel Sandstone,Overbank Mudstone,3566.9,1894.3,-3022.4,False
28.0,litholog2,litholog8,0,5,Channel Sandstone,Overbank Mudstone,3869.0,2581.6,-2881.7,False
28.0,litholog2,litholog9,0,5,Channel Sandstone,Overbank Mudstone,4193.7,3920.3,-1489.2,False
28.0,litholog3,litholog4,0,5,Channel Sandstone,Overbank Mudstone,1062.7,455.5,-960.1,False
28.0,litholog3,litholog5,0,0,Channel Sandstone,Channel Sandstone,1354.9,867.8,-1040.5,True
28.0,litholog3,litholog6,0,0,Channel Sandstone,Channel Sandstone,2128.2,839.3,-1955.8,True
28.0,litholog3,litholog7,0,5,Channel Sandstone,Overbank Mudstone,2945.2,1413.7,-2583.7,False
28.0,litholog3,litholog8,0,5,Channel Sandstone,Overbank Mudstone,3222.2,2100.9,-2443.1,False
28.0,litholog3,litholog9,0,5,Channel Sandstone,Overbank Mudstone,3596.6,3439.7,-1050.6,False
28.0,litholog4,litholog5,5,0,Overbank Mudstone,Channel Sandstone,420.0,412.3,-80.4,False
28.0,litholog4,litholog6,5,0,Overbank Mudstone,Channel Sandstone,1067.0,383.8,-995.6,False
28.0,litholog4,litholog7,5,5,Overbank Mudstone,Overbank Mudstone,1885.3,958.2,-1623.6,True
28.0,litholog4,litholog8,5,5,Overbank Mudstone,Overbank Mudstone,2215.1,1645.4,-1483.0,True
28.0,litholog4,litholog9,5,5,Overbank Mudstone,Overbank Mudstone,2985.5,2984.2,-90.5,True
28.0,litholog5,litholog6,0,0,Channel Sandstone,Channel Sandstone,915.7,-28.5,-915.2,True
28.0,litholog5,litholog7,0,5,Channel Sandstone,Overbank Mudstone,1636.9,545.9,-1543.2,False
28.0,litholog5,litholog8,0,5,Channel Sandstone,Overbank Mudstone,1867.6,1233.2,-1402.6,False
28.0,litholog5,litholog9,0,5,Channel Sandstone,Overbank Mudstone,2571.9,2571.9,-10.1,False
28.0,litholog6,litholog7,0,5,Channel Sandstone,Overbank Mudstone,851.0,574.4,-628.0,False
28.0,litholog6,litholog8,0,5,Channel Sandstone,Overbank Mudstone,1352.5,1261.6,-487.4,False
28.0,litholog6,litholog9,0,5,Channel Sandstone,Overbank Mudstone,2753.4,2600.4,905.2,False
28.0,litholog7,litholog8,5,5,Overbank Mudstone,Overbank Mudstone,701.5,687.3,140.6,True
28.0,litholog7,litholog9,5,5,Overbank Mudstone,Overbank Mudstone,2540.7,2026.0,1533.2,True
28.0,litholog8,litholog9,5,5,Overbank Mudstone,Overbank Mudstone,1931.7,1338.8,1392.5,True
29.0,litholog10,litholog11,5,0,Overbank Mudstone,Channel Sandstone,1599.7,1173.5,1087.2,False
29.0,litholog10,litholog12,5,0,Overbank Mudstone,Channel Sandstone,3387.6,-650.5,3324.6,False
29.0,litholog10,litholog2,5,0,Overbank Mudstone,Channel Sandstone,4474.4,-3588.3,2672.9,False
29.0,litholog10,litholog3,5,0,Overbank Mudstone,Channel Sandstone,3827.4,-3107.6,2234.3,False
29.0,litholog10,litholog4,5,0,Overbank Mudstone,Channel Sandstone,2942.3,-2652.1,1274.1,False
29.0,litholog10,litholog5,5,0,Overbank Mudstone,Channel Sandstone,2538.1,-2239.8,1193.8,False
29.0,litholog10,litholog6,5,0,Overbank Mudstone,Channel Sandstone,2285.4,-2268.3,278.5,False
29.0,litholog10,litholog7,5,5,Overbank Mudstone,Overbank Mudstone,1729.6,-1693.9,-349.5,True
29.0,litholog10,litholog8,5,5,Overbank Mudstone,Overbank Mudstone,1028.1,-1006.7,-208.9,True
29.0,litholog10,litholog9,5,1,Overbank Mudstone,Planar Sandstone,1229.4,332.1,1183.7,False
29.0,litholog11,litholog12,0,0,Channel Sandstone,Channel Sandstone,2886.7,-1824.0,2237.4,True
29.0,litholog11,litholog2,0,0,Channel Sandstone,Channel Sandstone,5018.8,-4761.8,1585.7,True
29.0,litholog11,litholog3,0,0,Channel Sandstone,Channel Sandstone,4432.1,-4281.1,1147.1,True
29.0,litholog11,litholog4,0,0,Channel Sandstone,Channel Sandstone,3830.2,-3825.6,186.9,True
29.0,litholog11,litholog5,0,0,Channel Sandstone,Channel Sandstone,3415.0,-3413.3,106.6,True
29.0,litholog11,litholog6,0,0,Channel Sandstone,Channel Sandstone,3535.5,-3441.8,-808.7,True
29.0,litholog11,litholog7,0,5,Channel Sandstone,Overbank Mudstone,3207.2,-2867.4,-1436.7,False
29.0,litholog11,litholog8,0,5,Channel Sandstone,Overbank Mudstone,2536.3,-2180.2,-1296.1,False
29.0,litholog11,litholog9,0,1,Channel Sandstone,Planar Sandstone,846.9,-841.4,96.5,False
29.0,litholog12,litholog2,0,0,Channel Sandstone,Channel Sandstone,3009.2,-2937.8,-651.7,True
29.0,litholog12,litholog3,0,0,Channel Sandstone,Channel Sandstone,2688.2,-2457.1,-1090.3,True
29.0,litholog12,litholog4,0,0,Channel Sandstone,Channel Sandstone,2865.4,-2001.6,-2050.4,True
29.0,litholog12,litholog5,0,0,Channel Sandstone,Channel Sandstone,2658.3,-1589.4,-2130.8,True
29.0,litholog12,litholog6,0,0,Channel Sandstone,Channel Sandstone,3449.0,-1617.8,-3046.1,True
29.0,litholog12,litholog7,0,5,Channel Sandstone,Overbank Mudstone,3819.3,-1043.5,-3674.0,False
29.0,litholog12,litholog8,0,5,Channel Sandstone,Overbank Mudstone,3551.3,-356.2,-3533.4,False
29.0,litholog12,litholog9,0,1,Channel Sandstone,Planar Sandstone,2355.6,982.6,-2140.9,False
29.0,litholog2,litholog3,0,0,Channel Sandstone,Channel Sandstone,650.7,480.6,-438.6,True
29.0,litholog2,litholog4,0,0,Channel Sandstone,Channel Sandstone,1683.1,936.2,-1398.7,True
29.0,litholog2,litholog5,0,0,Channel Sandstone,Channel Sandstone,2001.5,1348.4,-1479.1,True
29.0,litholog2,litholog6,0,0,Channel Sandstone,Channel Sandstone,2734.1,1319.9,-2394.4,True
29.0,litholog2,litholog7,0,5,Channel Sandstone,Overbank Mudstone,3566.9,1894.3,-3022.4,False
29.0,litholog2,litholog8,0,5,Channel Sandstone,Overbank Mudstone,3869.0,2581.6,-2881.7,False
29.0,litholog2,litholog9,0,1,Channel Sandstone,Planar Sandstone,4193.7,3920.3,-1489.2,False
29.0,litholog3,litholog4,0,0,Channel Sandstone,Channel Sandstone,1062.7,455.5,-960.1,True
29.0,litholog3,litholog5,0,0,Channel Sandstone,Channel Sandstone,1354.9,867.8,-1040.5,True
29.0,litholog3,litholog6,0,0,Channel Sandstone,Channel Sandstone,2128.2,839.3,-1955.8,True
29.0,litholog3,litholog7,0,5,Channel Sandstone,Overbank Mudstone,2945.2,1413.7,-2583.7,False
29.0,litholog3,litholog8,0,5,Channel Sandstone,Overbank Mudstone,3222.2,2100.9,-2443.1,False
29.0,litholog3,litholog9,0,1,Channel Sandstone,Planar Sandstone,3596.6,3439.7,-1050.6,False
29.0,litholog4,litholog5,0,0,Channel Sandstone,Channel Sandstone,420.0,412.3,-80.4,True
29.0,litholog4,litholog6,0,0,Channel Sandstone,Channel Sandstone,1067.0,383.8,-995.6,True
29.0,litholog4,litholog7,0,5,Channel Sandstone,Overbank Mudstone,1885.3,958.2,-1623.6,False
29.0,litholog4,litholog8,0,5,Channel Sandstone,Overbank Mudstone,2215.1,1645.4,-1483.0,False
29.0,litholog4,litholog9,0,1,Channel Sandstone,Planar Sandstone,2985.5,2984.2,-90.5,False
29.0,litholog5,litholog6,0,0,Channel Sandstone,Channel Sandstone,915.7,-28.5,-915.2,True
29.0,litholog5,litholog7,0,5,Channel Sandstone,Overbank Mudstone,1636.9,545.9,-1543.2,False
29.0,litholog5,litholog8,0,5,Channel Sandstone,Overbank Mudstone,1867.6,1233.2,-1402.6,False
29.0,litholog5,litholog9,0,1,Channel Sandstone,Planar Sandstone,2571.9,2571.9,-10.1,False
29.0,litholog6,litholog7,0,5,Channel Sandstone,Overbank Mudstone,851.0,574.4,-628.0,False
29.0,litholog6,litholog8,0,5,Channel Sandstone,Overbank Mudstone,1352.5,1261.6,-487.4,False
29.0,litholog6,litholog9,0,1,Channel Sandstone,Planar Sandstone,2753.4,2600.4,905.2,False
29.0,litholog7,litholog8,5,5,Overbank Mudstone,Overbank Mudstone,701.5,687.3,140.6,True
29.0,litholog7,litholog9,5,1,Overbank Mudstone,Planar Sandstone,2540.7,2026.0,1533.2,False
29.0,litholog8,litholog9,5,1,Overbank Mudstone,Planar Sandstone,1931.7,1338.8,1392.5,False
30.0,litholog10,litholog11,5,0,Overbank Mudstone,Channel Sandstone,1599.7,1173.5,1087.2,False
30.0,litholog10,litholog12,5,5,Overbank Mudstone,Overbank Mudstone,3387.6,-650.5,3324.6,True
30.0,litholog10,litholog2,5,0,Overbank Mudstone,Channel Sandstone,4474.4,-3588.3,2672.9,False
30.0,litholog10,litholog3,5,0,Overbank Mudstone,Channel Sandstone,3827.4,-3107.6,2234.3,False
30.0,litholog10,litholog4,5,0,Overbank Mudstone,Channel Sandstone,2942.3,-2652.1,1274.1,False
30.0,litholog10,litholog5,5,0,Overbank Mudstone,Channel Sandstone,2538.1,-2239.8,1193.8,False
30.0,litholog10,litholog6,5,0,Overbank Mudstone,Channel Sandstone,2285.4,-2268.3,278.5,False
30.0,litholog10,litholog7,5,5,Overbank Mudstone,Overbank Mudstone,1729.6,-1693.9,-349.5,True
30.0,litholog10,litholog8,5,0,Overbank Mudstone,Channel Sandstone,1028.1,-1006.7,-208.9,False
30.0,litholog10,litholog9,5,0,Overbank Mudstone,Channel Sandstone,1229.4,332.1,1183.7,False
30.0,litholog11,litholog12,0,5,Channel Sandstone,Overbank Mudstone,2886.7,-1824.0,2237.4,False
30.0,litholog11,litholog2,0,0,Channel Sandstone,Channel Sandstone,5018.8,-4761.8,1585.7,True
30.0,litholog11,litholog3,0,0,Channel Sandstone,Channel Sandstone,4432.1,-4281.1,1147.1,True
30.0,litholog11,litholog4,0,0,Channel Sandstone,Channel Sandstone,3830.2,-3825.6,186.9,True
30.0,litholog11,litholog5,0,0,Channel Sandstone,Channel Sandstone,3415.0,-3413.3,106.6,True
30.0,litholog11,litholog6,0,0,Channel Sandstone,Channel Sandstone,3535.5,-3441.8,-808.7,True
30.0,litholog11,litholog7,0,5,Channel Sandstone,Overbank Mudstone,3207.2,-2867.4,-1436.7,False
30.0,litholog11,litholog8,0,0,Channel Sandstone,Channel Sandstone,2536.3,-2180.2,-1296.1,True
30.0,litholog11,litholog9,0,0,Channel Sandstone,Channel Sandstone,846.9,-841.4,96.5,True
30.0,litholog12,litholog2,5,0,Overbank Mudstone,Channel Sandstone,3009.2,-2937.8,-651.7,False
30.0,litholog12,litholog3,5,0,Overbank Mudstone,Channel Sandstone,2688.2,-2457.1,-1090.3,False
30.0,litholog12,litholog4,5,0,Overbank Mudstone,Channel Sandstone,2865.4,-2001.6,-2050.4,False
30.0,litholog12,litholog5,5,0,Overbank Mudstone,Channel Sandstone,2658.3,-1589.4,-2130.8,False
30.0,litholog12,litholog6,5,0,Overbank Mudstone,Channel Sandstone,3449.0,-1617.8,-3046.1,False
30.0,litholog12,litholog7,5,5,Overbank Mudstone,Overbank Mudstone,3819.3,-1043.5,-3674.0,True
30.0,litholog12,litholog8,5,0,Overbank Mudstone,Channel Sandstone,3551.3,-356.2,-3533.4,False
30.0,litholog12,litholog9,5,0,Overbank Mudstone,Channel Sandstone,2355.6,982.6,-2140.9,False
30.0,litholog2,litholog3,0,0,Channel Sandstone,Channel Sandstone,650.7,480.6,-438.6,True
30.0,litholog2,litholog4,0,0,Channel Sandstone,Channel Sandstone,1683.1,936.2,-1398.7,True
30.0,litholog2,litholog5,0,0,Channel Sandstone,Channel Sandstone,2001.5,1348.4,-1479.1,True
30.0,litholog2,litholog6,0,0,Channel Sandstone,Channel Sandstone,2734.1,1319.9,-2394.4,True
30.0,litholog2,litholog7,0,5,Channel Sandstone,Overbank Mudstone,3566.9,1894.3,-3022.4,False
30.0,litholog2,litholog8,0,0,Channel Sandstone,Channel Sandstone,3869.0,2581.6,-2881.7,True
30.0,litholog2,litholog9,0,0,Channel Sandstone,Channel Sandstone,4193.7,3920.3,-1489.2,True
30.0,litholog3,litholog4,0,0,Channel Sandstone,Channel Sandstone,1062.7,455.5,-960.1,True
30.0,litholog3,litholog5,0,0,Channel Sandstone,Channel Sandstone,1354.9,867.8,-1040.5,True
30.0,litholog3,litholog6,0,0,Channel Sandstone,Channel Sandstone,2128.2,839.3,-1955.8,True
30.0,litholog3,litholog7,0,5,Channel Sandstone,Overbank Mudstone,2945.2,1413.7,-2583.7,False
30.0,litholog3,litholog8,0,0,Channel Sandstone,Channel Sandstone,3222.2,2100.9,-2443.1,True
30.0,litholog3,litholog9,0,0,Channel Sandstone,Channel Sandstone,3596.6,3439.7,-1050.6,True
30.0,litholog4,litholog5,0,0,Channel Sandstone,Channel Sandstone,420.0,412.3,-80.4,True
30.0,litholog4,litholog6,0,0,Channel Sandstone,Channel Sandstone,1067.0,383.8,-995.6,True
30.0,litholog4,litholog7,0,5,Channel Sandstone,Overbank Mudstone,1885.3,958.2,-1623.6,False
30.0,litholog4,litholog8,0,0,Channel Sandstone,Channel Sandstone,2215.1,1645.4,-1483.0,True
30.0,litholog4,litholog9,0,0,Channel Sandstone,Channel Sandstone,2985.5,2984.2,-90.5,True
30.0,litholog5,litholog6,0,0,Channel Sandstone,Channel Sandstone,915.7,-28.5,-915.2,True
30.0,litholog5,litholog7,0,5,Channel Sandstone,Overbank Mudstone,1636.9,545.9,-1543.2,False
30.0,litholog5,litholog8,0,0,Channel Sandstone,Channel Sandstone,1867.6,1233.2,-1402.6,True
30.0,litholog5,litholog9,0,0,Channel Sandstone,Channel Sandstone,2571.9,2571.9,-10.1,True
30.0,litholog6,litholog7,0,5,Channel Sandstone,Overbank Mudstone,851.0,574.4,-628.0,False
30.0,litholog6,litholog8,0,0,Channel Sandstone,Channel Sandstone,1352.5,1261.6,-487.4,True
30.0,litholog6,litholog9,0,0,Channel Sandstone,Channel Sandstone,2753.4,2600.4,905.2,True
30.0,litholog7,litholog8,5,0,Overbank Mudstone,Channel Sandstone,701.5,687.3,140.6,False
30.0,litholog7,litholog9,5,0,Overbank Mudstone,Channel Sandstone,2540.7,2026.0,1533.2,False
30.0,litholog8,litholog9,0,0,Channel Sandstone,Channel Sandstone,1931.7,1338.8,1392.5,True
31.0,litholog10,litholog11,5,0,Overbank Mudstone,Channel Sandstone,1599.7,1173.5,1087.2,False
31.0,litholog10,litholog12,5,5,Overbank Mudstone,Overbank Mudstone,3387.6,-650.5,3324.6,True
31.0,litholog10,litholog2,5,0,Overbank Mudstone,Channel Sandstone,4474.4,-3588.3,2672.9,False
31.0,litholog10,litholog3,5,0,Overbank Mudstone,Channel Sandstone,3827.4,-3107.6,2234.3,False
31.0,litholog10,litholog4,5,0,Overbank Mudstone,Channel Sandstone,2942.3,-2652.1,1274.1,False
31.0,litholog10,litholog5,5,0,Overbank Mudstone,Channel Sandstone,2538.1,-2239.8,1193.8,False
31.0,litholog10,litholog6,5,0,Overbank Mudstone,Channel Sandstone,2285.4,-2268.3,278.5,False
31.0,litholog10,litholog7,5,5,Overbank Mudstone,Overbank Mudstone,1729.6,-1693.9,-349.5,True
31.0,litholog10,litholog8,5,0,Overbank Mudstone,Channel Sandstone,1028.1,-1006.7,-208.9,False
31.0,litholog10,litholog9,5,0,Overbank Mudstone,Channel Sandstone,1229.4,332.1,1183.7,False
31.0,litholog11,litholog12,0,5,Channel Sandstone,Overbank Mudstone,2886.7,-1824.0,2237.4,False
31.0,litholog11,litholog2,0,0,Channel Sandstone,Channel Sandstone,5018.8,-4761.8,1585.7,True
31.0,litholog11,litholog3,0,0,Channel Sandstone,Channel Sandstone,4432.1,-4281.1,1147.1,True
31.0,litholog11,litholog4,0,0,Channel Sandstone,Channel Sandstone,3830.2,-3825.6,186.9,True
31.0,litholog11,litholog5,0,0,Channel Sandstone,Channel Sandstone,3415.0,-3413.3,106.6,True
31.0,litholog11,litholog6,0,0,Channel Sandstone,Channel Sandstone,3535.5,-3441.8,-808.7,True
31.0,litholog11,litholog7,0,5,Channel Sandstone,Overbank Mudstone,3207.2,-2867.4,-1436.7,False
31.0,litholog11,litholog8,0,0,Channel Sandstone,Channel Sandstone,2536.3,-2180.2,-1296.1,True
31.0,litholog11,litholog9,0,0,Channel Sandstone,Channel Sandstone,846.9,-841.4,96.5,True
31.0,litholog12,litholog2,5,0,Overbank Mudstone,Channel Sandstone,3009.2,-2937.8,-651.7,False
31.0,litholog12,litholog3,5,0,Overbank Mudstone,Channel Sandstone,2688.2,-2457.1,-1090.3,False
31.0,litholog12,litholog4,5,0,Overbank Mudstone,Channel Sandstone,2865.4,-2001.6,-2050.4,False
31.0,litholog12,litholog5,5,0,Overbank Mudstone,Channel Sandstone,2658.3,-1589.4,-2130.8,False
31.0,litholog12,litholog6,5,0,Overbank Mudstone,Channel Sandstone,3449.0,-1617.8,-3046.1,False
31.0,litholog12,litholog7,5,5,Overbank Mudstone,Overbank Mudstone,3819.3,-1043.5,-3674.0,True
31.0,litholog12,litholog8,5,0,Overbank Mudstone,Channel Sandstone,3551.3,-356.2,-3533.4,False
31.0,litholog12,litholog9,5,0,Overbank Mudstone,Channel Sandstone,2355.6,982.6,-2140.9,False
31.0,litholog2,litholog3,0,0,Channel Sandstone,Channel Sandstone,650.7,480.6,-438.6,True
31.0,litholog2,litholog4,0,0,Channel Sandstone,Channel Sandstone,1683.1,936.2,-1398.7,True
31.0,litholog2,litholog5,0,0,Channel Sandstone,Channel Sandstone,2001.5,1348.4,-1479.1,True
31.0,litholog2,litholog6,0,0,Channel Sandstone,Channel Sandstone,2734.1,1319.9,-2394.4,True
31.0,litholog2,litholog7,0,5,Channel Sandstone,Overbank Mudstone,3566.9,1894.3,-3022.4,False
31.0,litholog2,litholog8,0,0,Channel Sandstone,Channel Sandstone,3869.0,2581.6,-2881.7,True
31.0,litholog2,litholog9,0,0,Channel Sandstone,Channel Sandstone,4193.7,3920.3,-1489.2,True
31.0,litholog3,litholog4,0,0,Channel Sandstone,Channel Sandstone,1062.7,455.5,-960.1,True
31.0,litholog3,litholog5,0,0,Channel Sandstone,Channel Sandstone,1354.9,867.8,-1040.5,True
31.0,litholog3,litholog6,0,0,Channel Sandstone,Channel Sandstone,2128.2,839.3,-1955.8,True
31.0,litholog3,litholog7,0,5,Channel Sandstone,Overbank Mudstone,2945.2,1413.7,-2583.7,False
31.0,litholog3,litholog8,0,0,Channel Sandstone,Channel Sandstone,3222.2,2100.9,-2443.1,True
31.0,litholog3,litholog9,0,0,Channel Sandstone,Channel Sandstone,3596.6,3439.7,-1050.6,True
31.0,litholog4,litholog5,0,0,Channel Sandstone,Channel Sandstone,420.0,412.3,-80.4,True
31.0,litholog4,litholog6,0,0,Channel Sandstone,Channel Sandstone,1067.0,383.8,-995.6,True
31.0,litholog4,litholog7,0,5,Channel Sandstone,Overbank Mudstone,1885.3,958.2,-1623.6,False
31.0,litholog4,litholog8,0,0,Channel Sandstone,Channel Sandstone,2215.1,1645.4,-1483.0,True
31.0,litholog4,litholog9,0,0,Channel Sandstone,Channel Sandstone,2985.5,2984.2,-90.5,True
31.0,litholog5,litholog6,0,0,Channel Sandstone,Channel Sandstone,915.7,-28.5,-915.2,True
31.0,litholog5,litholog7,0,5,Channel Sandstone,Overbank Mudstone,1636.9,545.9,-1543.2,False
31.0,litholog5,litholog8,0,0,Channel Sandstone,Channel Sandstone,1867.6,1233.2,-1402.6,True
31.0,litholog5,litholog9,0,0,Channel Sandstone,Channel Sandstone,2571.9,2571.9,-10.1,True
31.0,litholog6,litholog7,0,5,Channel Sandstone,Overbank Mudstone,851.0,574.4,-628.0,False
31.0,litholog6,litholog8,0,0,Channel Sandstone,Channel Sandstone,1352.5,1261.6,-487.4,True
31.0,litholog6,litholog9,0,0,Channel Sandstone,Channel Sandstone,2753.4,2600.4,905.2,True
31.0,litholog7,litholog8,5,0,Overbank Mudstone,Channel Sandstone,701.5,687.3,140.6,False
31.0,litholog7,litholog9,5,0,Overbank Mudstone,Channel Sandstone,2540.7,2026.0,1533.2,False
31.0,litholog8,litholog9,0,0,Channel Sandstone,Channel Sandstone,1931.7,1338.8,1392.5,True
32.0,litholog10,litholog11,0,0,Channel Sandstone,Channel Sandstone,1599.7,1173.5,1087.2,True
32.0,litholog10,litholog12,0,4,Channel Sandstone,Coal,3387.6,-650.5,3324.6,False
32.0,litholog10,litholog2,0,0,Channel Sandstone,Channel Sandstone,4474.4,-3588.3,2672.9,True
32.0,litholog10,litholog3,0,2,Channel Sandstone,Rippled Heterolithics,3827.4,-3107.6,2234.3,False
32.0,litholog10,litholog4,0,0,Channel Sandstone,Channel Sandstone,2942.3,-2652.1,1274.1,True
32.0,litholog10,litholog5,0,0,Channel Sandstone,Channel Sandstone,2538.1,-2239.8,1193.8,True
32.0,litholog10,litholog6,0,5,Channel Sandstone,Overbank Mudstone,2285.4,-2268.3,278.5,False
32.0,litholog10,litholog7,0,5,Channel Sandstone,Overbank Mudstone,1729.6,-1693.9,-349.5,False
32.0,litholog10,litholog8,0,0,Channel Sandstone,Channel Sandstone,1028.1,-1006.7,-208.9,True
32.0,litholog10,litholog9,0,0,Channel Sandstone,Channel Sandstone,1229.4,332.1,1183.7,True
32.0,litholog11,litholog12,0,4,Channel Sandstone,Coal,2886.7,-1824.0,2237.4,False
32.0,litholog11,litholog2,0,0,Channel Sandstone,Channel Sandstone,5018.8,-4761.8,1585.7,True
32.0,litholog11,litholog3,0,2,Channel Sandstone,Rippled Heterolithics,4432.1,-4281.1,1147.1,False
32.0,litholog11,litholog4,0,0,Channel Sandstone,Channel Sandstone,3830.2,-3825.6,186.9,True
32.0,litholog11,litholog5,0,0,Channel Sandstone,Channel Sandstone,3415.0,-3413.3,106.6,True
32.0,litholog11,litholog6,0,5,Channel Sandstone,Overbank Mudstone,3535.5,-3441.8,-808.7,False
32.0,litholog11,litholog7,0,5,Channel Sandstone,Overbank Mudstone,3207.2,-2867.4,-1436.7,False
32.0,litholog11,litholog8,0,0,Channel Sandstone,Channel Sandstone,2536.3,-2180.2,-1296.1,True
32.0,litholog11,litholog9,0,0,Channel Sandstone,Channel Sandstone,846.9,-841.4,96.5,True
32.0,litholog12,litholog2,4,0,Coal,Channel Sandstone,3009.2,-2937.8,-651.7,False
32.0,litholog12,litholog3,4,2,Coal,Rippled Heterolithics,2688.2,-2457.1,-1090.3,False
32.0,litholog12,litholog4,4,0,Coal,Channel Sandstone,2865.4,-2001.6,-2050.4,False
32.0,litholog12,litholog5,4,0,Coal,Channel Sandstone,2658.3,-1589.4,-2130.8,False
32.0,litholog12,litholog6,4,5,Coal,Overbank Mudstone,3449.0,-1617.8,-3046.1,False
32.0,litholog12,litholog7,4,5,Coal,Overbank Mudstone,3819.3,-1043.5,-3674.0,False
32.0,litholog12,litholog8,4,0,Coal,Channel Sandstone,3551.3,-356.2,-3533.4,False
32.0,litholog12,litholog9,4,0,Coal,Channel Sandstone,2355.6,982.6,-2140.9,False
32.0,litholog2,litholog3,0,2,Channel Sandstone,Rippled Heterolithics,650.7,480.6,-438.6,False
32.0,litholog2,litholog4,0,0,Channel Sandstone,Channel Sandstone,1683.1,936.2,-1398.7,True
32.0,litholog2,litholog5,0,0,Channel Sandstone,Channel Sandstone,2001.5,1348.4,-1479.1,True
32.0,litholog2,litholog6,0,5,Channel Sandstone,Overbank Mudstone,2734.1,1319.9,-2394.4,False
32.0,litholog2,litholog7,0,5,Channel Sandstone,Overbank Mudstone,3566.9,1894.3,-3022.4,False
32.0,litholog2,litholog8,0,0,Channel Sandstone,Channel Sandstone,3869.0,2581.6,-2881.7,True
32.0,litholog2,litholog9,0,0,Channel Sandstone,Channel Sandstone,4193.7,3920.3,-1489.2,True
32.0,litholog3,litholog4,2,0,Rippled Heterolithics,Channel Sandstone,1062.7,455.5,-960.1,False
32.0,litholog3,litholog5,2,0,Rippled Heterolithics,Channel Sandstone,1354.9,867.8,-1040.5,False
32.0,litholog3,litholog6,2,5,Rippled Heterolithics,Overbank Mudstone,2128.2,839.3,-1955.8,False
32.0,litholog3,litholog7,2,5,Rippled Heterolithics,Overbank Mudstone,2945.2,1413.7,-2583.7,False
32.0,litholog3,litholog8,2,0,Rippled Heterolithics,Channel Sandstone,3222.2,2100.9,-2443.1,False
32.0,litholog3,litholog9,2,0,Rippled Heterolithics,Channel Sandstone,3596.6,3439.7,-1050.6,False
32.0,litholog4,litholog5,0,0,Channel Sandstone,Channel Sandstone,420.0,412.3,-80.4,True
32.0,litholog4,litholog6,0,5,Channel Sandstone,Overbank Mudstone,1067.0,383.8,-995.6,False
32.0,litholog4,litholog7,0,5,Channel Sandstone,Overbank Mudstone,1885.3,958.2,-1623.6,False
32.0,litholog4,litholog8,0,0,Channel Sandstone,Channel Sandstone,2215.1,1645.4,-1483.0,True
32.0,litholog4,litholog9,0,0,Channel Sandstone,Channel Sandstone,2985.5,2984.2,-90.5,True
32.0,litholog5,litholog6,0,5,Channel Sandstone,Overbank Mudstone,915.7,-28.5,-915.2,False
32.0,litholog5,litholog7,0,5,Channel Sandstone,Overbank Mudstone,1636.9,545.9,-1543.2,False
32.0,litholog5,litholog8,0,0,Channel Sandstone,Channel Sandstone,1867.6,1233.2,-1402.6,True
32.0,litholog5,litholog9,0,0,Channel Sandstone,Channel Sandstone,2571.9,2571.9,-10.1,True
32.0,litholog6,litholog7,5,5,Overbank Mudstone,Overbank Mudstone,851.0,574.4,-628.0,True
32.0,litholog6,litholog8,5,0,Overbank Mudstone,Channel Sandstone,1352.5,1261.6,-487.4,False
32.0,litholog6,litholog9,5,0,Overbank Mudstone,Channel Sandstone,2753.4,2600.4,905.2,False
32.0,litholog7,litholog8,5,0,Overbank Mudstone,Channel Sandstone,701.5,687.3,140.6,False
32.0,litholog7,litholog9,5,0,Overbank Mudstone,Channel Sandstone,2540.7,2026.0,1533.2,False
32.0,litholog8,litholog9,0,0,Channel Sandstone,Channel Sandstone,1931.7,1338.8,1392.5,True
33.0,litholog10,litholog11,0,0,Channel Sandstone,Channel Sandstone,1599.7,1173.5,1087.2,True
33.0,litholog10,litholog12,0,4,Channel Sandstone,Coal,3387.6,-650.5,3324.6,False
33.0,litholog10,litholog2,0,0,Channel Sandstone,Channel Sandstone,4474.4,-3588.3,2672.9,True
33.0,litholog10,litholog3,0,2,Channel Sandstone,Rippled Heterolithics,3827.4,-3107.6,2234.3,False
33.0,litholog10,litholog4,0,0,Channel Sandstone,Channel Sandstone,2942.3,-2652.1,1274.1,True
33.0,litholog10,litholog5,0,5,Channel Sandstone,Overbank Mudstone,2538.1,-2239.8,1193.8,False
33.0,litholog10,litholog6,0,5,Channel Sandstone,Overbank Mudstone,2285.4,-2268.3,278.5,False
33.0,litholog10,litholog7,0,1,Channel Sandstone,Planar Sandstone,1729.6,-1693.9,-349.5,False
33.0,litholog10,litholog8,0,5,Channel Sandstone,Overbank Mudstone,1028.1,-1006.7,-208.9,False
33.0,litholog10,litholog9,0,0,Channel Sandstone,Channel Sandstone,1229.4,332.1,1183.7,True
33.0,litholog11,litholog12,0,4,Channel Sandstone,Coal,2886.7,-1824.0,2237.4,False
33.0,litholog11,litholog2,0,0,Channel Sandstone,Channel Sandstone,5018.8,-4761.8,1585.7,True
33.0,litholog11,litholog3,0,2,Channel Sandstone,Rippled Heterolithics,4432.1,-4281.1,1147.1,False
33.0,litholog11,litholog4,0,0,Channel Sandstone,Channel Sandstone,3830.2,-3825.6,186.9,True
33.0,litholog11,litholog5,0,5,Channel Sandstone,Overbank Mudstone,3415.0,-3413.3,106.6,False
33.0,litholog11,litholog6,0,5,Channel Sandstone,Overbank Mudstone,3535.5,-3441.8,-808.7,False
33.0,litholog11,litholog7,0,1,Channel Sandstone,Planar Sandstone,3207.2,-2867.4,-1436.7,False
33.0,litholog11,litholog8,0,5,Channel Sandstone,Overbank Mudstone,2536.3,-2180.2,-1296.1,False
33.0,litholog11,litholog9,0,0,Channel Sandstone,Channel Sandstone,846.9,-841.4,96.5,True
33.0,litholog12,litholog2,4,0,Coal,Channel Sandstone,3009.2,-2937.8,-651.7,False
33.0,litholog12,litholog3,4,2,Coal,Rippled Heterolithics,2688.2,-2457.1,-1090.3,False
33.0,litholog12,litholog4,4,0,Coal,Channel Sandstone,2865.4,-2001.6,-2050.4,False
33.0,litholog12,litholog5,4,5,Coal,Overbank Mudstone,2658.3,-1589.4,-2130.8,False
33.0,litholog12,litholog6,4,5,Coal,Overbank Mudstone,3449.0,-1617.8,-3046.1,False
33.0,litholog12,litholog7,4,1,Coal,Planar Sandstone,3819.3,-1043.5,-3674.0,False
33.0,litholog12,litholog8,4,5,Coal,Overbank Mudstone,3551.3,-356.2,-3533.4,False
33.0,litholog12,litholog9,4,0,Coal,Channel Sandstone,2355.6,982.6,-2140.9,False
33.0,litholog2,litholog3,0,2,Channel Sandstone,Rippled Heterolithics,650.7,480.6,-438.6,False
33.0,litholog2,litholog4,0,0,Channel Sandstone,Channel Sandstone,1683.1,936.2,-1398.7,True
33.0,litholog2,litholog5,0,5,Channel Sandstone,Overbank Mudstone,2001.5,1348.4,-1479.1,False
33.0,litholog2,litholog6,0,5,Channel Sandstone,Overbank Mudstone,2734.1,1319.9,-2394.4,False
33.0,litholog2,litholog7,0,1,Channel Sandstone,Planar Sandstone,3566.9,1894.3,-3022.4,False
33.0,litholog2,litholog8,0,5,Channel Sandstone,Overbank Mudstone,3869.0,2581.6,-2881.7,False
33.0,litholog2,litholog9,0,0,Channel Sandstone,Channel Sandstone,4193.7,3920.3,-1489.2,True
33.0,litholog3,litholog4,2,0,Rippled Heterolithics,Channel Sandstone,1062.7,455.5,-960.1,False
33.0,litholog3,litholog5,2,5,Rippled Heterolithics,Overbank Mudstone,1354.9,867.8,-1040.5,False
33.0,litholog3,litholog6,2,5,Rippled Heterolithics,Overbank Mudstone,2128.2,839.3,-1955.8,False
33.0,litholog3,litholog7,2,1,Rippled Heterolithics,Planar Sandstone,2945.2,1413.7,-2583.7,False
33.0,litholog3,litholog8,2,5,Rippled Heterolithics,Overbank Mudstone,3222.2,2100.9,-2443.1,False
33.0,litholog3,litholog9,2,0,Rippled Heterolithics,Channel Sandstone,3596.6,3439.7,-1050.6,False
33.0,litholog4,litholog5,0,5,Channel Sandstone,Overbank Mudstone,420.0,412.3,-80.4,False
33.0,litholog4,litholog6,0,5,Channel Sandstone,Overbank Mudstone,1067.0,383.8,-995.6,False
33.0,litholog4,litholog7,0,1,Channel Sandstone,Planar Sandstone,1885.3,958.2,-1623.6,False
33.0,litholog4,litholog8,0,5,Channel Sandstone,Overbank Mudstone,2215.1,1645.4,-1483.0,False
33.0,litholog4,litholog9,0,0,Channel Sandstone,Channel Sandstone,2985.5,2984.2,-90.5,True
33.0,litholog5,litholog6,5,5,Overbank Mudstone,Overbank Mudstone,915.7,-28.5,-915.2,True
33.0,litholog5,litholog7,5,1,Overbank Mudstone,Planar Sandstone,1636.9,545.9,-1543.2,False
33.0,litholog5,litholog8,5,5,Overbank Mudstone,Overbank Mudstone,1867.6,1233.2,-1402.6,True
33.0,litholog5,litholog9,5,0,Overbank Mudstone,Channel Sandstone,2571.9,2571.9,-10.1,False
33.0,litholog6,litholog7,5,1,Overbank Mudstone,Planar Sandstone,851.0,574.4,-628.0,False
33.0,litholog6,litholog8,5,5,Overbank Mudstone,Overbank Mudstone,1352.5,1261.6,-487.4,True
33.0,litholog6,litholog9,5,0,Overbank Mudstone,Channel Sandstone,2753.4,2600.4,905.2,False
33.0,litholog7,litholog8,1,5,Planar Sandstone,Overbank Mudstone,701.5,687.3,140.6,False
33.0,litholog7,litholog9,1,0,Planar Sandstone,Channel Sandstone,2540.7,2026.0,1533.2,False
33.0,litholog8,litholog9,5,0,Overbank Mudstone,Channel Sandstone,1931.7,1338.8,1392.5,False
34.0,litholog10,litholog11,0,4,Channel Sandstone,Coal,1599.7,1173.5,1087.2,False
34.0,litholog10,litholog12,0,0,Channel Sandstone,Channel Sandstone,3387.6,-650.5,3324.6,True
34.0,litholog10,litholog2,0,0,Channel Sandstone,Channel Sandstone,4474.4,-3588.3,2672.9,True
34.0,litholog10,litholog3,0,2,Channel Sandstone,Rippled Heterolithics,3827.4,-3107.6,2234.3,False
34.0,litholog10,litholog4,0,0,Channel Sandstone,Channel Sandstone,2942.3,-2652.1,1274.1,True
34.0,litholog10,litholog5,0,5,Channel Sandstone,Overbank Mudstone,2538.1,-2239.8,1193.8,False
34.0,litholog10,litholog6,0,5,Channel Sandstone,Overbank Mudstone,2285.4,-2268.3,278.5,False
34.0,litholog10,litholog7,0,1,Channel Sandstone,Planar Sandstone,1729.6,-1693.9,-349.5,False
34.0,litholog10,litholog8,0,5,Channel Sandstone,Overbank Mudstone,1028.1,-1006.7,-208.9,False
34.0,litholog10,litholog9,0,0,Channel Sandstone,Channel Sandstone,1229.4,332.1,1183.7,True
34.0,litholog11,litholog12,4,0,Coal,Channel Sandstone,2886.7,-1824.0,2237.4,False
34.0,litholog11,litholog2,4,0,Coal,Channel Sandstone,5018.8,-4761.8,1585.7,False
34.0,litholog11,litholog3,4,2,Coal,Rippled Heterolithics,4432.1,-4281.1,1147.1,False
34.0,litholog11,litholog4,4,0,Coal,Channel Sandstone,3830.2,-3825.6,186.9,False
34.0,litholog11,litholog5,4,5,Coal,Overbank Mudstone,3415.0,-3413.3,106.6,False
34.0,litholog11,litholog6,4,5,Coal,Overbank Mudstone,3535.5,-3441.8,-808.7,False
34.0,litholog11,litholog7,4,1,Coal,Planar Sandstone,3207.2,-2867.4,-1436.7,False
34.0,litholog11,litholog8,4,5,Coal,Overbank Mudstone,2536.3,-2180.2,-1296.1,False
34.0,litholog11,litholog9,4,0,Coal,Channel Sandstone,846.9,-841.4,96.5,False
34.0,litholog12,litholog2,0,0,Channel Sandstone,Channel Sandstone,3009.2,-2937.8,-651.7,True
34.0,litholog12,litholog3,0,2,Channel Sandstone,Rippled Heterolithics,2688.2,-2457.1,-1090.3,False
34.0,litholog12,litholog4,0,0,Channel Sandstone,Channel Sandstone,2865.4,-2001.6,-2050.4,True
34.0,litholog12,litholog5,0,5,Channel Sandstone,Overbank Mudstone,2658.3,-1589.4,-2130.8,False
34.0,litholog12,litholog6,0,5,Channel Sandstone,Overbank Mudstone,3449.0,-1617.8,-3046.1,False
34.0,litholog12,litholog7,0,1,Channel Sandstone,Planar Sandstone,3819.3,-1043.5,-3674.0,False
34.0,litholog12,litholog8,0,5,Channel Sandstone,Overbank Mudstone,3551.3,-356.2,-3533.4,False
34.0,litholog12,litholog9,0,0,Channel Sandstone,Channel Sandstone,2355.6,982.6,-2140.9,True
34.0,litholog2,litholog3,0,2,Channel Sandstone,Rippled Heterolithics,650.7,480.6,-438.6,False
34.0,litholog2,litholog4,0,0,Channel Sandstone,Channel Sandstone,1683.1,936.2,-1398.7,True
34.0,litholog2,litholog5,0,5,Channel Sandstone,Overbank Mudstone,2001.5,1348.4,-1479.1,False
34.0,litholog2,litholog6,0,5,Channel Sandstone,Overbank Mudstone,2734.1,1319.9,-2394.4,False
34.0,litholog2,litholog7,0,1,Channel Sandstone,Planar Sandstone,3566.9,1894.3,-3022.4,False
34.0,litholog2,litholog8,0,5,Channel Sandstone,Overbank Mudstone,3869.0,2581.6,-2881.7,False
34.0,litholog2,litholog9,0,0,Channel Sandstone,Channel Sandstone,4193.7,3920.3,-1489.2,True
34.0,litholog3,litholog4,2,0,Rippled Heterolithics,Channel Sandstone,1062.7,455.5,-960.1,False
34.0,litholog3,litholog5,2,5,Rippled Heterolithics,Overbank Mudstone,1354.9,867.8,-1040.5,False
34.0,litholog3,litholog6,2,5,Rippled Heterolithics,Overbank Mudstone,2128.2,839.3,-1955.8,False
34.0,litholog3,litholog7,2,1,Rippled Heterolithics,Planar Sandstone,2945.2,1413.7,-2583.7,False
34.0,litholog3,litholog8,2,5,Rippled Heterolithics,Overbank Mudstone,3222.2,2100.9,-2443.1,False
34.0,litholog3,litholog9,2,0,Rippled Heterolithics,Channel Sandstone,3596.6,3439.7,-1050.6,False
34.0,litholog4,litholog5,0,5,Channel Sandstone,Overbank Mudstone,420.0,412.3,-80.4,False
34.0,litholog4,litholog6,0,5,Channel Sandstone,Overbank Mudstone,1067.0,383.8,-995.6,False
34.0,litholog4,litholog7,0,1,Channel Sandstone,Planar Sandstone,1885.3,958.2,-1623.6,False
34.0,litholog4,litholog8,0,5,Channel Sandstone,Overbank Mudstone,2215.1,1645.4,-1483.0,False
34.0,litholog4,litholog9,0,0,Channel Sandstone,Channel Sandstone,2985.5,2984.2,-90.5,True
34.0,litholog5,litholog6,5,5,Overbank Mudstone,Overbank Mudstone,915.7,-28.5,-915.2,True
34.0,litholog5,litholog7,5,1,Overbank Mudstone,Planar Sandstone,1636.9,545.9,-1543.2,False
34.0,litholog5,litholog8,5,5,Overbank Mudstone,Overbank Mudstone,1867.6,1233.2,-1402.6,True
34.0,litholog5,litholog9,5,0,Overbank Mudstone,Channel Sandstone,2571.9,2571.9,-10.1,False
34.0,litholog6,litholog7,5,1,Overbank Mudstone,Planar Sandstone,851.0,574.4,-628.0,False
34.0,litholog6,litholog8,5,5,Overbank Mudstone,Overbank Mudstone,1352.5,1261.6,-487.4,True
34.0,litholog6,litholog9,5,0,Overbank Mudstone,Channel Sandstone,2753.4,2600.4,905.2,False
34.0,litholog7,litholog8,1,5,Planar Sandstone,Overbank Mudstone,701.5,687.3,140.6,False
34.0,litholog7,litholog9,1,0,Planar Sandstone,Channel Sandstone,2540.7,2026.0,1533.2,False
34.0,litholog8,litholog9,5,0,Overbank Mudstone,Channel Sandstone,1931.7,1338.8,1392.5,False
35.0,litholog10,litholog11,5,4,Overbank Mudstone,Coal,1599.7,1173.5,1087.2,False
35.0,litholog10,litholog12,5,0,Overbank Mudstone,Channel Sandstone,3387.6,-650.5,3324.6,False
35.0,litholog10,litholog2,5,0,Overbank Mudstone,Channel Sandstone,4474.4,-3588.3,2672.9,False
35.0,litholog10,litholog3,5,5,Overbank Mudstone,Overbank Mudstone,3827.4,-3107.6,2234.3,True
35.0,litholog10,litholog4,5,0,Overbank Mudstone,Channel Sandstone,2942.3,-2652.1,1274.1,False
35.0,litholog10,litholog5,5,5,Overbank Mudstone,Overbank Mudstone,2538.1,-2239.8,1193.8,True
35.0,litholog10,litholog6,5,5,Overbank Mudstone,Overbank Mudstone,2285.4,-2268.3,278.5,True
35.0,litholog10,litholog7,5,1,Overbank Mudstone,Planar Sandstone,1729.6,-1693.9,-349.5,False
35.0,litholog10,litholog8,5,5,Overbank Mudstone,Overbank Mudstone,1028.1,-1006.7,-208.9,True
35.0,litholog10,litholog9,5,0,Overbank Mudstone,Channel Sandstone,1229.4,332.1,1183.7,False
35.0,litholog11,litholog12,4,0,Coal,Channel Sandstone,2886.7,-1824.0,2237.4,False
35.0,litholog11,litholog2,4,0,Coal,Channel Sandstone,5018.8,-4761.8,1585.7,False
35.0,litholog11,litholog3,4,5,Coal,Overbank Mudstone,4432.1,-4281.1,1147.1,False
35.0,litholog11,litholog4,4,0,Coal,Channel Sandstone,3830.2,-3825.6,186.9,False
35.0,litholog11,litholog5,4,5,Coal,Overbank Mudstone,3415.0,-3413.3,106.6,False
35.0,litholog11,litholog6,4,5,Coal,Overbank Mudstone,3535.5,-3441.8,-808.7,False
35.0,litholog11,litholog7,4,1,Coal,Planar Sandstone,3207.2,-2867.4,-1436.7,False
35.0,litholog11,litholog8,4,5,Coal,Overbank Mudstone,2536.3,-2180.2,-1296.1,False
35.0,litholog11,litholog9,4,0,Coal,Channel Sandstone,846.9,-841.4,96.5,False
35.0,litholog12,litholog2,0,0,Channel Sandstone,Channel Sandstone,3009.2,-2937.8,-651.7,True
35.0,litholog12,litholog3,0,5,Channel Sandstone,Overbank Mudstone,2688.2,-2457.1,-1090.3,False
35.0,litholog12,litholog4,0,0,Channel Sandstone,Channel Sandstone,2865.4,-2001.6,-2050.4,True
35.0,litholog12,litholog5,0,5,Channel Sandstone,Overbank Mudstone,2658.3,-1589.4,-2130.8,False
35.0,litholog12,litholog6,0,5,Channel Sandstone,Overbank Mudstone,3449.0,-1617.8,-3046.1,False
35.0,litholog12,litholog7,0,1,Channel Sandstone,Planar Sandstone,3819.3,-1043.5,-3674.0,False
35.0,litholog12,litholog8,0,5,Channel Sandstone,Overbank Mudstone,3551.3,-356.2,-3533.4,False
35.0,litholog12,litholog9,0,0,Channel Sandstone,Channel Sandstone,2355.6,982.6,-2140.9,True
35.0,litholog2,litholog3,0,5,Channel Sandstone,Overbank Mudstone,650.7,480.6,-438.6,False
35.0,litholog2,litholog4,0,0,Channel Sandstone,Channel Sandstone,1683.1,936.2,-1398.7,True
35.0,litholog2,litholog5,0,5,Channel Sandstone,Overbank Mudstone,2001.5,1348.4,-1479.1,False
35.0,litholog2,litholog6,0,5,Channel Sandstone,Overbank Mudstone,2734.1,1319.9,-2394.4,False
35.0,litholog2,litholog7,0,1,Channel Sandstone,Planar Sandstone,3566.9,1894.3,-3022.4,False
35.0,litholog2,litholog8,0,5,Channel Sandstone,Overbank Mudstone,3869.0,2581.6,-2881.7,False
35.0,litholog2,litholog9,0,0,Channel Sandstone,Channel Sandstone,4193.7,3920.3,-1489.2,True
35.0,litholog3,litholog4,5,0,Overbank Mudstone,Channel Sandstone,1062.7,455.5,-960.1,False
35.0,litholog3,litholog5,5,5,Overbank Mudstone,Overbank Mudstone,1354.9,867.8,-1040.5,True
35.0,litholog3,litholog6,5,5,Overbank Mudstone,Overbank Mudstone,2128.2,839.3,-1955.8,True
35.0,litholog3,litholog7,5,1,Overbank Mudstone,Planar Sandstone,2945.2,1413.7,-2583.7,False
35.0,litholog3,litholog8,5,5,Overbank Mudstone,Overbank Mudstone,3222.2,2100.9,-2443.1,True
35.0,litholog3,litholog9,5,0,Overbank Mudstone,Channel Sandstone,3596.6,3439.7,-1050.6,False
35.0,litholog4,litholog5,0,5,Channel Sandstone,Overbank Mudstone,420.0,412.3,-80.4,False
35.0,litholog4,litholog6,0,5,Channel Sandstone,Overbank Mudstone,1067.0,383.8,-995.6,False
35.0,litholog4,litholog7,0,1,Channel Sandstone,Planar Sandstone,1885.3,958.2,-1623.6,False
35.0,litholog4,litholog8,0,5,Channel Sandstone,Overbank Mudstone,2215.1,1645.4,-1483.0,False
35.0,litholog4,litholog9,0,0,Channel Sandstone,Channel Sandstone,2985.5,2984.2,-90.5,True
35.0,litholog5,litholog6,5,5,Overbank Mudstone,Overbank Mudstone,915.7,-28.5,-915.2,True
35.0,litholog5,litholog7,5,1,Overbank Mudstone,Planar Sandstone,1636.9,545.9,-1543.2,False
35.0,litholog5,litholog8,5,5,Overbank Mudstone,Overbank Mudstone,1867.6,1233.2,-1402.6,True
35.0,litholog5,litholog9,5,0,Overbank Mudstone,Channel Sandstone,2571.9,2571.9,-10.1,False
35.0,litholog6,litholog7,5,1,Overbank Mudstone,Planar Sandstone,851.0,574.4,-628.0,False
35.0,litholog6,litholog8,5,5,Overbank Mudstone,Overbank Mudstone,1352.5,1261.6,-487.4,True
35.0,litholog6,litholog9,5,0,Overbank Mudstone,Channel Sandstone,2753.4,2600.4,905.2,False
35.0,litholog7,litholog8,1,5,Planar Sandstone,Overbank Mudstone,701.5,687.3,140.6,False
35.0,litholog7,litholog9,1,0,Planar Sandstone,Channel Sandstone,2540.7,2026.0,1533.2,False
35.0,litholog8,litholog9,5,0,Overbank Mudstone,Channel Sandstone,1931.7,1338.8,1392.5,False
36.0,litholog10,litholog11,2,2,Rippled Heterolithics,Rippled Heterolithics,1599.7,1173.5,1087.2,True
36.0,litholog10,litholog12,2,0,Rippled Heterolithics,Channel Sandstone,3387.6,-650.5,3324.6,False
36.0,litholog10,litholog2,2,0,Rippled Heterolithics,Channel Sandstone,4474.4,-3588.3,2672.9,False
36.0,litholog10,litholog3,2,5,Rippled Heterolithics,Overbank Mudstone,3827.4,-3107.6,2234.3,False
36.0,litholog10,litholog4,2,0,Rippled Heterolithics,Channel Sandstone,2942.3,-2652.1,1274.1,False
36.0,litholog10,litholog5,2,1,Rippled Heterolithics,Planar Sandstone,2538.1,-2239.8,1193.8,False
36.0,litholog10,litholog6,2,5,Rippled Heterolithics,Overbank Mudstone,2285.4,-2268.3,278.5,False
36.0,litholog10,litholog7,2,5,Rippled Heterolithics,Overbank Mudstone,1729.6,-1693.9,-349.5,False
36.0,litholog10,litholog8,2,1,Rippled Heterolithics,Planar Sandstone,1028.1,-1006.7,-208.9,False
36.0,litholog10,litholog9,2,0,Rippled Heterolithics,Channel Sandstone,1229.4,332.1,1183.7,False
36.0,litholog11,litholog12,2,0,Rippled Heterolithics,Channel Sandstone,2886.7,-1824.0,2237.4,False
36.0,litholog11,litholog2,2,0,Rippled Heterolithics,Channel Sandstone,5018.8,-4761.8,1585.7,False
36.0,litholog11,litholog3,2,5,Rippled Heterolithics,Overbank Mudstone,4432.1,-4281.1,1147.1,False
36.0,litholog11,litholog4,2,0,Rippled Heterolithics,Channel Sandstone,3830.2,-3825.6,186.9,False
36.0,litholog11,litholog5,2,1,Rippled Heterolithics,Planar Sandstone,3415.0,-3413.3,106.6,False
36.0,litholog11,litholog6,2,5,Rippled Heterolithics,Overbank Mudstone,3535.5,-3441.8,-808.7,False
36.0,litholog11,litholog7,2,5,Rippled Heterolithics,Overbank Mudstone,3207.2,-2867.4,-1436.7,False
36.0,litholog11,litholog8,2,1,Rippled Heterolithics,Planar Sandstone,2536.3,-2180.2,-1296.1,False
36.0,litholog11,litholog9,2,0,Rippled Heterolithics,Channel Sandstone,846.9,-841.4,96.5,False
36.0,litholog12,litholog2,0,0,Channel Sandstone,Channel Sandstone,3009.2,-2937.8,-651.7,True
36.0,litholog12,litholog3,0,5,Channel Sandstone,Overbank Mudstone,2688.2,-2457.1,-1090.3,False
36.0,litholog12,litholog4,0,0,Channel Sandstone,Channel Sandstone,2865.4,-2001.6,-2050.4,True
36.0,litholog12,litholog5,0,1,Channel Sandstone,Planar Sandstone,2658.3,-1589.4,-2130.8,False
36.0,litholog12,litholog6,0,5,Channel Sandstone,Overbank Mudstone,3449.0,-1617.8,-3046.1,False
36.0,litholog12,litholog7,0,5,Channel Sandstone,Overbank Mudstone,3819.3,-1043.5,-3674.0,False
36.0,litholog12,litholog8,0,1,Channel Sandstone,Planar Sandstone,3551.3,-356.2,-3533.4,False
36.0,litholog12,litholog9,0,0,Channel Sandstone,Channel Sandstone,2355.6,982.6,-2140.9,True
36.0,litholog2,litholog3,0,5,Channel Sandstone,Overbank Mudstone,650.7,480.6,-438.6,False
36.0,litholog2,litholog4,0,0,Channel Sandstone,Channel Sandstone,1683.1,936.2,-1398.7,True
36.0,litholog2,litholog5,0,1,Channel Sandstone,Planar Sandstone,2001.5,1348.4,-1479.1,False
36.0,litholog2,litholog6,0,5,Channel Sandstone,Overbank Mudstone,2734.1,1319.9,-2394.4,False
36.0,litholog2,litholog7,0,5,Channel Sandstone,Overbank Mudstone,3566.9,1894.3,-3022.4,False
36.0,litholog2,litholog8,0,1,Channel Sandstone,Planar Sandstone,3869.0,2581.6,-2881.7,False
36.0,litholog2,litholog9,0,0,Channel Sandstone,Channel Sandstone,4193.7,3920.3,-1489.2,True
36.0,litholog3,litholog4,5,0,Overbank Mudstone,Channel Sandstone,1062.7,455.5,-960.1,False
36.0,litholog3,litholog5,5,1,Overbank Mudstone,Planar Sandstone,1354.9,867.8,-1040.5,False
36.0,litholog3,litholog6,5,5,Overbank Mudstone,Overbank Mudstone,2128.2,839.3,-1955.8,True
36.0,litholog3,litholog7,5,5,Overbank Mudstone,Overbank Mudstone,2945.2,1413.7,-2583.7,True
36.0,litholog3,litholog8,5,1,Overbank Mudstone,Planar Sandstone,3222.2,2100.9,-2443.1,False
36.0,litholog3,litholog9,5,0,Overbank Mudstone,Channel Sandstone,3596.6,3439.7,-1050.6,False
36.0,litholog4,litholog5,0,1,Channel Sandstone,Planar Sandstone,420.0,412.3,-80.4,False
36.0,litholog4,litholog6,0,5,Channel Sandstone,Overbank Mudstone,1067.0,383.8,-995.6,False
36.0,litholog4,litholog7,0,5,Channel Sandstone,Overbank Mudstone,1885.3,958.2,-1623.6,False
36.0,litholog4,litholog8,0,1,Channel Sandstone,Planar Sandstone,2215.1,1645.4,-1483.0,False
36.0,litholog4,litholog9,0,0,Channel Sandstone,Channel Sandstone,2985.5,2984.2,-90.5,True
36.0,litholog5,litholog6,1,5,Planar Sandstone,Overbank Mudstone,915.7,-28.5,-915.2,False
36.0,litholog5,litholog7,1,5,Planar Sandstone,Overbank Mudstone,1636.9,545.9,-1543.2,False
36.0,litholog5,litholog8,1,1,Planar Sandstone,Planar Sandstone,1867.6,1233.2,-1402.6,True
36.0,litholog5,litholog9,1,0,Planar Sandstone,Channel Sandstone,2571.9,2571.9,-10.1,False
36.0,litholog6,litholog7,5,5,Overbank Mudstone,Overbank Mudstone,851.0,574.4,-628.0,True
36.0,litholog6,litholog8,5,1,Overbank Mudstone,Planar Sandstone,1352.5,1261.6,-487.4,False
36.0,litholog6,litholog9,5,0,Overbank Mudstone,Channel Sandstone,2753.4,2600.4,905.2,False
36.0,litholog7,litholog8,5,1,Overbank Mudstone,Planar Sandstone,701.5,687.3,140.6,False
36.0,litholog7,litholog9,5,0,Overbank Mudstone,Channel Sandstone,2540.7,2026.0,1533.2,False
36.0,litholog8,litholog9,1,0,Planar Sandstone,Channel Sandstone,1931.7,1338.8,1392.5,False
37.0,litholog10,litholog11,2,2,Rippled Heterolithics,Rippled Heterolithics,1599.7,1173.5,1087.2,True
37.0,litholog10,litholog12,2,0,Rippled Heterolithics,Channel Sandstone,3387.6,-650.5,3324.6,False
37.0,litholog10,litholog2,2,0,Rippled Heterolithics,Channel Sandstone,4474.4,-3588.3,2672.9,False
37.0,litholog10,litholog3,2,0,Rippled Heterolithics,Channel Sandstone,3827.4,-3107.6,2234.3,False
37.0,litholog10,litholog4,2,0,Rippled Heterolithics,Channel Sandstone,2942.3,-2652.1,1274.1,False
37.0,litholog10,litholog5,2,5,Rippled Heterolithics,Overbank Mudstone,2538.1,-2239.8,1193.8,False
37.0,litholog10,litholog6,2,5,Rippled Heterolithics,Overbank Mudstone,2285.4,-2268.3,278.5,False
37.0,litholog10,litholog7,2,5,Rippled Heterolithics,Overbank Mudstone,1729.6,-1693.9,-349.5,False
37.0,litholog10,litholog8,2,5,Rippled Heterolithics,Overbank Mudstone,1028.1,-1006.7,-208.9,False
37.0,litholog10,litholog9,2,0,Rippled Heterolithics,Channel Sandstone,1229.4,332.1,1183.7,False
37.0,litholog11,litholog12,2,0,Rippled Heterolithics,Channel Sandstone,2886.7,-1824.0,2237.4,False
37.0,litholog11,litholog2,2,0,Rippled Heterolithics,Channel Sandstone,5018.8,-4761.8,1585.7,False
37.0,litholog11,litholog3,2,0,Rippled Heterolithics,Channel Sandstone,4432.1,-4281.1,1147.1,False
37.0,litholog11,litholog4,2,0,Rippled Heterolithics,Channel Sandstone,3830.2,-3825.6,186.9,False
37.0,litholog11,litholog5,2,5,Rippled Heterolithics,Overbank Mudstone,3415.0,-3413.3,106.6,False
37.0,litholog11,litholog6,2,5,Rippled Heterolithics,Overbank Mudstone,3535.5,-3441.8,-808.7,False
37.0,litholog11,litholog7,2,5,Rippled Heterolithics,Overbank Mudstone,3207.2,-2867.4,-1436.7,False
37.0,litholog11,litholog8,2,5,Rippled Heterolithics,Overbank Mudstone,2536.3,-2180.2,-1296.1,False
37.0,litholog11,litholog9,2,0,Rippled Heterolithics,Channel Sandstone,846.9,-841.4,96.5,False
37.0,litholog12,litholog2,0,0,Channel Sandstone,Channel Sandstone,3009.2,-2937.8,-651.7,True
37.0,litholog12,litholog3,0,0,Channel Sandstone,Channel Sandstone,2688.2,-2457.1,-1090.3,True
37.0,litholog12,litholog4,0,0,Channel Sandstone,Channel Sandstone,2865.4,-2001.6,-2050.4,True
37.0,litholog12,litholog5,0,5,Channel Sandstone,Overbank Mudstone,2658.3,-1589.4,-2130.8,False
37.0,litholog12,litholog6,0,5,Channel Sandstone,Overbank Mudstone,3449.0,-1617.8,-3046.1,False
37.0,litholog12,litholog7,0,5,Channel Sandstone,Overbank Mudstone,3819.3,-1043.5,-3674.0,False
37.0,litholog12,litholog8,0,5,Channel Sandstone,Overbank Mudstone,3551.3,-356.2,-3533.4,False
37.0,litholog12,litholog9,0,0,Channel Sandstone,Channel Sandstone,2355.6,982.6,-2140.9,True
37.0,litholog2,litholog3,0,0,Channel Sandstone,Channel Sandstone,650.7,480.6,-438.6,True
37.0,litholog2,litholog4,0,0,Channel Sandstone,Channel Sandstone,1683.1,936.2,-1398.7,True
37.0,litholog2,litholog5,0,5,Channel Sandstone,Overbank Mudstone,2001.5,1348.4,-1479.1,False
37.0,litholog2,litholog6,0,5,Channel Sandstone,Overbank Mudstone,2734.1,1319.9,-2394.4,False
37.0,litholog2,litholog7,0,5,Channel Sandstone,Overbank Mudstone,3566.9,1894.3,-3022.4,False
37.0,litholog2,litholog8,0,5,Channel Sandstone,Overbank Mudstone,3869.0,2581.6,-2881.7,False
37.0,litholog2,litholog9,0,0,Channel Sandstone,Channel Sandstone,4193.7,3920.3,-1489.2,True
37.0,litholog3,litholog4,0,0,Channel Sandstone,Channel Sandstone,1062.7,455.5,-960.1,True
37.0,litholog3,litholog5,0,5,Channel Sandstone,Overbank Mudstone,1354.9,867.8,-1040.5,False
37.0,litholog3,litholog6,0,5,Channel Sandstone,Overbank Mudstone,2128.2,839.3,-1955.8,False
37.0,litholog3,litholog7,0,5,Channel Sandstone,Overbank Mudstone,2945.2,1413.7,-2583.7,False
37.0,litholog3,litholog8,0,5,Channel Sandstone,Overbank Mudstone,3222.2,2100.9,-2443.1,False
37.0,litholog3,litholog9,0,0,Channel Sandstone,Channel Sandstone,3596.6,3439.7,-1050.6,True
37.0,litholog4,litholog5,0,5,Channel Sandstone,Overbank Mudstone,420.0,412.3,-80.4,False
37.0,litholog4,litholog6,0,5,Channel Sandstone,Overbank Mudstone,1067.0,383.8,-995.6,False
37.0,litholog4,litholog7,0,5,Channel Sandstone,Overbank Mudstone,1885.3,958.2,-1623.6,False
37.0,litholog4,litholog8,0,5,Channel Sandstone,Overbank Mudstone,2215.1,1645.4,-1483.0,False
37.0,litholog4,litholog9,0,0,Channel Sandstone,Channel Sandstone,2985.5,2984.2,-90.5,True
37.0,litholog5,litholog6,5,5,Overbank Mudstone,Overbank Mudstone,915.7,-28.5,-915.2,True
37.0,litholog5,litholog7,5,5,Overbank Mudstone,Overbank Mudstone,1636.9,545.9,-1543.2,True
37.0,litholog5,litholog8,5,5,Overbank Mudstone,Overbank Mudstone,1867.6,1233.2,-1402.6,True
37.0,litholog5,litholog9,5,0,Overbank Mudstone,Channel Sandstone,2571.9,2571.9,-10.1,False
37.0,litholog6,litholog7,5,5,Overbank Mudstone,Overbank Mudstone,851.0,574.4,-628.0,True
37.0,litholog6,litholog8,5,5,Overbank Mudstone,Overbank Mudstone,1352.5,1261.6,-487.4,True
37.0,litholog6,litholog9,5,0,Overbank Mudstone,Channel Sandstone,2753.4,2600.4,905.2,False
37.0,litholog7,litholog8,5,5,Overbank Mudstone,Overbank Mudstone,701.5,687.3,140.6,True
37.0,litholog7,litholog9,5,0,Overbank Mudstone,Channel Sandstone,2540.7,2026.0,1533.2,False
37.0,litholog8,litholog9,5,0,Overbank Mudstone,Channel Sandstone,1931.7,1338.8,1392.5,False
38.0,litholog10,litholog11,2,2,Rippled Heterolithics,Rippled Heterolithics,1599.7,1173.5,1087.2,True
38.0,litholog10,litholog12,2,0,Rippled Heterolithics,Channel Sandstone,3387.6,-650.5,3324.6,False
38.0,litholog10,litholog2,2,0,Rippled Heterolithics,Channel Sandstone,4474.4,-3588.3,2672.9,False
38.0,litholog10,litholog3,2,0,Rippled Heterolithics,Channel Sandstone,3827.4,-3107.6,2234.3,False
38.0,litholog10,litholog4,2,0,Rippled Heterolithics,Channel Sandstone,2942.3,-2652.1,1274.1,False
38.0,litholog10,litholog5,2,5,Rippled Heterolithics,Overbank Mudstone,2538.1,-2239.8,1193.8,False
38.0,litholog10,litholog6,2,5,Rippled Heterolithics,Overbank Mudstone,2285.4,-2268.3,278.5,False
38.0,litholog10,litholog7,2,5,Rippled Heterolithics,Overbank Mudstone,1729.6,-1693.9,-349.5,False
38.0,litholog10,litholog8,2,5,Rippled Heterolithics,Overbank Mudstone,1028.1,-1006.7,-208.9,False
38.0,litholog10,litholog9,2,0,Rippled Heterolithics,Channel Sandstone,1229.4,332.1,1183.7,False
38.0,litholog11,litholog12,2,0,Rippled Heterolithics,Channel Sandstone,2886.7,-1824.0,2237.4,False
38.0,litholog11,litholog2,2,0,Rippled Heterolithics,Channel Sandstone,5018.8,-4761.8,1585.7,False
38.0,litholog11,litholog3,2,0,Rippled Heterolithics,Channel Sandstone,4432.1,-4281.1,1147.1,False
38.0,litholog11,litholog4,2,0,Rippled Heterolithics,Channel Sandstone,3830.2,-3825.6,186.9,False
38.0,litholog11,litholog5,2,5,Rippled Heterolithics,Overbank Mudstone,3415.0,-3413.3,106.6,False
38.0,litholog11,litholog6,2,5,Rippled Heterolithics,Overbank Mudstone,3535.5,-3441.8,-808.7,False
38.0,litholog11,litholog7,2,5,Rippled Heterolithics,Overbank Mudstone,3207.2,-2867.4,-1436.7,False
38.0,litholog11,litholog8,2,5,Rippled Heterolithics,Overbank Mudstone,2536.3,-2180.2,-1296.1,False
38.0,litholog11,litholog9,2,0,Rippled Heterolithics,Channel Sandstone,846.9,-841.4,96.5,False
38.0,litholog12,litholog2,0,0,Channel Sandstone,Channel Sandstone,3009.2,-2937.8,-651.7,True
38.0,litholog12,litholog3,0,0,Channel Sandstone,Channel Sandstone,2688.2,-2457.1,-1090.3,True
38.0,litholog12,litholog4,0,0,Channel Sandstone,Channel Sandstone,2865.4,-2001.6,-2050.4,True
38.0,litholog12,litholog5,0,5,Channel Sandstone,Overbank Mudstone,2658.3,-1589.4,-2130.8,False
38.0,litholog12,litholog6,0,5,Channel Sandstone,Overbank Mudstone,3449.0,-1617.8,-3046.1,False
38.0,litholog12,litholog7,0,5,Channel Sandstone,Overbank Mudstone,3819.3,-1043.5,-3674.0,False
38.0,litholog12,litholog8,0,5,Channel Sandstone,Overbank Mudstone,3551.3,-356.2,-3533.4,False
38.0,litholog12,litholog9,0,0,Channel Sandstone,Channel Sandstone,2355.6,982.6,-2140.9,True
38.0,litholog2,litholog3,0,0,Channel Sandstone,Channel Sandstone,650.7,480.6,-438.6,True
38.0,litholog2,litholog4,0,0,Channel Sandstone,Channel Sandstone,1683.1,936.2,-1398.7,True
38.0,litholog2,litholog5,0,5,Channel Sandstone,Overbank Mudstone,2001.5,1348.4,-1479.1,False
38.0,litholog2,litholog6,0,5,Channel Sandstone,Overbank Mudstone,2734.1,1319.9,-2394.4,False
38.0,litholog2,litholog7,0,5,Channel Sandstone,Overbank Mudstone,3566.9,1894.3,-3022.4,False
38.0,litholog2,litholog8,0,5,Channel Sandstone,Overbank Mudstone,3869.0,2581.6,-2881.7,False
38.0,litholog2,litholog9,0,0,Channel Sandstone,Channel Sandstone,4193.7,3920.3,-1489.2,True
38.0,litholog3,litholog4,0,0,Channel Sandstone,Channel Sandstone,1062.7,455.5,-960.1,True
38.0,litholog3,litholog5,0,5,Channel Sandstone,Overbank Mudstone,1354.9,867.8,-1040.5,False
38.0,litholog3,litholog6,0,5,Channel Sandstone,Overbank Mudstone,2128.2,839.3,-1955.8,False
38.0,litholog3,litholog7,0,5,Channel Sandstone,Overbank Mudstone,2945.2,1413.7,-2583.7,False
38.0,litholog3,litholog8,0,5,Channel Sandstone,Overbank Mudstone,3222.2,2100.9,-2443.1,False
38.0,litholog3,litholog9,0,0,Channel Sandstone,Channel Sandstone,3596.6,3439.7,-1050.6,True
38.0,litholog4,litholog5,0,5,Channel Sandstone,Overbank Mudstone,420.0,412.3,-80.4,False
38.0,litholog4,litholog6,0,5,Channel Sandstone,Overbank Mudstone,1067.0,383.8,-995.6,False
38.0,litholog4,litholog7,0,5,Channel Sandstone,Overbank Mudstone,1885.3,958.2,-1623.6,False
38.0,litholog4,litholog8,0,5,Channel Sandstone,Overbank Mudstone,2215.1,1645.4,-1483.0,False
38.0,litholog4,litholog9,0,0,Channel Sandstone,Channel Sandstone,2985.5,2984.2,-90.5,True
38.0,litholog5,litholog6,5,5,Overbank Mudstone,Overbank Mudstone,915.7,-28.5,-915.2,True
38.0,litholog5,litholog7,5,5,Overbank Mudstone,Overbank Mudstone,1636.9,545.9,-1543.2,True
38.0,litholog5,litholog8,5,5,Overbank Mudstone,Overbank Mudstone,1867.6,1233.2,-1402.6,True
38.0,litholog5,litholog9,5,0,Overbank Mudstone,Channel Sandstone,2571.9,2571.9,-10.1,False
38.0,litholog6,litholog7,5,5,Overbank Mudstone,Overbank Mudstone,851.0,574.4,-628.0,True
38.0,litholog6,litholog8,5,5,Overbank Mudstone,Overbank Mudstone,1352.5,1261.6,-487.4,True
38.0,litholog6,litholog9,5,0,Overbank Mudstone,Channel Sandstone,2753.4,2600.4,905.2,False
38.0,litholog7,litholog8,5,5,Overbank Mudstone,Overbank Mudstone,701.5,687.3,140.6,True
38.0,litholog7,litholog9,5,0,Overbank Mudstone,Channel Sandstone,2540.7,2026.0,1533.2,False
38.0,litholog8,litholog9,5,0,Overbank Mudstone,Channel Sandstone,1931.7,1338.8,1392.5,False
39.0,litholog10,litholog11,1,2,Planar Sandstone,Rippled Heterolithics,1599.7,1173.5,1087.2,False
39.0,litholog10,litholog12,1,0,Planar Sandstone,Channel Sandstone,3387.6,-650.5,3324.6,False
39.0,litholog10,litholog2,1,0,Planar Sandstone,Channel Sandstone,4474.4,-3588.3,2672.9,False
39.0,litholog10,litholog3,1,0,Planar Sandstone,Channel Sandstone,3827.4,-3107.6,2234.3,False
39.0,litholog10,litholog4,1,0,Planar Sandstone,Channel Sandstone,2942.3,-2652.1,1274.1,False
39.0,litholog10,litholog5,1,5,Planar Sandstone,Overbank Mudstone,2538.1,-2239.8,1193.8,False
39.0,litholog10,litholog6,1,5,Planar Sandstone,Overbank Mudstone,2285.4,-2268.3,278.5,False
39.0,litholog10,litholog7,1,0,Planar Sandstone,Channel Sandstone,1729.6,-1693.9,-349.5,False
39.0,litholog10,litholog8,1,1,Planar Sandstone,Planar Sandstone,1028.1,-1006.7,-208.9,True
39.0,litholog10,litholog9,1,3,Planar Sandstone,Carbonaceous Mudstone,1229.4,332.1,1183.7,False
39.0,litholog11,litholog12,2,0,Rippled Heterolithics,Channel Sandstone,2886.7,-1824.0,2237.4,False
39.0,litholog11,litholog2,2,0,Rippled Heterolithics,Channel Sandstone,5018.8,-4761.8,1585.7,False
39.0,litholog11,litholog3,2,0,Rippled Heterolithics,Channel Sandstone,4432.1,-4281.1,1147.1,False
39.0,litholog11,litholog4,2,0,Rippled Heterolithics,Channel Sandstone,3830.2,-3825.6,186.9,False
39.0,litholog11,litholog5,2,5,Rippled Heterolithics,Overbank Mudstone,3415.0,-3413.3,106.6,False
39.0,litholog11,litholog6,2,5,Rippled Heterolithics,Overbank Mudstone,3535.5,-3441.8,-808.7,False
39.0,litholog11,litholog7,2,0,Rippled Heterolithics,Channel Sandstone,3207.2,-2867.4,-1436.7,False
39.0,litholog11,litholog8,2,1,Rippled Heterolithics,Planar Sandstone,2536.3,-2180.2,-1296.1,False
39.0,litholog11,litholog9,2,3,Rippled Heterolithics,Carbonaceous Mudstone,846.9,-841.4,96.5,False
39.0,litholog12,litholog2,0,0,Channel Sandstone,Channel Sandstone,3009.2,-2937.8,-651.7,True
39.0,litholog12,litholog3,0,0,Channel Sandstone,Channel Sandstone,2688.2,-2457.1,-1090.3,True
39.0,litholog12,litholog4,0,0,Channel Sandstone,Channel Sandstone,2865.4,-2001.6,-2050.4,True
39.0,litholog12,litholog5,0,5,Channel Sandstone,Overbank Mudstone,2658.3,-1589.4,-2130.8,False
39.0,litholog12,litholog6,0,5,Channel Sandstone,Overbank Mudstone,3449.0,-1617.8,-3046.1,False
39.0,litholog12,litholog7,0,0,Channel Sandstone,Channel Sandstone,3819.3,-1043.5,-3674.0,True
39.0,litholog12,litholog8,0,1,Channel Sandstone,Planar Sandstone,3551.3,-356.2,-3533.4,False
39.0,litholog12,litholog9,0,3,Channel Sandstone,Carbonaceous Mudstone,2355.6,982.6,-2140.9,False
39.0,litholog2,litholog3,0,0,Channel Sandstone,Channel Sandstone,650.7,480.6,-438.6,True
39.0,litholog2,litholog4,0,0,Channel Sandstone,Channel Sandstone,1683.1,936.2,-1398.7,True
39.0,litholog2,litholog5,0,5,Channel Sandstone,Overbank Mudstone,2001.5,1348.4,-1479.1,False
39.0,litholog2,litholog6,0,5,Channel Sandstone,Overbank Mudstone,2734.1,1319.9,-2394.4,False
39.0,litholog2,litholog7,0,0,Channel Sandstone,Channel Sandstone,3566.9,1894.3,-3022.4,True
39.0,litholog2,litholog8,0,1,Channel Sandstone,Planar Sandstone,3869.0,2581.6,-2881.7,False
39.0,litholog2,litholog9,0,3,Channel Sandstone,Carbonaceous Mudstone,4193.7,3920.3,-1489.2,False
39.0,litholog3,litholog4,0,0,Channel Sandstone,Channel Sandstone,1062.7,455.5,-960.1,True
39.0,litholog3,litholog5,0,5,Channel Sandstone,Overbank Mudstone,1354.9,867.8,-1040.5,False
39.0,litholog3,litholog6,0,5,Channel Sandstone,Overbank Mudstone,2128.2,839.3,-1955.8,False
39.0,litholog3,litholog7,0,0,Channel Sandstone,Channel Sandstone,2945.2,1413.7,-2583.7,True
39.0,litholog3,litholog8,0,1,Channel Sandstone,Planar Sandstone,3222.2,2100.9,-2443.1,False
39.0,litholog3,litholog9,0,3,Channel Sandstone,Carbonaceous Mudstone,3596.6,3439.7,-1050.6,False
39.0,litholog4,litholog5,0,5,Channel Sandstone,Overbank Mudstone,420.0,412.3,-80.4,False
39.0,litholog4,litholog6,0,5,Channel Sandstone,Overbank Mudstone,1067.0,383.8,-995.6,False
39.0,litholog4,litholog7,0,0,Channel Sandstone,Channel Sandstone,1885.3,958.2,-1623.6,True
39.0,litholog4,litholog8,0,1,Channel Sandstone,Planar Sandstone,2215.1,1645.4,-1483.0,False
39.0,litholog4,litholog9,0,3,Channel Sandstone,Carbonaceous Mudstone,2985.5,2984.2,-90.5,False
39.0,litholog5,litholog6,5,5,Overbank Mudstone,Overbank Mudstone,915.7,-28.5,-915.2,True
39.0,litholog5,litholog7,5,0,Overbank Mudstone,Channel Sandstone,1636.9,545.9,-1543.2,False
39.0,litholog5,litholog8,5,1,Overbank Mudstone,Planar Sandstone,1867.6,1233.2,-1402.6,False
39.0,litholog5,litholog9,5,3,Overbank Mudstone,Carbonaceous Mudstone,2571.9,2571.9,-10.1,False
39.0,litholog6,litholog7,5,0,Overbank Mudstone,Channel Sandstone,851.0,574.4,-628.0,False
39.0,litholog6,litholog8,5,1,Overbank Mudstone,Planar Sandstone,1352.5,1261.6,-487.4,False
39.0,litholog6,litholog9,5,3,Overbank Mudstone,Carbonaceous Mudstone,2753.4,2600.4,905.2,False
39.0,litholog7,litholog8,0,1,Channel Sandstone,Planar Sandstone,701.5,687.3,140.6,False
39.0,litholog7,litholog9,0,3,Channel Sandstone,Carbonaceous Mudstone,2540.7,2026.0,1533.2,False
39.0,litholog8,litholog9,1,3,Planar Sandstone,Carbonaceous Mudstone,1931.7,1338.8,1392.5,False
40.0,litholog10,litholog11,1,2,Planar Sandstone,Rippled Heterolithics,1599.7,1173.5,1087.2,False
40.0,litholog10,litholog12,1,0,Planar Sandstone,Channel Sandstone,3387.6,-650.5,3324.6,False
40.0,litholog10,litholog2,1,0,Planar Sandstone,Channel Sandstone,4474.4,-3588.3,2672.9,False
40.0,litholog10,litholog3,1,0,Planar Sandstone,Channel Sandstone,3827.4,-3107.6,2234.3,False
40.0,litholog10,litholog4,1,0,Planar Sandstone,Channel Sandstone,2942.3,-2652.1,1274.1,False
40.0,litholog10,litholog5,1,5,Planar Sandstone,Overbank Mudstone,2538.1,-2239.8,1193.8,False
40.0,litholog10,litholog6,1,1,Planar Sandstone,Planar Sandstone,2285.4,-2268.3,278.5,True
40.0,litholog10,litholog7,1,0,Planar Sandstone,Channel Sandstone,1729.6,-1693.9,-349.5,False
40.0,litholog10,litholog8,1,5,Planar Sandstone,Overbank Mudstone,1028.1,-1006.7,-208.9,False
40.0,litholog10,litholog9,1,2,Planar Sandstone,Rippled Heterolithics,1229.4,332.1,1183.7,False
40.0,litholog11,litholog12,2,0,Rippled Heterolithics,Channel Sandstone,2886.7,-1824.0,2237.4,False
40.0,litholog11,litholog2,2,0,Rippled Heterolithics,Channel Sandstone,5018.8,-4761.8,1585.7,False
40.0,litholog11,litholog3,2,0,Rippled Heterolithics,Channel Sandstone,4432.1,-4281.1,1147.1,False
40.0,litholog11,litholog4,2,0,Rippled Heterolithics,Channel Sandstone,3830.2,-3825.6,186.9,False
40.0,litholog11,litholog5,2,5,Rippled Heterolithics,Overbank Mudstone,3415.0,-3413.3,106.6,False
40.0,litholog11,litholog6,2,1,Rippled Heterolithics,Planar Sandstone,3535.5,-3441.8,-808.7,False
40.0,litholog11,litholog7,2,0,Rippled Heterolithics,Channel Sandstone,3207.2,-2867.4,-1436.7,False
40.0,litholog11,litholog8,2,5,Rippled Heterolithics,Overbank Mudstone,2536.3,-2180.2,-1296.1,False
40.0,litholog11,litholog9,2,2,Rippled Heterolithics,Rippled Heterolithics,846.9,-841.4,96.5,True
40.0,litholog12,litholog2,0,0,Channel Sandstone,Channel Sandstone,3009.2,-2937.8,-651.7,True
40.0,litholog12,litholog3,0,0,Channel Sandstone,Channel Sandstone,2688.2,-2457.1,-1090.3,True
40.0,litholog12,litholog4,0,0,Channel Sandstone,Channel Sandstone,2865.4,-2001.6,-2050.4,True
40.0,litholog12,litholog5,0,5,Channel Sandstone,Overbank Mudstone,2658.3,-1589.4,-2130.8,False
40.0,litholog12,litholog6,0,1,Channel Sandstone,Planar Sandstone,3449.0,-1617.8,-3046.1,False
40.0,litholog12,litholog7,0,0,Channel Sandstone,Channel Sandstone,3819.3,-1043.5,-3674.0,True
40.0,litholog12,litholog8,0,5,Channel Sandstone,Overbank Mudstone,3551.3,-356.2,-3533.4,False
40.0,litholog12,litholog9,0,2,Channel Sandstone,Rippled Heterolithics,2355.6,982.6,-2140.9,False
40.0,litholog2,litholog3,0,0,Channel Sandstone,Channel Sandstone,650.7,480.6,-438.6,True
40.0,litholog2,litholog4,0,0,Channel Sandstone,Channel Sandstone,1683.1,936.2,-1398.7,True
40.0,litholog2,litholog5,0,5,Channel Sandstone,Overbank Mudstone,2001.5,1348.4,-1479.1,False
40.0,litholog2,litholog6,0,1,Channel Sandstone,Planar Sandstone,2734.1,1319.9,-2394.4,False
40.0,litholog2,litholog7,0,0,Channel Sandstone,Channel Sandstone,3566.9,1894.3,-3022.4,True
40.0,litholog2,litholog8,0,5,Channel Sandstone,Overbank Mudstone,3869.0,2581.6,-2881.7,False
40.0,litholog2,litholog9,0,2,Channel Sandstone,Rippled Heterolithics,4193.7,3920.3,-1489.2,False
40.0,litholog3,litholog4,0,0,Channel Sandstone,Channel Sandstone,1062.7,455.5,-960.1,True
40.0,litholog3,litholog5,0,5,Channel Sandstone,Overbank Mudstone,1354.9,867.8,-1040.5,False
40.0,litholog3,litholog6,0,1,Channel Sandstone,Planar Sandstone,2128.2,839.3,-1955.8,False
40.0,litholog3,litholog7,0,0,Channel Sandstone,Channel Sandstone,2945.2,1413.7,-2583.7,True
40.0,litholog3,litholog8,0,5,Channel Sandstone,Overbank Mudstone,3222.2,2100.9,-2443.1,False
40.0,litholog3,litholog9,0,2,Channel Sandstone,Rippled Heterolithics,3596.6,3439.7,-1050.6,False
40.0,litholog4,litholog5,0,5,Channel Sandstone,Overbank Mudstone,420.0,412.3,-80.4,False
40.0,litholog4,litholog6,0,1,Channel Sandstone,Planar Sandstone,1067.0,383.8,-995.6,False
40.0,litholog4,litholog7,0,0,Channel Sandstone,Channel Sandstone,1885.3,958.2,-1623.6,True
40.0,litholog4,litholog8,0,5,Channel Sandstone,Overbank Mudstone,2215.1,1645.4,-1483.0,False
40.0,litholog4,litholog9,0,2,Channel Sandstone,Rippled Heterolithics,2985.5,2984.2,-90.5,False
40.0,litholog5,litholog6,5,1,Overbank Mudstone,Planar Sandstone,915.7,-28.5,-915.2,False
40.0,litholog5,litholog7,5,0,Overbank Mudstone,Channel Sandstone,1636.9,545.9,-1543.2,False
40.0,litholog5,litholog8,5,5,Overbank Mudstone,Overbank Mudstone,1867.6,1233.2,-1402.6,True
40.0,litholog5,litholog9,5,2,Overbank Mudstone,Rippled Heterolithics,2571.9,2571.9,-10.1,False
40.0,litholog6,litholog7,1,0,Planar Sandstone,Channel Sandstone,851.0,574.4,-628.0,False
40.0,litholog6,litholog8,1,5,Planar Sandstone,Overbank Mudstone,1352.5,1261.6,-487.4,False
40.0,litholog6,litholog9,1,2,Planar Sandstone,Rippled Heterolithics,2753.4,2600.4,905.2,False
40.0,litholog7,litholog8,0,5,Channel Sandstone,Overbank Mudstone,701.5,687.3,140.6,False
40.0,litholog7,litholog9,0,2,Channel Sandstone,Rippled Heterolithics,2540.7,2026.0,1533.2,False
40.0,litholog8,litholog9,5,2,Overbank Mudstone,Rippled Heterolithics,1931.7,1338.8,1392.5,False
41.0,litholog10,litholog11,1,2,Planar Sandstone,Rippled Heterolithics,1599.7,1173.5,1087.2,False
41.0,litholog10,litholog12,1,0,Planar Sandstone,Channel Sandstone,3387.6,-650.5,3324.6,False
41.0,litholog10,litholog2,1,0,Planar Sandstone,Channel Sandstone,4474.4,-3588.3,2672.9,False
41.0,litholog10,litholog3,1,0,Planar Sandstone,Channel Sandstone,3827.4,-3107.6,2234.3,False
41.0,litholog10,litholog4,1,0,Planar Sandstone,Channel Sandstone,2942.3,-2652.1,1274.1,False
41.0,litholog10,litholog5,1,5,Planar Sandstone,Overbank Mudstone,2538.1,-2239.8,1193.8,False
41.0,litholog10,litholog6,1,5,Planar Sandstone,Overbank Mudstone,2285.4,-2268.3,278.5,False
41.0,litholog10,litholog7,1,5,Planar Sandstone,Overbank Mudstone,1729.6,-1693.9,-349.5,False
41.0,litholog10,litholog8,1,5,Planar Sandstone,Overbank Mudstone,1028.1,-1006.7,-208.9,False
41.0,litholog10,litholog9,1,2,Planar Sandstone,Rippled Heterolithics,1229.4,332.1,1183.7,False
41.0,litholog11,litholog12,2,0,Rippled Heterolithics,Channel Sandstone,2886.7,-1824.0,2237.4,False
41.0,litholog11,litholog2,2,0,Rippled Heterolithics,Channel Sandstone,5018.8,-4761.8,1585.7,False
41.0,litholog11,litholog3,2,0,Rippled Heterolithics,Channel Sandstone,4432.1,-4281.1,1147.1,False
41.0,litholog11,litholog4,2,0,Rippled Heterolithics,Channel Sandstone,3830.2,-3825.6,186.9,False
41.0,litholog11,litholog5,2,5,Rippled Heterolithics,Overbank Mudstone,3415.0,-3413.3,106.6,False
41.0,litholog11,litholog6,2,5,Rippled Heterolithics,Overbank Mudstone,3535.5,-3441.8,-808.7,False
41.0,litholog11,litholog7,2,5,Rippled Heterolithics,Overbank Mudstone,3207.2,-2867.4,-1436.7,False
41.0,litholog11,litholog8,2,5,Rippled Heterolithics,Overbank Mudstone,2536.3,-2180.2,-1296.1,False
41.0,litholog11,litholog9,2,2,Rippled Heterolithics,Rippled Heterolithics,846.9,-841.4,96.5,True
41.0,litholog12,litholog2,0,0,Channel Sandstone,Channel Sandstone,3009.2,-2937.8,-651.7,True
41.0,litholog12,litholog3,0,0,Channel Sandstone,Channel Sandstone,2688.2,-2457.1,-1090.3,True
41.0,litholog12,litholog4,0,0,Channel Sandstone,Channel Sandstone,2865.4,-2001.6,-2050.4,True
41.0,litholog12,litholog5,0,5,Channel Sandstone,Overbank Mudstone,2658.3,-1589.4,-2130.8,False
41.0,litholog12,litholog6,0,5,Channel Sandstone,Overbank Mudstone,3449.0,-1617.8,-3046.1,False
41.0,litholog12,litholog7,0,5,Channel Sandstone,Overbank Mudstone,3819.3,-1043.5,-3674.0,False
41.0,litholog12,litholog8,0,5,Channel Sandstone,Overbank Mudstone,3551.3,-356.2,-3533.4,False
41.0,litholog12,litholog9,0,2,Channel Sandstone,Rippled Heterolithics,2355.6,982.6,-2140.9,False
41.0,litholog2,litholog3,0,0,Channel Sandstone,Channel Sandstone,650.7,480.6,-438.6,True
41.0,litholog2,litholog4,0,0,Channel Sandstone,Channel Sandstone,1683.1,936.2,-1398.7,True
41.0,litholog2,litholog5,0,5,Channel Sandstone,Overbank Mudstone,2001.5,1348.4,-1479.1,False
41.0,litholog2,litholog6,0,5,Channel Sandstone,Overbank Mudstone,2734.1,1319.9,-2394.4,False
41.0,litholog2,litholog7,0,5,Channel Sandstone,Overbank Mudstone,3566.9,1894.3,-3022.4,False
41.0,litholog2,litholog8,0,5,Channel Sandstone,Overbank Mudstone,3869.0,2581.6,-2881.7,False
41.0,litholog2,litholog9,0,2,Channel Sandstone,Rippled Heterolithics,4193.7,3920.3,-1489.2,False
41.0,litholog3,litholog4,0,0,Channel Sandstone,Channel Sandstone,1062.7,455.5,-960.1,True
41.0,litholog3,litholog5,0,5,Channel Sandstone,Overbank Mudstone,1354.9,867.8,-1040.5,False
41.0,litholog3,litholog6,0,5,Channel Sandstone,Overbank Mudstone,2128.2,839.3,-1955.8,False
41.0,litholog3,litholog7,0,5,Channel Sandstone,Overbank Mudstone,2945.2,1413.7,-2583.7,False
41.0,litholog3,litholog8,0,5,Channel Sandstone,Overbank Mudstone,3222.2,2100.9,-2443.1,False
41.0,litholog3,litholog9,0,2,Channel Sandstone,Rippled Heterolithics,3596.6,3439.7,-1050.6,False
41.0,litholog4,litholog5,0,5,Channel Sandstone,Overbank Mudstone,420.0,412.3,-80.4,False
41.0,litholog4,litholog6,0,5,Channel Sandstone,Overbank Mudstone,1067.0,383.8,-995.6,False
41.0,litholog4,litholog7,0,5,Channel Sandstone,Overbank Mudstone,1885.3,958.2,-1623.6,False
41.0,litholog4,litholog8,0,5,Channel Sandstone,Overbank Mudstone,2215.1,1645.4,-1483.0,False
41.0,litholog4,litholog9,0,2,Channel Sandstone,Rippled Heterolithics,2985.5,2984.2,-90.5,False
41.0,litholog5,litholog6,5,5,Overbank Mudstone,Overbank Mudstone,915.7,-28.5,-915.2,True
41.0,litholog5,litholog7,5,5,Overbank Mudstone,Overbank Mudstone,1636.9,545.9,-1543.2,True
41.0,litholog5,litholog8,5,5,Overbank Mudstone,Overbank Mudstone,1867.6,1233.2,-1402.6,True
41.0,litholog5,litholog9,5,2,Overbank Mudstone,Rippled Heterolithics,2571.9,2571.9,-10.1,False
41.0,litholog6,litholog7,5,5,Overbank Mudstone,Overbank Mudstone,851.0,574.4,-628.0,True
41.0,litholog6,litholog8,5,5,Overbank Mudstone,Overbank Mudstone,1352.5,1261.6,-487.4,True
41.0,litholog6,litholog9,5,2,Overbank Mudstone,Rippled Heterolithics,2753.4,2600.4,905.2,False
41.0,litholog7,litholog8,5,5,Overbank Mudstone,Overbank Mudstone,701.5,687.3,140.6,True
41.0,litholog7,litholog9,5,2,Overbank Mudstone,Rippled Heterolithics,2540.7,2026.0,1533.2,False
41.0,litholog8,litholog9,5,2,Overbank Mudstone,Rippled Heterolithics,1931.7,1338.8,1392.5,False
42.0,litholog10,litholog11,1,2,Planar Sandstone,Rippled Heterolithics,1599.7,1173.5,1087.2,False
42.0,litholog10,litholog12,1,0,Planar Sandstone,Channel Sandstone,3387.6,-650.5,3324.6,False
42.0,litholog10,litholog2,1,0,Planar Sandstone,Channel Sandstone,4474.4,-3588.3,2672.9,False
42.0,litholog10,litholog3,1,0,Planar Sandstone,Channel Sandstone,3827.4,-3107.6,2234.3,False
42.0,litholog10,litholog4,1,0,Planar Sandstone,Channel Sandstone,2942.3,-2652.1,1274.1,False
42.0,litholog10,litholog5,1,5,Planar Sandstone,Overbank Mudstone,2538.1,-2239.8,1193.8,False
42.0,litholog10,litholog6,1,0,Planar Sandstone,Channel Sandstone,2285.4,-2268.3,278.5,False
42.0,litholog10,litholog7,1,5,Planar Sandstone,Overbank Mudstone,1729.6,-1693.9,-349.5,False
42.0,litholog10,litholog8,1,1,Planar Sandstone,Planar Sandstone,1028.1,-1006.7,-208.9,True
42.0,litholog10,litholog9,1,5,Planar Sandstone,Overbank Mudstone,1229.4,332.1,1183.7,False
42.0,litholog11,litholog12,2,0,Rippled Heterolithics,Channel Sandstone,2886.7,-1824.0,2237.4,False
42.0,litholog11,litholog2,2,0,Rippled Heterolithics,Channel Sandstone,5018.8,-4761.8,1585.7,False
42.0,litholog11,litholog3,2,0,Rippled Heterolithics,Channel Sandstone,4432.1,-4281.1,1147.1,False
42.0,litholog11,litholog4,2,0,Rippled Heterolithics,Channel Sandstone,3830.2,-3825.6,186.9,False
42.0,litholog11,litholog5,2,5,Rippled Heterolithics,Overbank Mudstone,3415.0,-3413.3,106.6,False
42.0,litholog11,litholog6,2,0,Rippled Heterolithics,Channel Sandstone,3535.5,-3441.8,-808.7,False
42.0,litholog11,litholog7,2,5,Rippled Heterolithics,Overbank Mudstone,3207.2,-2867.4,-1436.7,False
42.0,litholog11,litholog8,2,1,Rippled Heterolithics,Planar Sandstone,2536.3,-2180.2,-1296.1,False
42.0,litholog11,litholog9,2,5,Rippled Heterolithics,Overbank Mudstone,846.9,-841.4,96.5,False
42.0,litholog12,litholog2,0,0,Channel Sandstone,Channel Sandstone,3009.2,-2937.8,-651.7,True
42.0,litholog12,litholog3,0,0,Channel Sandstone,Channel Sandstone,2688.2,-2457.1,-1090.3,True
42.0,litholog12,litholog4,0,0,Channel Sandstone,Channel Sandstone,2865.4,-2001.6,-2050.4,True
42.0,litholog12,litholog5,0,5,Channel Sandstone,Overbank Mudstone,2658.3,-1589.4,-2130.8,False
42.0,litholog12,litholog6,0,0,Channel Sandstone,Channel Sandstone,3449.0,-1617.8,-3046.1,True
42.0,litholog12,litholog7,0,5,Channel Sandstone,Overbank Mudstone,3819.3,-1043.5,-3674.0,False
42.0,litholog12,litholog8,0,1,Channel Sandstone,Planar Sandstone,3551.3,-356.2,-3533.4,False
42.0,litholog12,litholog9,0,5,Channel Sandstone,Overbank Mudstone,2355.6,982.6,-2140.9,False
42.0,litholog2,litholog3,0,0,Channel Sandstone,Channel Sandstone,650.7,480.6,-438.6,True
42.0,litholog2,litholog4,0,0,Channel Sandstone,Channel Sandstone,1683.1,936.2,-1398.7,True
42.0,litholog2,litholog5,0,5,Channel Sandstone,Overbank Mudstone,2001.5,1348.4,-1479.1,False
42.0,litholog2,litholog6,0,0,Channel Sandstone,Channel Sandstone,2734.1,1319.9,-2394.4,True
42.0,litholog2,litholog7,0,5,Channel Sandstone,Overbank Mudstone,3566.9,1894.3,-3022.4,False
42.0,litholog2,litholog8,0,1,Channel Sandstone,Planar Sandstone,3869.0,2581.6,-2881.7,False
42.0,litholog2,litholog9,0,5,Channel Sandstone,Overbank Mudstone,4193.7,3920.3,-1489.2,False
42.0,litholog3,litholog4,0,0,Channel Sandstone,Channel Sandstone,1062.7,455.5,-960.1,True
42.0,litholog3,litholog5,0,5,Channel Sandstone,Overbank Mudstone,1354.9,867.8,-1040.5,False
42.0,litholog3,litholog6,0,0,Channel Sandstone,Channel Sandstone,2128.2,839.3,-1955.8,True
42.0,litholog3,litholog7,0,5,Channel Sandstone,Overbank Mudstone,2945.2,1413.7,-2583.7,False
42.0,litholog3,litholog8,0,1,Channel Sandstone,Planar Sandstone,3222.2,2100.9,-2443.1,False
42.0,litholog3,litholog9,0,5,Channel Sandstone,Overbank Mudstone,3596.6,3439.7,-1050.6,False
42.0,litholog4,litholog5,0,5,Channel Sandstone,Overbank Mudstone,420.0,412.3,-80.4,False
42.0,litholog4,litholog6,0,0,Channel Sandstone,Channel Sandstone,1067.0,383.8,-995.6,True
42.0,litholog4,litholog7,0,5,Channel Sandstone,Overbank Mudstone,1885.3,958.2,-1623.6,False
42.0,litholog4,litholog8,0,1,Channel Sandstone,Planar Sandstone,2215.1,1645.4,-1483.0,False
42.0,litholog4,litholog9,0,5,Channel Sandstone,Overbank Mudstone,2985.5,2984.2,-90.5,False
42.0,litholog5,litholog6,5,0,Overbank Mudstone,Channel Sandstone,915.7,-28.5,-915.2,False
42.0,litholog5,litholog7,5,5,Overbank Mudstone,Overbank Mudstone,1636.9,545.9,-1543.2,True
42.0,litholog5,litholog8,5,1,Overbank Mudstone,Planar Sandstone,1867.6,1233.2,-1402.6,False
42.0,litholog5,litholog9,5,5,Overbank Mudstone,Overbank Mudstone,2571.9,2571.9,-10.1,True
42.0,litholog6,litholog7,0,5,Channel Sandstone,Overbank Mudstone,851.0,574.4,-628.0,False
42.0,litholog6,litholog8,0,1,Channel Sandstone,Planar Sandstone,1352.5,1261.6,-487.4,False
42.0,litholog6,litholog9,0,5,Channel Sandstone,Overbank Mudstone,2753.4,2600.4,905.2,False
42.0,litholog7,litholog8,5,1,Overbank Mudstone,Planar Sandstone,701.5,687.3,140.6,False
42.0,litholog7,litholog9,5,5,Overbank Mudstone,Overbank Mudstone,2540.7,2026.0,1533.2,True
42.0,litholog8,litholog9,1,5,Planar Sandstone,Overbank Mudstone,1931.7,1338.8,1392.5,False
43.0,litholog10,litholog11,3,3,Carbonaceous Mudstone,Carbonaceous Mudstone,1599.7,1173.5,1087.2,True
43.0,litholog10,litholog12,3,0,Carbonaceous Mudstone,Channel Sandstone,3387.6,-650.5,3324.6,False
43.0,litholog10,litholog2,3,0,Carbonaceous Mudstone,Channel Sandstone,4474.4,-3588.3,2672.9,False
43.0,litholog10,litholog3,3,0,Carbonaceous Mudstone,Channel Sandstone,3827.4,-3107.6,2234.3,False
43.0,litholog10,litholog4,3,0,Carbonaceous Mudstone,Channel Sandstone,2942.3,-2652.1,1274.1,False
43.0,litholog10,litholog5,3,5,Carbonaceous Mudstone,Overbank Mudstone,2538.1,-2239.8,1193.8,False
43.0,litholog10,litholog6,3,0,Carbonaceous Mudstone,Channel Sandstone,2285.4,-2268.3,278.5,False
43.0,litholog10,litholog7,3,0,Carbonaceous Mudstone,Channel Sandstone,1729.6,-1693.9,-349.5,False
43.0,litholog10,litholog8,3,5,Carbonaceous Mudstone,Overbank Mudstone,1028.1,-1006.7,-208.9,False
43.0,litholog10,litholog9,3,1,Carbonaceous Mudstone,Planar Sandstone,1229.4,332.1,1183.7,False
43.0,litholog11,litholog12,3,0,Carbonaceous Mudstone,Channel Sandstone,2886.7,-1824.0,2237.4,False
43.0,litholog11,litholog2,3,0,Carbonaceous Mudstone,Channel Sandstone,5018.8,-4761.8,1585.7,False
43.0,litholog11,litholog3,3,0,Carbonaceous Mudstone,Channel Sandstone,4432.1,-4281.1,1147.1,False
43.0,litholog11,litholog4,3,0,Carbonaceous Mudstone,Channel Sandstone,3830.2,-3825.6,186.9,False
43.0,litholog11,litholog5,3,5,Carbonaceous Mudstone,Overbank Mudstone,3415.0,-3413.3,106.6,False
43.0,litholog11,litholog6,3,0,Carbonaceous Mudstone,Channel Sandstone,3535.5,-3441.8,-808.7,False
43.0,litholog11,litholog7,3,0,Carbonaceous Mudstone,Channel Sandstone,3207.2,-2867.4,-1436.7,False
43.0,litholog11,litholog8,3,5,Carbonaceous Mudstone,Overbank Mudstone,2536.3,-2180.2,-1296.1,False
43.0,litholog11,litholog9,3,1,Carbonaceous Mudstone,Planar Sandstone,846.9,-841.4,96.5,False
43.0,litholog12,litholog2,0,0,Channel Sandstone,Channel Sandstone,3009.2,-2937.8,-651.7,True
43.0,litholog12,litholog3,0,0,Channel Sandstone,Channel Sandstone,2688.2,-2457.1,-1090.3,True
43.0,litholog12,litholog4,0,0,Channel Sandstone,Channel Sandstone,2865.4,-2001.6,-2050.4,True
43.0,litholog12,litholog5,0,5,Channel Sandstone,Overbank Mudstone,2658.3,-1589.4,-2130.8,False
43.0,litholog12,litholog6,0,0,Channel Sandstone,Channel Sandstone,3449.0,-1617.8,-3046.1,True
43.0,litholog12,litholog7,0,0,Channel Sandstone,Channel Sandstone,3819.3,-1043.5,-3674.0,True
43.0,litholog12,litholog8,0,5,Channel Sandstone,Overbank Mudstone,3551.3,-356.2,-3533.4,False
43.0,litholog12,litholog9,0,1,Channel Sandstone,Planar Sandstone,2355.6,982.6,-2140.9,False
43.0,litholog2,litholog3,0,0,Channel Sandstone,Channel Sandstone,650.7,480.6,-438.6,True
43.0,litholog2,litholog4,0,0,Channel Sandstone,Channel Sandstone,1683.1,936.2,-1398.7,True
43.0,litholog2,litholog5,0,5,Channel Sandstone,Overbank Mudstone,2001.5,1348.4,-1479.1,False
43.0,litholog2,litholog6,0,0,Channel Sandstone,Channel Sandstone,2734.1,1319.9,-2394.4,True
43.0,litholog2,litholog7,0,0,Channel Sandstone,Channel Sandstone,3566.9,1894.3,-3022.4,True
43.0,litholog2,litholog8,0,5,Channel Sandstone,Overbank Mudstone,3869.0,2581.6,-2881.7,False
43.0,litholog2,litholog9,0,1,Channel Sandstone,Planar Sandstone,4193.7,3920.3,-1489.2,False
43.0,litholog3,litholog4,0,0,Channel Sandstone,Channel Sandstone,1062.7,455.5,-960.1,True
43.0,litholog3,litholog5,0,5,Channel Sandstone,Overbank Mudstone,1354.9,867.8,-1040.5,False
43.0,litholog3,litholog6,0,0,Channel Sandstone,Channel Sandstone,2128.2,839.3,-1955.8,True
43.0,litholog3,litholog7,0,0,Channel Sandstone,Channel Sandstone,2945.2,1413.7,-2583.7,True
43.0,litholog3,litholog8,0,5,Channel Sandstone,Overbank Mudstone,3222.2,2100.9,-2443.1,False
43.0,litholog3,litholog9,0,1,Channel Sandstone,Planar Sandstone,3596.6,3439.7,-1050.6,False
43.0,litholog4,litholog5,0,5,Channel Sandstone,Overbank Mudstone,420.0,412.3,-80.4,False
43.0,litholog4,litholog6,0,0,Channel Sandstone,Channel Sandstone,1067.0,383.8,-995.6,True
43.0,litholog4,litholog7,0,0,Channel Sandstone,Channel Sandstone,1885.3,958.2,-1623.6,True
43.0,litholog4,litholog8,0,5,Channel Sandstone,Overbank Mudstone,2215.1,1645.4,-1483.0,False
43.0,litholog4,litholog9,0,1,Channel Sandstone,Planar Sandstone,2985.5,2984.2,-90.5,False
43.0,litholog5,litholog6,5,0,Overbank Mudstone,Channel Sandstone,915.7,-28.5,-915.2,False
43.0,litholog5,litholog7,5,0,Overbank Mudstone,Channel Sandstone,1636.9,545.9,-1543.2,False
43.0,litholog5,litholog8,5,5,Overbank Mudstone,Overbank Mudstone,1867.6,1233.2,-1402.6,True
43.0,litholog5,litholog9,5,1,Overbank Mudstone,Planar Sandstone,2571.9,2571.9,-10.1,False
43.0,litholog6,litholog7,0,0,Channel Sandstone,Channel Sandstone,851.0,574.4,-628.0,True
43.0,litholog6,litholog8,0,5,Channel Sandstone,Overbank Mudstone,1352.5,1261.6,-487.4,False
43.0,litholog6,litholog9,0,1,Channel Sandstone,Planar Sandstone,2753.4,2600.4,905.2,False
43.0,litholog7,litholog8,0,5,Channel Sandstone,Overbank Mudstone,701.5,687.3,140.6,False
43.0,litholog7,litholog9,0,1,Channel Sandstone,Planar Sandstone,2540.7,2026.0,1533.2,False
43.0,litholog8,litholog9,5,1,Overbank Mudstone,Planar Sandstone,1931.7,1338.8,1392.5,False
44.0,litholog10,litholog11,1,5,Planar Sandstone,Overbank Mudstone,1599.7,1173.5,1087.2,False
44.0,litholog10,litholog12,1,0,Planar Sandstone,Channel Sandstone,3387.6,-650.5,3324.6,False
44.0,litholog10,litholog2,1,0,Planar Sandstone,Channel Sandstone,4474.4,-3588.3,2672.9,False
44.0,litholog10,litholog3,1,0,Planar Sandstone,Channel Sandstone,3827.4,-3107.6,2234.3,False
44.0,litholog10,litholog4,1,0,Planar Sandstone,Channel Sandstone,2942.3,-2652.1,1274.1,False
44.0,litholog10,litholog5,1,5,Planar Sandstone,Overbank Mudstone,2538.1,-2239.8,1193.8,False
44.0,litholog10,litholog6,1,5,Planar Sandstone,Overbank Mudstone,2285.4,-2268.3,278.5,False
44.0,litholog10,litholog7,1,0,Planar Sandstone,Channel Sandstone,1729.6,-1693.9,-349.5,False
44.0,litholog10,litholog8,1,5,Planar Sandstone,Overbank Mudstone,1028.1,-1006.7,-208.9,False
44.0,litholog10,litholog9,1,1,Planar Sandstone,Planar Sandstone,1229.4,332.1,1183.7,True
44.0,litholog11,litholog12,5,0,Overbank Mudstone,Channel Sandstone,2886.7,-1824.0,2237.4,False
44.0,litholog11,litholog2,5,0,Overbank Mudstone,Channel Sandstone,5018.8,-4761.8,1585.7,False
44.0,litholog11,litholog3,5,0,Overbank Mudstone,Channel Sandstone,4432.1,-4281.1,1147.1,False
44.0,litholog11,litholog4,5,0,Overbank Mudstone,Channel Sandstone,3830.2,-3825.6,186.9,False
44.0,litholog11,litholog5,5,5,Overbank Mudstone,Overbank Mudstone,3415.0,-3413.3,106.6,True
44.0,litholog11,litholog6,5,5,Overbank Mudstone,Overbank Mudstone,3535.5,-3441.8,-808.7,True
44.0,litholog11,litholog7,5,0,Overbank Mudstone,Channel Sandstone,3207.2,-2867.4,-1436.7,False
44.0,litholog11,litholog8,5,5,Overbank Mudstone,Overbank Mudstone,2536.3,-2180.2,-1296.1,True
44.0,litholog11,litholog9,5,1,Overbank Mudstone,Planar Sandstone,846.9,-841.4,96.5,False
44.0,litholog12,litholog2,0,0,Channel Sandstone,Channel Sandstone,3009.2,-2937.8,-651.7,True
44.0,litholog12,litholog3,0,0,Channel Sandstone,Channel Sandstone,2688.2,-2457.1,-1090.3,True
44.0,litholog12,litholog4,0,0,Channel Sandstone,Channel Sandstone,2865.4,-2001.6,-2050.4,True
44.0,litholog12,litholog5,0,5,Channel Sandstone,Overbank Mudstone,2658.3,-1589.4,-2130.8,False
44.0,litholog12,litholog6,0,5,Channel Sandstone,Overbank Mudstone,3449.0,-1617.8,-3046.1,False
44.0,litholog12,litholog7,0,0,Channel Sandstone,Channel Sandstone,3819.3,-1043.5,-3674.0,True
44.0,litholog12,litholog8,0,5,Channel Sandstone,Overbank Mudstone,3551.3,-356.2,-3533.4,False
44.0,litholog12,litholog9,0,1,Channel Sandstone,Planar Sandstone,2355.6,982.6,-2140.9,False
44.0,litholog2,litholog3,0,0,Channel Sandstone,Channel Sandstone,650.7,480.6,-438.6,True
44.0,litholog2,litholog4,0,0,Channel Sandstone,Channel Sandstone,1683.1,936.2,-1398.7,True
44.0,litholog2,litholog5,0,5,Channel Sandstone,Overbank Mudstone,2001.5,1348.4,-1479.1,False
44.0,litholog2,litholog6,0,5,Channel Sandstone,Overbank Mudstone,2734.1,1319.9,-2394.4,False
44.0,litholog2,litholog7,0,0,Channel Sandstone,Channel Sandstone,3566.9,1894.3,-3022.4,True
44.0,litholog2,litholog8,0,5,Channel Sandstone,Overbank Mudstone,3869.0,2581.6,-2881.7,False
44.0,litholog2,litholog9,0,1,Channel Sandstone,Planar Sandstone,4193.7,3920.3,-1489.2,False
44.0,litholog3,litholog4,0,0,Channel Sandstone,Channel Sandstone,1062.7,455.5,-960.1,True
44.0,litholog3,litholog5,0,5,Channel Sandstone,Overbank Mudstone,1354.9,867.8,-1040.5,False
44.0,litholog3,litholog6,0,5,Channel Sandstone,Overbank Mudstone,2128.2,839.3,-1955.8,False
44.0,litholog3,litholog7,0,0,Channel Sandstone,Channel Sandstone,2945.2,1413.7,-2583.7,True
44.0,litholog3,litholog8,0,5,Channel Sandstone,Overbank Mudstone,3222.2,2100.9,-2443.1,False
44.0,litholog3,litholog9,0,1,Channel Sandstone,Planar Sandstone,3596.6,3439.7,-1050.6,False
44.0,litholog4,litholog5,0,5,Channel Sandstone,Overbank Mudstone,420.0,412.3,-80.4,False
44.0,litholog4,litholog6,0,5,Channel Sandstone,Overbank Mudstone,1067.0,383.8,-995.6,False
44.0,litholog4,litholog7,0,0,Channel Sandstone,Channel Sandstone,1885.3,958.2,-1623.6,True
44.0,litholog4,litholog8,0,5,Channel Sandstone,Overbank Mudstone,2215.1,1645.4,-1483.0,False
44.0,litholog4,litholog9,0,1,Channel Sandstone,Planar Sandstone,2985.5,2984.2,-90.5,False
44.0,litholog5,litholog6,5,5,Overbank Mudstone,Overbank Mudstone,915.7,-28.5,-915.2,True
44.0,litholog5,litholog7,5,0,Overbank Mudstone,Channel Sandstone,1636.9,545.9,-1543.2,False
44.0,litholog5,litholog8,5,5,Overbank Mudstone,Overbank Mudstone,1867.6,1233.2,-1402.6,True
44.0,litholog5,litholog9,5,1,Overbank Mudstone,Planar Sandstone,2571.9,2571.9,-10.1,False
44.0,litholog6,litholog7,5,0,Overbank Mudstone,Channel Sandstone,851.0,574.4,-628.0,False
44.0,litholog6,litholog8,5,5,Overbank Mudstone,Overbank Mudstone,1352.5,1261.6,-487.4,True
44.0,litholog6,litholog9,5,1,Overbank Mudstone,Planar Sandstone,2753.4,2600.4,905.2,False
44.0,litholog7,litholog8,0,5,Channel Sandstone,Overbank Mudstone,701.5,687.3,140.6,False
44.0,litholog7,litholog9,0,1,Channel Sandstone,Planar Sandstone,2540.7,2026.0,1533.2,False
44.0,litholog8,litholog9,5,1,Overbank Mudstone,Planar Sandstone,1931.7,1338.8,1392.5,False
45.0,litholog10,litholog11,1,5,Planar Sandstone,Overbank Mudstone,1599.7,1173.5,1087.2,False
45.0,litholog10,litholog12,1,0,Planar Sandstone,Channel Sandstone,3387.6,-650.5,3324.6,False
45.0,litholog10,litholog2,1,0,Planar Sandstone,Channel Sandstone,4474.4,-3588.3,2672.9,False
45.0,litholog10,litholog3,1,0,Planar Sandstone,Channel Sandstone,3827.4,-3107.6,2234.3,False
45.0,litholog10,litholog4,1,4,Planar Sandstone,Coal,2942.3,-2652.1,1274.1,False
45.0,litholog10,litholog5,1,5,Planar Sandstone,Overbank Mudstone,2538.1,-2239.8,1193.8,False
45.0,litholog10,litholog6,1,5,Planar Sandstone,Overbank Mudstone,2285.4,-2268.3,278.5,False
45.0,litholog10,litholog7,1,0,Planar Sandstone,Channel Sandstone,1729.6,-1693.9,-349.5,False
45.0,litholog10,litholog8,1,1,Planar Sandstone,Planar Sandstone,1028.1,-1006.7,-208.9,True
45.0,litholog10,litholog9,1,5,Planar Sandstone,Overbank Mudstone,1229.4,332.1,1183.7,False
45.0,litholog11,litholog12,5,0,Overbank Mudstone,Channel Sandstone,2886.7,-1824.0,2237.4,False
45.0,litholog11,litholog2,5,0,Overbank Mudstone,Channel Sandstone,5018.8,-4761.8,1585.7,False
45.0,litholog11,litholog3,5,0,Overbank Mudstone,Channel Sandstone,4432.1,-4281.1,1147.1,False
45.0,litholog11,litholog4,5,4,Overbank Mudstone,Coal,3830.2,-3825.6,186.9,False
45.0,litholog11,litholog5,5,5,Overbank Mudstone,Overbank Mudstone,3415.0,-3413.3,106.6,True
45.0,litholog11,litholog6,5,5,Overbank Mudstone,Overbank Mudstone,3535.5,-3441.8,-808.7,True
45.0,litholog11,litholog7,5,0,Overbank Mudstone,Channel Sandstone,3207.2,-2867.4,-1436.7,False
45.0,litholog11,litholog8,5,1,Overbank Mudstone,Planar Sandstone,2536.3,-2180.2,-1296.1,False
45.0,litholog11,litholog9,5,5,Overbank Mudstone,Overbank Mudstone,846.9,-841.4,96.5,True
45.0,litholog12,litholog2,0,0,Channel Sandstone,Channel Sandstone,3009.2,-2937.8,-651.7,True
45.0,litholog12,litholog3,0,0,Channel Sandstone,Channel Sandstone,2688.2,-2457.1,-1090.3,True
45.0,litholog12,litholog4,0,4,Channel Sandstone,Coal,2865.4,-2001.6,-2050.4,False
45.0,litholog12,litholog5,0,5,Channel Sandstone,Overbank Mudstone,2658.3,-1589.4,-2130.8,False
45.0,litholog12,litholog6,0,5,Channel Sandstone,Overbank Mudstone,3449.0,-1617.8,-3046.1,False
45.0,litholog12,litholog7,0,0,Channel Sandstone,Channel Sandstone,3819.3,-1043.5,-3674.0,True
45.0,litholog12,litholog8,0,1,Channel Sandstone,Planar Sandstone,3551.3,-356.2,-3533.4,False
45.0,litholog12,litholog9,0,5,Channel Sandstone,Overbank Mudstone,2355.6,982.6,-2140.9,False
45.0,litholog2,litholog3,0,0,Channel Sandstone,Channel Sandstone,650.7,480.6,-438.6,True
45.0,litholog2,litholog4,0,4,Channel Sandstone,Coal,1683.1,936.2,-1398.7,False
45.0,litholog2,litholog5,0,5,Channel Sandstone,Overbank Mudstone,2001.5,1348.4,-1479.1,False
45.0,litholog2,litholog6,0,5,Channel Sandstone,Overbank Mudstone,2734.1,1319.9,-2394.4,False
45.0,litholog2,litholog7,0,0,Channel Sandstone,Channel Sandstone,3566.9,1894.3,-3022.4,True
45.0,litholog2,litholog8,0,1,Channel Sandstone,Planar Sandstone,3869.0,2581.6,-2881.7,False
45.0,litholog2,litholog9,0,5,Channel Sandstone,Overbank Mudstone,4193.7,3920.3,-1489.2,False
45.0,litholog3,litholog4,0,4,Channel Sandstone,Coal,1062.7,455.5,-960.1,False
45.0,litholog3,litholog5,0,5,Channel Sandstone,Overbank Mudstone,1354.9,867.8,-1040.5,False
45.0,litholog3,litholog6,0,5,Channel Sandstone,Overbank Mudstone,2128.2,839.3,-1955.8,False
45.0,litholog3,litholog7,0,0,Channel Sandstone,Channel Sandstone,2945.2,1413.7,-2583.7,True
45.0,litholog3,litholog8,0,1,Channel Sandstone,Planar Sandstone,3222.2,2100.9,-2443.1,False
45.0,litholog3,litholog9,0,5,Channel Sandstone,Overbank Mudstone,3596.6,3439.7,-1050.6,False
45.0,litholog4,litholog5,4,5,Coal,Overbank Mudstone,420.0,412.3,-80.4,False
45.0,litholog4,litholog6,4,5,Coal,Overbank Mudstone,1067.0,383.8,-995.6,False
45.0,litholog4,litholog7,4,0,Coal,Channel Sandstone,1885.3,958.2,-1623.6,False
45.0,litholog4,litholog8,4,1,Coal,Planar Sandstone,2215.1,1645.4,-1483.0,False
45.0,litholog4,litholog9,4,5,Coal,Overbank Mudstone,2985.5,2984.2,-90.5,False
45.0,litholog5,litholog6,5,5,Overbank Mudstone,Overbank Mudstone,915.7,-28.5,-915.2,True
45.0,litholog5,litholog7,5,0,Overbank Mudstone,Channel Sandstone,1636.9,545.9,-1543.2,False
45.0,litholog5,litholog8,5,1,Overbank Mudstone,Planar Sandstone,1867.6,1233.2,-1402.6,False
45.0,litholog5,litholog9,5,5,Overbank Mudstone,Overbank Mudstone,2571.9,2571.9,-10.1,True
45.0,litholog6,litholog7,5,0,Overbank Mudstone,Channel Sandstone,851.0,574.4,-628.0,False
45.0,litholog6,litholog8,5,1,Overbank Mudstone,Planar Sandstone,1352.5,1261.6,-487.4,False
45.0,litholog6,litholog9,5,5,Overbank Mudstone,Overbank Mudstone,2753.4,2600.4,905.2,True
45.0,litholog7,litholog8,0,1,Channel Sandstone,Planar Sandstone,701.5,687.3,140.6,False
45.0,litholog7,litholog9,0,5,Channel Sandstone,Overbank Mudstone,2540.7,2026.0,1533.2,False
45.0,litholog8,litholog9,1,5,Planar Sandstone,Overbank Mudstone,1931.7,1338.8,1392.5,False
46.0,litholog10,litholog11,1,0,Planar Sandstone,Channel Sandstone,1599.7,1173.5,1087.2,False
46.0,litholog10,litholog12,1,0,Planar Sandstone,Channel Sandstone,3387.6,-650.5,3324.6,False
46.0,litholog10,litholog2,1,0,Planar Sandstone,Channel Sandstone,4474.4,-3588.3,2672.9,False
46.0,litholog10,litholog3,1,0,Planar Sandstone,Channel Sandstone,3827.4,-3107.6,2234.3,False
46.0,litholog10,litholog4,1,2,Planar Sandstone,Rippled Heterolithics,2942.3,-2652.1,1274.1,False
46.0,litholog10,litholog5,1,5,Planar Sandstone,Overbank Mudstone,2538.1,-2239.8,1193.8,False
46.0,litholog10,litholog6,1,0,Planar Sandstone,Channel Sandstone,2285.4,-2268.3,278.5,False
46.0,litholog10,litholog7,1,0,Planar Sandstone,Channel Sandstone,1729.6,-1693.9,-349.5,False
46.0,litholog10,litholog8,1,5,Planar Sandstone,Overbank Mudstone,1028.1,-1006.7,-208.9,False
46.0,litholog10,litholog9,1,5,Planar Sandstone,Overbank Mudstone,1229.4,332.1,1183.7,False
46.0,litholog11,litholog12,0,0,Channel Sandstone,Channel Sandstone,2886.7,-1824.0,2237.4,True
46.0,litholog11,litholog2,0,0,Channel Sandstone,Channel Sandstone,5018.8,-4761.8,1585.7,True
46.0,litholog11,litholog3,0,0,Channel Sandstone,Channel Sandstone,4432.1,-4281.1,1147.1,True
46.0,litholog11,litholog4,0,2,Channel Sandstone,Rippled Heterolithics,3830.2,-3825.6,186.9,False
46.0,litholog11,litholog5,0,5,Channel Sandstone,Overbank Mudstone,3415.0,-3413.3,106.6,False
46.0,litholog11,litholog6,0,0,Channel Sandstone,Channel Sandstone,3535.5,-3441.8,-808.7,True
46.0,litholog11,litholog7,0,0,Channel Sandstone,Channel Sandstone,3207.2,-2867.4,-1436.7,True
46.0,litholog11,litholog8,0,5,Channel Sandstone,Overbank Mudstone,2536.3,-2180.2,-1296.1,False
46.0,litholog11,litholog9,0,5,Channel Sandstone,Overbank Mudstone,846.9,-841.4,96.5,False
46.0,litholog12,litholog2,0,0,Channel Sandstone,Channel Sandstone,3009.2,-2937.8,-651.7,True
46.0,litholog12,litholog3,0,0,Channel Sandstone,Channel Sandstone,2688.2,-2457.1,-1090.3,True
46.0,litholog12,litholog4,0,2,Channel Sandstone,Rippled Heterolithics,2865.4,-2001.6,-2050.4,False
46.0,litholog12,litholog5,0,5,Channel Sandstone,Overbank Mudstone,2658.3,-1589.4,-2130.8,False
46.0,litholog12,litholog6,0,0,Channel Sandstone,Channel Sandstone,3449.0,-1617.8,-3046.1,True
46.0,litholog12,litholog7,0,0,Channel Sandstone,Channel Sandstone,3819.3,-1043.5,-3674.0,True
46.0,litholog12,litholog8,0,5,Channel Sandstone,Overbank Mudstone,3551.3,-356.2,-3533.4,False
46.0,litholog12,litholog9,0,5,Channel Sandstone,Overbank Mudstone,2355.6,982.6,-2140.9,False
46.0,litholog2,litholog3,0,0,Channel Sandstone,Channel Sandstone,650.7,480.6,-438.6,True
46.0,litholog2,litholog4,0,2,Channel Sandstone,Rippled Heterolithics,1683.1,936.2,-1398.7,False
46.0,litholog2,litholog5,0,5,Channel Sandstone,Overbank Mudstone,2001.5,1348.4,-1479.1,False
46.0,litholog2,litholog6,0,0,Channel Sandstone,Channel Sandstone,2734.1,1319.9,-2394.4,True
46.0,litholog2,litholog7,0,0,Channel Sandstone,Channel Sandstone,3566.9,1894.3,-3022.4,True
46.0,litholog2,litholog8,0,5,Channel Sandstone,Overbank Mudstone,3869.0,2581.6,-2881.7,False
46.0,litholog2,litholog9,0,5,Channel Sandstone,Overbank Mudstone,4193.7,3920.3,-1489.2,False
46.0,litholog3,litholog4,0,2,Channel Sandstone,Rippled Heterolithics,1062.7,455.5,-960.1,False
46.0,litholog3,litholog5,0,5,Channel Sandstone,Overbank Mudstone,1354.9,867.8,-1040.5,False
46.0,litholog3,litholog6,0,0,Channel Sandstone,Channel Sandstone,2128.2,839.3,-1955.8,True
46.0,litholog3,litholog7,0,0,Channel Sandstone,Channel Sandstone,2945.2,1413.7,-2583.7,True
46.0,litholog3,litholog8,0,5,Channel Sandstone,Overbank Mudstone,3222.2,2100.9,-2443.1,False
46.0,litholog3,litholog9,0,5,Channel Sandstone,Overbank Mudstone,3596.6,3439.7,-1050.6,False
46.0,litholog4,litholog5,2,5,Rippled Heterolithics,Overbank Mudstone,420.0,412.3,-80.4,False
46.0,litholog4,litholog6,2,0,Rippled Heterolithics,Channel Sandstone,1067.0,383.8,-995.6,False
46.0,litholog4,litholog7,2,0,Rippled Heterolithics,Channel Sandstone,1885.3,958.2,-1623.6,False
46.0,litholog4,litholog8,2,5,Rippled Heterolithics,Overbank Mudstone,2215.1,1645.4,-1483.0,False
46.0,litholog4,litholog9,2,5,Rippled Heterolithics,Overbank Mudstone,2985.5,2984.2,-90.5,False
46.0,litholog5,litholog6,5,0,Overbank Mudstone,Channel Sandstone,915.7,-28.5,-915.2,False
46.0,litholog5,litholog7,5,0,Overbank Mudstone,Channel Sandstone,1636.9,545.9,-1543.2,False
46.0,litholog5,litholog8,5,5,Overbank Mudstone,Overbank Mudstone,1867.6,1233.2,-1402.6,True
46.0,litholog5,litholog9,5,5,Overbank Mudstone,Overbank Mudstone,2571.9,2571.9,-10.1,True
46.0,litholog6,litholog7,0,0,Channel Sandstone,Channel Sandstone,851.0,574.4,-628.0,True
46.0,litholog6,litholog8,0,5,Channel Sandstone,Overbank Mudstone,1352.5,1261.6,-487.4,False
46.0,litholog6,litholog9,0,5,Channel Sandstone,Overbank Mudstone,2753.4,2600.4,905.2,False
46.0,litholog7,litholog8,0,5,Channel Sandstone,Overbank Mudstone,701.5,687.3,140.6,False
46.0,litholog7,litholog9,0,5,Channel Sandstone,Overbank Mudstone,2540.7,2026.0,1533.2,False
46.0,litholog8,litholog9,5,5,Overbank Mudstone,Overbank Mudstone,1931.7,1338.8,1392.5,True
47.0,litholog10,litholog11,1,0,Planar Sandstone,Channel Sandstone,1599.7,1173.5,1087.2,False
47.0,litholog10,litholog12,1,2,Planar Sandstone,Rippled Heterolithics,3387.6,-650.5,3324.6,False
47.0,litholog10,litholog2,1,0,Planar Sandstone,Channel Sandstone,4474.4,-3588.3,2672.9,False
47.0,litholog10,litholog3,1,0,Planar Sandstone,Channel Sandstone,3827.4,-3107.6,2234.3,False
47.0,litholog10,litholog4,1,2,Planar Sandstone,Rippled Heterolithics,2942.3,-2652.1,1274.1,False
47.0,litholog10,litholog5,1,5,Planar Sandstone,Overbank Mudstone,2538.1,-2239.8,1193.8,False
47.0,litholog10,litholog6,1,0,Planar Sandstone,Channel Sandstone,2285.4,-2268.3,278.5,False
47.0,litholog10,litholog7,1,0,Planar Sandstone,Channel Sandstone,1729.6,-1693.9,-349.5,False
47.0,litholog10,litholog8,1,5,Planar Sandstone,Overbank Mudstone,1028.1,-1006.7,-208.9,False
47.0,litholog10,litholog9,1,5,Planar Sandstone,Overbank Mudstone,1229.4,332.1,1183.7,False
47.0,litholog11,litholog12,0,2,Channel Sandstone,Rippled Heterolithics,2886.7,-1824.0,2237.4,False
47.0,litholog11,litholog2,0,0,Channel Sandstone,Channel Sandstone,5018.8,-4761.8,1585.7,True
47.0,litholog11,litholog3,0,0,Channel Sandstone,Channel Sandstone,4432.1,-4281.1,1147.1,True
47.0,litholog11,litholog4,0,2,Channel Sandstone,Rippled Heterolithics,3830.2,-3825.6,186.9,False
47.0,litholog11,litholog5,0,5,Channel Sandstone,Overbank Mudstone,3415.0,-3413.3,106.6,False
47.0,litholog11,litholog6,0,0,Channel Sandstone,Channel Sandstone,3535.5,-3441.8,-808.7,True
47.0,litholog11,litholog7,0,0,Channel Sandstone,Channel Sandstone,3207.2,-2867.4,-1436.7,True
47.0,litholog11,litholog8,0,5,Channel Sandstone,Overbank Mudstone,2536.3,-2180.2,-1296.1,False
47.0,litholog11,litholog9,0,5,Channel Sandstone,Overbank Mudstone,846.9,-841.4,96.5,False
47.0,litholog12,litholog2,2,0,Rippled Heterolithics,Channel Sandstone,3009.2,-2937.8,-651.7,False
47.0,litholog12,litholog3,2,0,Rippled Heterolithics,Channel Sandstone,2688.2,-2457.1,-1090.3,False
47.0,litholog12,litholog4,2,2,Rippled Heterolithics,Rippled Heterolithics,2865.4,-2001.6,-2050.4,True
47.0,litholog12,litholog5,2,5,Rippled Heterolithics,Overbank Mudstone,2658.3,-1589.4,-2130.8,False
47.0,litholog12,litholog6,2,0,Rippled Heterolithics,Channel Sandstone,3449.0,-1617.8,-3046.1,False
47.0,litholog12,litholog7,2,0,Rippled Heterolithics,Channel Sandstone,3819.3,-1043.5,-3674.0,False
47.0,litholog12,litholog8,2,5,Rippled Heterolithics,Overbank Mudstone,3551.3,-356.2,-3533.4,False
47.0,litholog12,litholog9,2,5,Rippled Heterolithics,Overbank Mudstone,2355.6,982.6,-2140.9,False
47.0,litholog2,litholog3,0,0,Channel Sandstone,Channel Sandstone,650.7,480.6,-438.6,True
47.0,litholog2,litholog4,0,2,Channel Sandstone,Rippled Heterolithics,1683.1,936.2,-1398.7,False
47.0,litholog2,litholog5,0,5,Channel Sandstone,Overbank Mudstone,2001.5,1348.4,-1479.1,False
47.0,litholog2,litholog6,0,0,Channel Sandstone,Channel Sandstone,2734.1,1319.9,-2394.4,True
47.0,litholog2,litholog7,0,0,Channel Sandstone,Channel Sandstone,3566.9,1894.3,-3022.4,True
47.0,litholog2,litholog8,0,5,Channel Sandstone,Overbank Mudstone,3869.0,2581.6,-2881.7,False
47.0,litholog2,litholog9,0,5,Channel Sandstone,Overbank Mudstone,4193.7,3920.3,-1489.2,False
47.0,litholog3,litholog4,0,2,Channel Sandstone,Rippled Heterolithics,1062.7,455.5,-960.1,False
47.0,litholog3,litholog5,0,5,Channel Sandstone,Overbank Mudstone,1354.9,867.8,-1040.5,False
47.0,litholog3,litholog6,0,0,Channel Sandstone,Channel Sandstone,2128.2,839.3,-1955.8,True
47.0,litholog3,litholog7,0,0,Channel Sandstone,Channel Sandstone,2945.2,1413.7,-2583.7,True
47.0,litholog3,litholog8,0,5,Channel Sandstone,Overbank Mudstone,3222.2,2100.9,-2443.1,False
47.0,litholog3,litholog9,0,5,Channel Sandstone,Overbank Mudstone,3596.6,3439.7,-1050.6,False
47.0,litholog4,litholog5,2,5,Rippled Heterolithics,Overbank Mudstone,420.0,412.3,-80.4,False
47.0,litholog4,litholog6,2,0,Rippled Heterolithics,Channel Sandstone,1067.0,383.8,-995.6,False
47.0,litholog4,litholog7,2,0,Rippled Heterolithics,Channel Sandstone,1885.3,958.2,-1623.6,False
47.0,litholog4,litholog8,2,5,Rippled Heterolithics,Overbank Mudstone,2215.1,1645.4,-1483.0,False
47.0,litholog4,litholog9,2,5,Rippled Heterolithics,Overbank Mudstone,2985.5,2984.2,-90.5,False
47.0,litholog5,litholog6,5,0,Overbank Mudstone,Channel Sandstone,915.7,-28.5,-915.2,False
47.0,litholog5,litholog7,5,0,Overbank Mudstone,Channel Sandstone,1636.9,545.9,-1543.2,False
47.0,litholog5,litholog8,5,5,Overbank Mudstone,Overbank Mudstone,1867.6,1233.2,-1402.6,True
47.0,litholog5,litholog9,5,5,Overbank Mudstone,Overbank Mudstone,2571.9,2571.9,-10.1,True
47.0,litholog6,litholog7,0,0,Channel Sandstone,Channel Sandstone,851.0,574.4,-628.0,True
47.0,litholog6,litholog8,0,5,Channel Sandstone,Overbank Mudstone,1352.5,1261.6,-487.4,False
47.0,litholog6,litholog9,0,5,Channel Sandstone,Overbank Mudstone,2753.4,2600.4,905.2,False
47.0,litholog7,litholog8,0,5,Channel Sandstone,Overbank Mudstone,701.5,687.3,140.6,False
47.0,litholog7,litholog9,0,5,Channel Sandstone,Overbank Mudstone,2540.7,2026.0,1533.2,False
47.0,litholog8,litholog9,5,5,Overbank Mudstone,Overbank Mudstone,1931.7,1338.8,1392.5,True
48.0,litholog10,litholog11,1,0,Planar Sandstone,Channel Sandstone,1599.7,1173.5,1087.2,False
48.0,litholog10,litholog12,1,2,Planar Sandstone,Rippled Heterolithics,3387.6,-650.5,3324.6,False
48.0,litholog10,litholog2,1,0,Planar Sandstone,Channel Sandstone,4474.4,-3588.3,2672.9,False
48.0,litholog10,litholog3,1,0,Planar Sandstone,Channel Sandstone,3827.4,-3107.6,2234.3,False
48.0,litholog10,litholog4,1,2,Planar Sandstone,Rippled Heterolithics,2942.3,-2652.1,1274.1,False
48.0,litholog10,litholog5,1,5,Planar Sandstone,Overbank Mudstone,2538.1,-2239.8,1193.8,False
48.0,litholog10,litholog6,1,5,Planar Sandstone,Overbank Mudstone,2285.4,-2268.3,278.5,False
48.0,litholog10,litholog7,1,0,Planar Sandstone,Channel Sandstone,1729.6,-1693.9,-349.5,False
48.0,litholog10,litholog8,1,1,Planar Sandstone,Planar Sandstone,1028.1,-1006.7,-208.9,True
48.0,litholog10,litholog9,1,1,Planar Sandstone,Planar Sandstone,1229.4,332.1,1183.7,True
48.0,litholog11,litholog12,0,2,Channel Sandstone,Rippled Heterolithics,2886.7,-1824.0,2237.4,False
48.0,litholog11,litholog2,0,0,Channel Sandstone,Channel Sandstone,5018.8,-4761.8,1585.7,True
48.0,litholog11,litholog3,0,0,Channel Sandstone,Channel Sandstone,4432.1,-4281.1,1147.1,True
48.0,litholog11,litholog4,0,2,Channel Sandstone,Rippled Heterolithics,3830.2,-3825.6,186.9,False
48.0,litholog11,litholog5,0,5,Channel Sandstone,Overbank Mudstone,3415.0,-3413.3,106.6,False
48.0,litholog11,litholog6,0,5,Channel Sandstone,Overbank Mudstone,3535.5,-3441.8,-808.7,False
48.0,litholog11,litholog7,0,0,Channel Sandstone,Channel Sandstone,3207.2,-2867.4,-1436.7,True
48.0,litholog11,litholog8,0,1,Channel Sandstone,Planar Sandstone,2536.3,-2180.2,-1296.1,False
48.0,litholog11,litholog9,0,1,Channel Sandstone,Planar Sandstone,846.9,-841.4,96.5,False
48.0,litholog12,litholog2,2,0,Rippled Heterolithics,Channel Sandstone,3009.2,-2937.8,-651.7,False
48.0,litholog12,litholog3,2,0,Rippled Heterolithics,Channel Sandstone,2688.2,-2457.1,-1090.3,False
48.0,litholog12,litholog4,2,2,Rippled Heterolithics,Rippled Heterolithics,2865.4,-2001.6,-2050.4,True
48.0,litholog12,litholog5,2,5,Rippled Heterolithics,Overbank Mudstone,2658.3,-1589.4,-2130.8,False
48.0,litholog12,litholog6,2,5,Rippled Heterolithics,Overbank Mudstone,3449.0,-1617.8,-3046.1,False
48.0,litholog12,litholog7,2,0,Rippled Heterolithics,Channel Sandstone,3819.3,-1043.5,-3674.0,False
48.0,litholog12,litholog8,2,1,Rippled Heterolithics,Planar Sandstone,3551.3,-356.2,-3533.4,False
48.0,litholog12,litholog9,2,1,Rippled Heterolithics,Planar Sandstone,2355.6,982.6,-2140.9,False
48.0,litholog2,litholog3,0,0,Channel Sandstone,Channel Sandstone,650.7,480.6,-438.6,True
48.0,litholog2,litholog4,0,2,Channel Sandstone,Rippled Heterolithics,1683.1,936.2,-1398.7,False
48.0,litholog2,litholog5,0,5,Channel Sandstone,Overbank Mudstone,2001.5,1348.4,-1479.1,False
48.0,litholog2,litholog6,0,5,Channel Sandstone,Overbank Mudstone,2734.1,1319.9,-2394.4,False
48.0,litholog2,litholog7,0,0,Channel Sandstone,Channel Sandstone,3566.9,1894.3,-3022.4,True
48.0,litholog2,litholog8,0,1,Channel Sandstone,Planar Sandstone,3869.0,2581.6,-2881.7,False
48.0,litholog2,litholog9,0,1,Channel Sandstone,Planar Sandstone,4193.7,3920.3,-1489.2,False
48.0,litholog3,litholog4,0,2,Channel Sandstone,Rippled Heterolithics,1062.7,455.5,-960.1,False
48.0,litholog3,litholog5,0,5,Channel Sandstone,Overbank Mudstone,1354.9,867.8,-1040.5,False
48.0,litholog3,litholog6,0,5,Channel Sandstone,Overbank Mudstone,2128.2,839.3,-1955.8,False
48.0,litholog3,litholog7,0,0,Channel Sandstone,Channel Sandstone,2945.2,1413.7,-2583.7,True
48.0,litholog3,litholog8,0,1,Channel Sandstone,Planar Sandstone,3222.2,2100.9,-2443.1,False
48.0,litholog3,litholog9,0,1,Channel Sandstone,Planar Sandstone,3596.6,3439.7,-1050.6,False
48.0,litholog4,litholog5,2,5,Rippled Heterolithics,Overbank Mudstone,420.0,412.3,-80.4,False
48.0,litholog4,litholog6,2,5,Rippled Heterolithics,Overbank Mudstone,1067.0,383.8,-995.6,False
48.0,litholog4,litholog7,2,0,Rippled Heterolithics,Channel Sandstone,1885.3,958.2,-1623.6,False
48.0,litholog4,litholog8,2,1,Rippled Heterolithics,Planar Sandstone,2215.1,1645.4,-1483.0,False
48.0,litholog4,litholog9,2,1,Rippled Heterolithics,Planar Sandstone,2985.5,2984.2,-90.5,False
48.0,litholog5,litholog6,5,5,Overbank Mudstone,Overbank Mudstone,915.7,-28.5,-915.2,True
48.0,litholog5,litholog7,5,0,Overbank Mudstone,Channel Sandstone,1636.9,545.9,-1543.2,False
48.0,litholog5,litholog8,5,1,Overbank Mudstone,Planar Sandstone,1867.6,1233.2,-1402.6,False
48.0,litholog5,litholog9,5,1,Overbank Mudstone,Planar Sandstone,2571.9,2571.9,-10.1,False
48.0,litholog6,litholog7,5,0,Overbank Mudstone,Channel Sandstone,851.0,574.4,-628.0,False
48.0,litholog6,litholog8,5,1,Overbank Mudstone,Planar Sandstone,1352.5,1261.6,-487.4,False
48.0,litholog6,litholog9,5,1,Overbank Mudstone,Planar Sandstone,2753.4,2600.4,905.2,False
48.0,litholog7,litholog8,0,1,Channel Sandstone,Planar Sandstone,701.5,687.3,140.6,False
48.0,litholog7,litholog9,0,1,Channel Sandstone,Planar Sandstone,2540.7,2026.0,1533.2,False
48.0,litholog8,litholog9,1,1,Planar Sandstone,Planar Sandstone,1931.7,1338.8,1392.5,True
49.0,litholog10,litholog11,1,0,Planar Sandstone,Channel Sandstone,1599.7,1173.5,1087.2,False
49.0,litholog10,litholog12,1,5,Planar Sandstone,Overbank Mudstone,3387.6,-650.5,3324.6,False
49.0,litholog10,litholog2,1,0,Planar Sandstone,Channel Sandstone,4474.4,-3588.3,2672.9,False
49.0,litholog10,litholog3,1,0,Planar Sandstone,Channel Sandstone,3827.4,-3107.6,2234.3,False
49.0,litholog10,litholog4,1,2,Planar Sandstone,Rippled Heterolithics,2942.3,-2652.1,1274.1,False
49.0,litholog10,litholog5,1,5,Planar Sandstone,Overbank Mudstone,2538.1,-2239.8,1193.8,False
49.0,litholog10,litholog6,1,0,Planar Sandstone,Channel Sandstone,2285.4,-2268.3,278.5,False
49.0,litholog10,litholog7,1,0,Planar Sandstone,Channel Sandstone,1729.6,-1693.9,-349.5,False
49.0,litholog10,litholog8,1,5,Planar Sandstone,Overbank Mudstone,1028.1,-1006.7,-208.9,False
49.0,litholog10,litholog9,1,0,Planar Sandstone,Channel Sandstone,1229.4,332.1,1183.7,False
49.0,litholog11,litholog12,0,5,Channel Sandstone,Overbank Mudstone,2886.7,-1824.0,2237.4,False
49.0,litholog11,litholog2,0,0,Channel Sandstone,Channel Sandstone,5018.8,-4761.8,1585.7,True
49.0,litholog11,litholog3,0,0,Channel Sandstone,Channel Sandstone,4432.1,-4281.1,1147.1,True
49.0,litholog11,litholog4,0,2,Channel Sandstone,Rippled Heterolithics,3830.2,-3825.6,186.9,False
49.0,litholog11,litholog5,0,5,Channel Sandstone,Overbank Mudstone,3415.0,-3413.3,106.6,False
49.0,litholog11,litholog6,0,0,Channel Sandstone,Channel Sandstone,3535.5,-3441.8,-808.7,True
49.0,litholog11,litholog7,0,0,Channel Sandstone,Channel Sandstone,3207.2,-2867.4,-1436.7,True
49.0,litholog11,litholog8,0,5,Channel Sandstone,Overbank Mudstone,2536.3,-2180.2,-1296.1,False
49.0,litholog11,litholog9,0,0,Channel Sandstone,Channel Sandstone,846.9,-841.4,96.5,True
49.0,litholog12,litholog2,5,0,Overbank Mudstone,Channel Sandstone,3009.2,-2937.8,-651.7,False
49.0,litholog12,litholog3,5,0,Overbank Mudstone,Channel Sandstone,2688.2,-2457.1,-1090.3,False
49.0,litholog12,litholog4,5,2,Overbank Mudstone,Rippled Heterolithics,2865.4,-2001.6,-2050.4,False
49.0,litholog12,litholog5,5,5,Overbank Mudstone,Overbank Mudstone,2658.3,-1589.4,-2130.8,True
49.0,litholog12,litholog6,5,0,Overbank Mudstone,Channel Sandstone,3449.0,-1617.8,-3046.1,False
49.0,litholog12,litholog7,5,0,Overbank Mudstone,Channel Sandstone,3819.3,-1043.5,-3674.0,False
49.0,litholog12,litholog8,5,5,Overbank Mudstone,Overbank Mudstone,3551.3,-356.2,-3533.4,True
49.0,litholog12,litholog9,5,0,Overbank Mudstone,Channel Sandstone,2355.6,982.6,-2140.9,False
49.0,litholog2,litholog3,0,0,Channel Sandstone,Channel Sandstone,650.7,480.6,-438.6,True
49.0,litholog2,litholog4,0,2,Channel Sandstone,Rippled Heterolithics,1683.1,936.2,-1398.7,False
49.0,litholog2,litholog5,0,5,Channel Sandstone,Overbank Mudstone,2001.5,1348.4,-1479.1,False
49.0,litholog2,litholog6,0,0,Channel Sandstone,Channel Sandstone,2734.1,1319.9,-2394.4,True
49.0,litholog2,litholog7,0,0,Channel Sandstone,Channel Sandstone,3566.9,1894.3,-3022.4,True
49.0,litholog2,litholog8,0,5,Channel Sandstone,Overbank Mudstone,3869.0,2581.6,-2881.7,False
49.0,litholog2,litholog9,0,0,Channel Sandstone,Channel Sandstone,4193.7,3920.3,-1489.2,True
49.0,litholog3,litholog4,0,2,Channel Sandstone,Rippled Heterolithics,1062.7,455.5,-960.1,False
49.0,litholog3,litholog5,0,5,Channel Sandstone,Overbank Mudstone,1354.9,867.8,-1040.5,False
49.0,litholog3,litholog6,0,0,Channel Sandstone,Channel Sandstone,2128.2,839.3,-1955.8,True
49.0,litholog3,litholog7,0,0,Channel Sandstone,Channel Sandstone,2945.2,1413.7,-2583.7,True
49.0,litholog3,litholog8,0,5,Channel Sandstone,Overbank Mudstone,3222.2,2100.9,-2443.1,False
49.0,litholog3,litholog9,0,0,Channel Sandstone,Channel Sandstone,3596.6,3439.7,-1050.6,True
49.0,litholog4,litholog5,2,5,Rippled Heterolithics,Overbank Mudstone,420.0,412.3,-80.4,False
49.0,litholog4,litholog6,2,0,Rippled Heterolithics,Channel Sandstone,1067.0,383.8,-995.6,False
49.0,litholog4,litholog7,2,0,Rippled Heterolithics,Channel Sandstone,1885.3,958.2,-1623.6,False
49.0,litholog4,litholog8,2,5,Rippled Heterolithics,Overbank Mudstone,2215.1,1645.4,-1483.0,False
49.0,litholog4,litholog9,2,0,Rippled Heterolithics,Channel Sandstone,2985.5,2984.2,-90.5,False
49.0,litholog5,litholog6,5,0,Overbank Mudstone,Channel Sandstone,915.7,-28.5,-915.2,False
49.0,litholog5,litholog7,5,0,Overbank Mudstone,Channel Sandstone,1636.9,545.9,-1543.2,False
49.0,litholog5,litholog8,5,5,Overbank Mudstone,Overbank Mudstone,1867.6,1233.2,-1402.6,True
49.0,litholog5,litholog9,5,0,Overbank Mudstone,Channel Sandstone,2571.9,2571.9,-10.1,False
49.0,litholog6,litholog7,0,0,Channel Sandstone,Channel Sandstone,851.0,574.4,-628.0,True
49.0,litholog6,litholog8,0,5,Channel Sandstone,Overbank Mudstone,1352.5,1261.6,-487.4,False
49.0,litholog6,litholog9,0,0,Channel Sandstone,Channel Sandstone,2753.4,2600.4,905.2,True
49.0,litholog7,litholog8,0,5,Channel Sandstone,Overbank Mudstone,701.5,687.3,140.6,False
49.0,litholog7,litholog9,0,0,Channel Sandstone,Channel Sandstone,2540.7,2026.0,1533.2,True
49.0,litholog8,litholog9,5,0,Overbank Mudstone,Channel Sandstone,1931.7,1338.8,1392.5,False
50.0,litholog10,litholog11,5,0,Overbank Mudstone,Channel Sandstone,1599.7,1173.5,1087.2,False
50.0,litholog10,litholog12,5,0,Overbank Mudstone,Channel Sandstone,3387.6,-650.5,3324.6,False
50.0,litholog10,litholog2,5,0,Overbank Mudstone,Channel Sandstone,4474.4,-3588.3,2672.9,False
50.0,litholog10,litholog3,5,0,Overbank Mudstone,Channel Sandstone,3827.4,-3107.6,2234.3,False
50.0,litholog10,litholog4,5,0,Overbank Mudstone,Channel Sandstone,2942.3,-2652.1,1274.1,False
50.0,litholog10,litholog5,5,5,Overbank Mudstone,Overbank Mudstone,2538.1,-2239.8,1193.8,True
50.0,litholog10,litholog6,5,0,Overbank Mudstone,Channel Sandstone,2285.4,-2268.3,278.5,False
50.0,litholog10,litholog7,5,0,Overbank Mudstone,Channel Sandstone,1729.6,-1693.9,-349.5,False
50.0,litholog10,litholog8,5,5,Overbank Mudstone,Overbank Mudstone,1028.1,-1006.7,-208.9,True
50.0,litholog10,litholog9,5,0,Overbank Mudstone,Channel Sandstone,1229.4,332.1,1183.7,False
50.0,litholog11,litholog12,0,0,Channel Sandstone,Channel Sandstone,2886.7,-1824.0,2237.4,True
50.0,litholog11,litholog2,0,0,Channel Sandstone,Channel Sandstone,5018.8,-4761.8,1585.7,True
50.0,litholog11,litholog3,0,0,Channel Sandstone,Channel Sandstone,4432.1,-4281.1,1147.1,True
50.0,litholog11,litholog4,0,0,Channel Sandstone,Channel Sandstone,3830.2,-3825.6,186.9,True
50.0,litholog11,litholog5,0,5,Channel Sandstone,Overbank Mudstone,3415.0,-3413.3,106.6,False
50.0,litholog11,litholog6,0,0,Channel Sandstone,Channel Sandstone,3535.5,-3441.8,-808.7,True
50.0,litholog11,litholog7,0,0,Channel Sandstone,Channel Sandstone,3207.2,-2867.4,-1436.7,True
50.0,litholog11,litholog8,0,5,Channel Sandstone,Overbank Mudstone,2536.3,-2180.2,-1296.1,False
50.0,litholog11,litholog9,0,0,Channel Sandstone,Channel Sandstone,846.9,-841.4,96.5,True
50.0,litholog12,litholog2,0,0,Channel Sandstone,Channel Sandstone,3009.2,-2937.8,-651.7,True
50.0,litholog12,litholog3,0,0,Channel Sandstone,Channel Sandstone,2688.2,-2457.1,-1090.3,True
50.0,litholog12,litholog4,0,0,Channel Sandstone,Channel Sandstone,2865.4,-2001.6,-2050.4,True
50.0,litholog12,litholog5,0,5,Channel Sandstone,Overbank Mudstone,2658.3,-1589.4,-2130.8,False
50.0,litholog12,litholog6,0,0,Channel Sandstone,Channel Sandstone,3449.0,-1617.8,-3046.1,True
50.0,litholog12,litholog7,0,0,Channel Sandstone,Channel Sandstone,3819.3,-1043.5,-3674.0,True
50.0,litholog12,litholog8,0,5,Channel Sandstone,Overbank Mudstone,3551.3,-356.2,-3533.4,False
50.0,litholog12,litholog9,0,0,Channel Sandstone,Channel Sandstone,2355.6,982.6,-2140.9,True
50.0,litholog2,litholog3,0,0,Channel Sandstone,Channel Sandstone,650.7,480.6,-438.6,True
50.0,litholog2,litholog4,0,0,Channel Sandstone,Channel Sandstone,1683.1,936.2,-1398.7,True
50.0,litholog2,litholog5,0,5,Channel Sandstone,Overbank Mudstone,2001.5,1348.4,-1479.1,False
50.0,litholog2,litholog6,0,0,Channel Sandstone,Channel Sandstone,2734.1,1319.9,-2394.4,True
50.0,litholog2,litholog7,0,0,Channel Sandstone,Channel Sandstone,3566.9,1894.3,-3022.4,True
50.0,litholog2,litholog8,0,5,Channel Sandstone,Overbank Mudstone,3869.0,2581.6,-2881.7,False
50.0,litholog2,litholog9,0,0,Channel Sandstone,Channel Sandstone,4193.7,3920.3,-1489.2,True
50.0,litholog3,litholog4,0,0,Channel Sandstone,Channel Sandstone,1062.7,455.5,-960.1,True
50.0,litholog3,litholog5,0,5,Channel Sandstone,Overbank Mudstone,1354.9,867.8,-1040.5,False
50.0,litholog3,litholog6,0,0,Channel Sandstone,Channel Sandstone,2128.2,839.3,-1955.8,True
50.0,litholog3,litholog7,0,0,Channel Sandstone,Channel Sandstone,2945.2,1413.7,-2583.7,True
50.0,litholog3,litholog8,0,5,Channel Sandstone,Overbank Mudstone,3222.2,2100.9,-2443.1,False
50.0,litholog3,litholog9,0,0,Channel Sandstone,Channel Sandstone,3596.6,3439.7,-1050.6,True
50.0,litholog4,litholog5,0,5,Channel Sandstone,Overbank Mudstone,420.0,412.3,-80.4,False
50.0,litholog4,litholog6,0,0,Channel Sandstone,Channel Sandstone,1067.0,383.8,-995.6,True
50.0,litholog4,litholog7,0,0,Channel Sandstone,Channel Sandstone,1885.3,958.2,-1623.6,True
50.0,litholog4,litholog8,0,5,Channel Sandstone,Overbank Mudstone,2215.1,1645.4,-1483.0,False
50.0,litholog4,litholog9,0,0,Channel Sandstone,Channel Sandstone,2985.5,2984.2,-90.5,True
50.0,litholog5,litholog6,5,0,Overbank Mudstone,Channel Sandstone,915.7,-28.5,-915.2,False
50.0,litholog5,litholog7,5,0,Overbank Mudstone,Channel Sandstone,1636.9,545.9,-1543.2,False
50.0,litholog5,litholog8,5,5,Overbank Mudstone,Overbank Mudstone,1867.6,1233.2,-1402.6,True
50.0,litholog5,litholog9,5,0,Overbank Mudstone,Channel Sandstone,2571.9,2571.9,-10.1,False
50.0,litholog6,litholog7,0,0,Channel Sandstone,Channel Sandstone,851.0,574.4,-628.0,True
50.0,litholog6,litholog8,0,5,Channel Sandstone,Overbank Mudstone,1352.5,1261.6,-487.4,False
50.0,litholog6,litholog9,0,0,Channel Sandstone,Channel Sandstone,2753.4,2600.4,905.2,True
50.0,litholog7,litholog8,0,5,Channel Sandstone,Overbank Mudstone,701.5,687.3,140.6,False
50.0,litholog7,litholog9,0,0,Channel Sandstone,Channel Sandstone,2540.7,2026.0,1533.2,True
50.0,litholog8,litholog9,5,0,Overbank Mudstone,Channel Sandstone,1931.7,1338.8,1392.5,False
51.0,litholog10,litholog11,0,0,Channel Sandstone,Channel Sandstone,1599.7,1173.5,1087.2,True
51.0,litholog10,litholog12,0,0,Channel Sandstone,Channel Sandstone,3387.6,-650.5,3324.6,True
51.0,litholog10,litholog2,0,0,Channel Sandstone,Channel Sandstone,4474.4,-3588.3,2672.9,True
51.0,litholog10,litholog3,0,0,Channel Sandstone,Channel Sandstone,3827.4,-3107.6,2234.3,True
51.0,litholog10,litholog4,0,0,Channel Sandstone,Channel Sandstone,2942.3,-2652.1,1274.1,True
51.0,litholog10,litholog5,0,0,Channel Sandstone,Channel Sandstone,2538.1,-2239.8,1193.8,True
51.0,litholog10,litholog6,0,0,Channel Sandstone,Channel Sandstone,2285.4,-2268.3,278.5,True
51.0,litholog10,litholog7,0,0,Channel Sandstone,Channel Sandstone,1729.6,-1693.9,-349.5,True
51.0,litholog10,litholog8,0,1,Channel Sandstone,Planar Sandstone,1028.1,-1006.7,-208.9,False
51.0,litholog10,litholog9,0,0,Channel Sandstone,Channel Sandstone,1229.4,332.1,1183.7,True
51.0,litholog11,litholog12,0,0,Channel Sandstone,Channel Sandstone,2886.7,-1824.0,2237.4,True
51.0,litholog11,litholog2,0,0,Channel Sandstone,Channel Sandstone,5018.8,-4761.8,1585.7,True
51.0,litholog11,litholog3,0,0,Channel Sandstone,Channel Sandstone,4432.1,-4281.1,1147.1,True
51.0,litholog11,litholog4,0,0,Channel Sandstone,Channel Sandstone,3830.2,-3825.6,186.9,True
51.0,litholog11,litholog5,0,0,Channel Sandstone,Channel Sandstone,3415.0,-3413.3,106.6,True
51.0,litholog11,litholog6,0,0,Channel Sandstone,Channel Sandstone,3535.5,-3441.8,-808.7,True
51.0,litholog11,litholog7,0,0,Channel Sandstone,Channel Sandstone,3207.2,-2867.4,-1436.7,True
51.0,litholog11,litholog8,0,1,Channel Sandstone,Planar Sandstone,2536.3,-2180.2,-1296.1,False
51.0,litholog11,litholog9,0,0,Channel Sandstone,Channel Sandstone,846.9,-841.4,96.5,True
51.0,litholog12,litholog2,0,0,Channel Sandstone,Channel Sandstone,3009.2,-2937.8,-651.7,True
51.0,litholog12,litholog3,0,0,Channel Sandstone,Channel Sandstone,2688.2,-2457.1,-1090.3,True
51.0,litholog12,litholog4,0,0,Channel Sandstone,Channel Sandstone,2865.4,-2001.6,-2050.4,True
51.0,litholog12,litholog5,0,0,Channel Sandstone,Channel Sandstone,2658.3,-1589.4,-2130.8,True
51.0,litholog12,litholog6,0,0,Channel Sandstone,Channel Sandstone,3449.0,-1617.8,-3046.1,True
51.0,litholog12,litholog7,0,0,Channel Sandstone,Channel Sandstone,3819.3,-1043.5,-3674.0,True
51.0,litholog12,litholog8,0,1,Channel Sandstone,Planar Sandstone,3551.3,-356.2,-3533.4,False
51.0,litholog12,litholog9,0,0,Channel Sandstone,Channel Sandstone,2355.6,982.6,-2140.9,True
51.0,litholog2,litholog3,0,0,Channel Sandstone,Channel Sandstone,650.7,480.6,-438.6,True
51.0,litholog2,litholog4,0,0,Channel Sandstone,Channel Sandstone,1683.1,936.2,-1398.7,True
51.0,litholog2,litholog5,0,0,Channel Sandstone,Channel Sandstone,2001.5,1348.4,-1479.1,True
51.0,litholog2,litholog6,0,0,Channel Sandstone,Channel Sandstone,2734.1,1319.9,-2394.4,True
51.0,litholog2,litholog7,0,0,Channel Sandstone,Channel Sandstone,3566.9,1894.3,-3022.4,True
51.0,litholog2,litholog8,0,1,Channel Sandstone,Planar Sandstone,3869.0,2581.6,-2881.7,False
51.0,litholog2,litholog9,0,0,Channel Sandstone,Channel Sandstone,4193.7,3920.3,-1489.2,True
51.0,litholog3,litholog4,0,0,Channel Sandstone,Channel Sandstone,1062.7,455.5,-960.1,True
51.0,litholog3,litholog5,0,0,Channel Sandstone,Channel Sandstone,1354.9,867.8,-1040.5,True
51.0,litholog3,litholog6,0,0,Channel Sandstone,Channel Sandstone,2128.2,839.3,-1955.8,True
51.0,litholog3,litholog7,0,0,Channel Sandstone,Channel Sandstone,2945.2,1413.7,-2583.7,True
51.0,litholog3,litholog8,0,1,Channel Sandstone,Planar Sandstone,3222.2,2100.9,-2443.1,False
51.0,litholog3,litholog9,0,0,Channel Sandstone,Channel Sandstone,3596.6,3439.7,-1050.6,True
51.0,litholog4,litholog5,0,0,Channel Sandstone,Channel Sandstone,420.0,412.3,-80.4,True
51.0,litholog4,litholog6,0,0,Channel Sandstone,Channel Sandstone,1067.0,383.8,-995.6,True
51.0,litholog4,litholog7,0,0,Channel Sandstone,Channel Sandstone,1885.3,958.2,-1623.6,True
51.0,litholog4,litholog8,0,1,Channel Sandstone,Planar Sandstone,2215.1,1645.4,-1483.0,False
51.0,litholog4,litholog9,0,0,Channel Sandstone,Channel Sandstone,2985.5,2984.2,-90.5,True
51.0,litholog5,litholog6,0,0,Channel Sandstone,Channel Sandstone,915.7,-28.5,-915.2,True
51.0,litholog5,litholog7,0,0,Channel Sandstone,Channel Sandstone,1636.9,545.9,-1543.2,True
51.0,litholog5,litholog8,0,1,Channel Sandstone,Planar Sandstone,1867.6,1233.2,-1402.6,False
51.0,litholog5,litholog9,0,0,Channel Sandstone,Channel Sandstone,2571.9,2571.9,-10.1,True
51.0,litholog6,litholog7,0,0,Channel Sandstone,Channel Sandstone,851.0,574.4,-628.0,True
51.0,litholog6,litholog8,0,1,Channel Sandstone,Planar Sandstone,1352.5,1261.6,-487.4,False
51.0,litholog6,litholog9,0,0,Channel Sandstone,Channel Sandstone,2753.4,2600.4,905.2,True
51.0,litholog7,litholog8,0,1,Channel Sandstone,Planar Sandstone,701.5,687.3,140.6,False
51.0,litholog7,litholog9,0,0,Channel Sandstone,Channel Sandstone,2540.7,2026.0,1533.2,True
51.0,litholog8,litholog9,1,0,Planar Sandstone,Channel Sandstone,1931.7,1338.8,1392.5,False
52.0,litholog10,litholog11,0,0,Channel Sandstone,Channel Sandstone,1599.7,1173.5,1087.2,True
52.0,litholog10,litholog12,0,5,Channel Sandstone,Overbank Mudstone,3387.6,-650.5,3324.6,False
52.0,litholog10,litholog2,0,0,Channel Sandstone,Channel Sandstone,4474.4,-3588.3,2672.9,True
52.0,litholog10,litholog3,0,0,Channel Sandstone,Channel Sandstone,3827.4,-3107.6,2234.3,True
52.0,litholog10,litholog4,0,0,Channel Sandstone,Channel Sandstone,2942.3,-2652.1,1274.1,True
52.0,litholog10,litholog5,0,0,Channel Sandstone,Channel Sandstone,2538.1,-2239.8,1193.8,True
52.0,litholog10,litholog6,0,5,Channel Sandstone,Overbank Mudstone,2285.4,-2268.3,278.5,False
52.0,litholog10,litholog7,0,2,Channel Sandstone,Rippled Heterolithics,1729.6,-1693.9,-349.5,False
52.0,litholog10,litholog8,0,5,Channel Sandstone,Overbank Mudstone,1028.1,-1006.7,-208.9,False
52.0,litholog10,litholog9,0,0,Channel Sandstone,Channel Sandstone,1229.4,332.1,1183.7,True
52.0,litholog11,litholog12,0,5,Channel Sandstone,Overbank Mudstone,2886.7,-1824.0,2237.4,False
52.0,litholog11,litholog2,0,0,Channel Sandstone,Channel Sandstone,5018.8,-4761.8,1585.7,True
52.0,litholog11,litholog3,0,0,Channel Sandstone,Channel Sandstone,4432.1,-4281.1,1147.1,True
52.0,litholog11,litholog4,0,0,Channel Sandstone,Channel Sandstone,3830.2,-3825.6,186.9,True
52.0,litholog11,litholog5,0,0,Channel Sandstone,Channel Sandstone,3415.0,-3413.3,106.6,True
52.0,litholog11,litholog6,0,5,Channel Sandstone,Overbank Mudstone,3535.5,-3441.8,-808.7,False
52.0,litholog11,litholog7,0,2,Channel Sandstone,Rippled Heterolithics,3207.2,-2867.4,-1436.7,False
52.0,litholog11,litholog8,0,5,Channel Sandstone,Overbank Mudstone,2536.3,-2180.2,-1296.1,False
52.0,litholog11,litholog9,0,0,Channel Sandstone,Channel Sandstone,846.9,-841.4,96.5,True
52.0,litholog12,litholog2,5,0,Overbank Mudstone,Channel Sandstone,3009.2,-2937.8,-651.7,False
52.0,litholog12,litholog3,5,0,Overbank Mudstone,Channel Sandstone,2688.2,-2457.1,-1090.3,False
52.0,litholog12,litholog4,5,0,Overbank Mudstone,Channel Sandstone,2865.4,-2001.6,-2050.4,False
52.0,litholog12,litholog5,5,0,Overbank Mudstone,Channel Sandstone,2658.3,-1589.4,-2130.8,False
52.0,litholog12,litholog6,5,5,Overbank Mudstone,Overbank Mudstone,3449.0,-1617.8,-3046.1,True
52.0,litholog12,litholog7,5,2,Overbank Mudstone,Rippled Heterolithics,3819.3,-1043.5,-3674.0,False
52.0,litholog12,litholog8,5,5,Overbank Mudstone,Overbank Mudstone,3551.3,-356.2,-3533.4,True
52.0,litholog12,litholog9,5,0,Overbank Mudstone,Channel Sandstone,2355.6,982.6,-2140.9,False
52.0,litholog2,litholog3,0,0,Channel Sandstone,Channel Sandstone,650.7,480.6,-438.6,True
52.0,litholog2,litholog4,0,0,Channel Sandstone,Channel Sandstone,1683.1,936.2,-1398.7,True
52.0,litholog2,litholog5,0,0,Channel Sandstone,Channel Sandstone,2001.5,1348.4,-1479.1,True
52.0,litholog2,litholog6,0,5,Channel Sandstone,Overbank Mudstone,2734.1,1319.9,-2394.4,False
52.0,litholog2,litholog7,0,2,Channel Sandstone,Rippled Heterolithics,3566.9,1894.3,-3022.4,False
52.0,litholog2,litholog8,0,5,Channel Sandstone,Overbank Mudstone,3869.0,2581.6,-2881.7,False
52.0,litholog2,litholog9,0,0,Channel Sandstone,Channel Sandstone,4193.7,3920.3,-1489.2,True
52.0,litholog3,litholog4,0,0,Channel Sandstone,Channel Sandstone,1062.7,455.5,-960.1,True
52.0,litholog3,litholog5,0,0,Channel Sandstone,Channel Sandstone,1354.9,867.8,-1040.5,True
52.0,litholog3,litholog6,0,5,Channel Sandstone,Overbank Mudstone,2128.2,839.3,-1955.8,False
52.0,litholog3,litholog7,0,2,Channel Sandstone,Rippled Heterolithics,2945.2,1413.7,-2583.7,False
52.0,litholog3,litholog8,0,5,Channel Sandstone,Overbank Mudstone,3222.2,2100.9,-2443.1,False
52.0,litholog3,litholog9,0,0,Channel Sandstone,Channel Sandstone,3596.6,3439.7,-1050.6,True
52.0,litholog4,litholog5,0,0,Channel Sandstone,Channel Sandstone,420.0,412.3,-80.4,True
52.0,litholog4,litholog6,0,5,Channel Sandstone,Overbank Mudstone,1067.0,383.8,-995.6,False
52.0,litholog4,litholog7,0,2,Channel Sandstone,Rippled Heterolithics,1885.3,958.2,-1623.6,False
52.0,litholog4,litholog8,0,5,Channel Sandstone,Overbank Mudstone,2215.1,1645.4,-1483.0,False
52.0,litholog4,litholog9,0,0,Channel Sandstone,Channel Sandstone,2985.5,2984.2,-90.5,True
52.0,litholog5,litholog6,0,5,Channel Sandstone,Overbank Mudstone,915.7,-28.5,-915.2,False
52.0,litholog5,litholog7,0,2,Channel Sandstone,Rippled Heterolithics,1636.9,545.9,-1543.2,False
52.0,litholog5,litholog8,0,5,Channel Sandstone,Overbank Mudstone,1867.6,1233.2,-1402.6,False
52.0,litholog5,litholog9,0,0,Channel Sandstone,Channel Sandstone,2571.9,2571.9,-10.1,True
52.0,litholog6,litholog7,5,2,Overbank Mudstone,Rippled Heterolithics,851.0,574.4,-628.0,False
52.0,litholog6,litholog8,5,5,Overbank Mudstone,Overbank Mudstone,1352.5,1261.6,-487.4,True
52.0,litholog6,litholog9,5,0,Overbank Mudstone,Channel Sandstone,2753.4,2600.4,905.2,False
52.0,litholog7,litholog8,2,5,Rippled Heterolithics,Overbank Mudstone,701.5,687.3,140.6,False
52.0,litholog7,litholog9,2,0,Rippled Heterolithics,Channel Sandstone,2540.7,2026.0,1533.2,False
52.0,litholog8,litholog9,5,0,Overbank Mudstone,Channel Sandstone,1931.7,1338.8,1392.5,False
53.0,litholog10,litholog11,0,0,Channel Sandstone,Channel Sandstone,1599.7,1173.5,1087.2,True
53.0,litholog10,litholog12,0,2,Channel Sandstone,Rippled Heterolithics,3387.6,-650.5,3324.6,False
53.0,litholog10,litholog2,0,0,Channel Sandstone,Channel Sandstone,4474.4,-3588.3,2672.9,True
53.0,litholog10,litholog3,0,0,Channel Sandstone,Channel Sandstone,3827.4,-3107.6,2234.3,True
53.0,litholog10,litholog4,0,0,Channel Sandstone,Channel Sandstone,2942.3,-2652.1,1274.1,True
53.0,litholog10,litholog5,0,0,Channel Sandstone,Channel Sandstone,2538.1,-2239.8,1193.8,True
53.0,litholog10,litholog6,0,5,Channel Sandstone,Overbank Mudstone,2285.4,-2268.3,278.5,False
53.0,litholog10,litholog7,0,2,Channel Sandstone,Rippled Heterolithics,1729.6,-1693.9,-349.5,False
53.0,litholog10,litholog8,0,5,Channel Sandstone,Overbank Mudstone,1028.1,-1006.7,-208.9,False
53.0,litholog10,litholog9,0,0,Channel Sandstone,Channel Sandstone,1229.4,332.1,1183.7,True
53.0,litholog11,litholog12,0,2,Channel Sandstone,Rippled Heterolithics,2886.7,-1824.0,2237.4,False
53.0,litholog11,litholog2,0,0,Channel Sandstone,Channel Sandstone,5018.8,-4761.8,1585.7,True
53.0,litholog11,litholog3,0,0,Channel Sandstone,Channel Sandstone,4432.1,-4281.1,1147.1,True
53.0,litholog11,litholog4,0,0,Channel Sandstone,Channel Sandstone,3830.2,-3825.6,186.9,True
53.0,litholog11,litholog5,0,0,Channel Sandstone,Channel Sandstone,3415.0,-3413.3,106.6,True
53.0,litholog11,litholog6,0,5,Channel Sandstone,Overbank Mudstone,3535.5,-3441.8,-808.7,False
53.0,litholog11,litholog7,0,2,Channel Sandstone,Rippled Heterolithics,3207.2,-2867.4,-1436.7,False
53.0,litholog11,litholog8,0,5,Channel Sandstone,Overbank Mudstone,2536.3,-2180.2,-1296.1,False
53.0,litholog11,litholog9,0,0,Channel Sandstone,Channel Sandstone,846.9,-841.4,96.5,True
53.0,litholog12,litholog2,2,0,Rippled Heterolithics,Channel Sandstone,3009.2,-2937.8,-651.7,False
53.0,litholog12,litholog3,2,0,Rippled Heterolithics,Channel Sandstone,2688.2,-2457.1,-1090.3,False
53.0,litholog12,litholog4,2,0,Rippled Heterolithics,Channel Sandstone,2865.4,-2001.6,-2050.4,False
53.0,litholog12,litholog5,2,0,Rippled Heterolithics,Channel Sandstone,2658.3,-1589.4,-2130.8,False
53.0,litholog12,litholog6,2,5,Rippled Heterolithics,Overbank Mudstone,3449.0,-1617.8,-3046.1,False
53.0,litholog12,litholog7,2,2,Rippled Heterolithics,Rippled Heterolithics,3819.3,-1043.5,-3674.0,True
53.0,litholog12,litholog8,2,5,Rippled Heterolithics,Overbank Mudstone,3551.3,-356.2,-3533.4,False
53.0,litholog12,litholog9,2,0,Rippled Heterolithics,Channel Sandstone,2355.6,982.6,-2140.9,False
53.0,litholog2,litholog3,0,0,Channel Sandstone,Channel Sandstone,650.7,480.6,-438.6,True
53.0,litholog2,litholog4,0,0,Channel Sandstone,Channel Sandstone,1683.1,936.2,-1398.7,True
53.0,litholog2,litholog5,0,0,Channel Sandstone,Channel Sandstone,2001.5,1348.4,-1479.1,True
53.0,litholog2,litholog6,0,5,Channel Sandstone,Overbank Mudstone,2734.1,1319.9,-2394.4,False
53.0,litholog2,litholog7,0,2,Channel Sandstone,Rippled Heterolithics,3566.9,1894.3,-3022.4,False
53.0,litholog2,litholog8,0,5,Channel Sandstone,Overbank Mudstone,3869.0,2581.6,-2881.7,False
53.0,litholog2,litholog9,0,0,Channel Sandstone,Channel Sandstone,4193.7,3920.3,-1489.2,True
53.0,litholog3,litholog4,0,0,Channel Sandstone,Channel Sandstone,1062.7,455.5,-960.1,True
53.0,litholog3,litholog5,0,0,Channel Sandstone,Channel Sandstone,1354.9,867.8,-1040.5,True
53.0,litholog3,litholog6,0,5,Channel Sandstone,Overbank Mudstone,2128.2,839.3,-1955.8,False
53.0,litholog3,litholog7,0,2,Channel Sandstone,Rippled Heterolithics,2945.2,1413.7,-2583.7,False
53.0,litholog3,litholog8,0,5,Channel Sandstone,Overbank Mudstone,3222.2,2100.9,-2443.1,False
53.0,litholog3,litholog9,0,0,Channel Sandstone,Channel Sandstone,3596.6,3439.7,-1050.6,True
53.0,litholog4,litholog5,0,0,Channel Sandstone,Channel Sandstone,420.0,412.3,-80.4,True
53.0,litholog4,litholog6,0,5,Channel Sandstone,Overbank Mudstone,1067.0,383.8,-995.6,False
53.0,litholog4,litholog7,0,2,Channel Sandstone,Rippled Heterolithics,1885.3,958.2,-1623.6,False
53.0,litholog4,litholog8,0,5,Channel Sandstone,Overbank Mudstone,2215.1,1645.4,-1483.0,False
53.0,litholog4,litholog9,0,0,Channel Sandstone,Channel Sandstone,2985.5,2984.2,-90.5,True
53.0,litholog5,litholog6,0,5,Channel Sandstone,Overbank Mudstone,915.7,-28.5,-915.2,False
53.0,litholog5,litholog7,0,2,Channel Sandstone,Rippled Heterolithics,1636.9,545.9,-1543.2,False
53.0,litholog5,litholog8,0,5,Channel Sandstone,Overbank Mudstone,1867.6,1233.2,-1402.6,False
53.0,litholog5,litholog9,0,0,Channel Sandstone,Channel Sandstone,2571.9,2571.9,-10.1,True
53.0,litholog6,litholog7,5,2,Overbank Mudstone,Rippled Heterolithics,851.0,574.4,-628.0,False
53.0,litholog6,litholog8,5,5,Overbank Mudstone,Overbank Mudstone,1352.5,1261.6,-487.4,True
53.0,litholog6,litholog9,5,0,Overbank Mudstone,Channel Sandstone,2753.4,2600.4,905.2,False
53.0,litholog7,litholog8,2,5,Rippled Heterolithics,Overbank Mudstone,701.5,687.3,140.6,False
53.0,litholog7,litholog9,2,0,Rippled Heterolithics,Channel Sandstone,2540.7,2026.0,1533.2,False
53.0,litholog8,litholog9,5,0,Overbank Mudstone,Channel Sandstone,1931.7,1338.8,1392.5,False
54.0,litholog10,litholog11,0,0,Channel Sandstone,Channel Sandstone,1599.7,1173.5,1087.2,True
54.0,litholog10,litholog12,0,2,Channel Sandstone,Rippled Heterolithics,3387.6,-650.5,3324.6,False
54.0,litholog10,litholog2,0,4,Channel Sandstone,Coal,4474.4,-3588.3,2672.9,False
54.0,litholog10,litholog3,0,0,Channel Sandstone,Channel Sandstone,3827.4,-3107.6,2234.3,True
54.0,litholog10,litholog4,0,0,Channel Sandstone,Channel Sandstone,2942.3,-2652.1,1274.1,True
54.0,litholog10,litholog5,0,4,Channel Sandstone,Coal,2538.1,-2239.8,1193.8,False
54.0,litholog10,litholog6,0,5,Channel Sandstone,Overbank Mudstone,2285.4,-2268.3,278.5,False
54.0,litholog10,litholog7,0,5,Channel Sandstone,Overbank Mudstone,1729.6,-1693.9,-349.5,False
54.0,litholog10,litholog8,0,0,Channel Sandstone,Channel Sandstone,1028.1,-1006.7,-208.9,True
54.0,litholog10,litholog9,0,0,Channel Sandstone,Channel Sandstone,1229.4,332.1,1183.7,True
54.0,litholog11,litholog12,0,2,Channel Sandstone,Rippled Heterolithics,2886.7,-1824.0,2237.4,False
54.0,litholog11,litholog2,0,4,Channel Sandstone,Coal,5018.8,-4761.8,1585.7,False
54.0,litholog11,litholog3,0,0,Channel Sandstone,Channel Sandstone,4432.1,-4281.1,1147.1,True
54.0,litholog11,litholog4,0,0,Channel Sandstone,Channel Sandstone,3830.2,-3825.6,186.9,True
54.0,litholog11,litholog5,0,4,Channel Sandstone,Coal,3415.0,-3413.3,106.6,False
54.0,litholog11,litholog6,0,5,Channel Sandstone,Overbank Mudstone,3535.5,-3441.8,-808.7,False
54.0,litholog11,litholog7,0,5,Channel Sandstone,Overbank Mudstone,3207.2,-2867.4,-1436.7,False
54.0,litholog11,litholog8,0,0,Channel Sandstone,Channel Sandstone,2536.3,-2180.2,-1296.1,True
54.0,litholog11,litholog9,0,0,Channel Sandstone,Channel Sandstone,846.9,-841.4,96.5,True
54.0,litholog12,litholog2,2,4,Rippled Heterolithics,Coal,3009.2,-2937.8,-651.7,False
54.0,litholog12,litholog3,2,0,Rippled Heterolithics,Channel Sandstone,2688.2,-2457.1,-1090.3,False
54.0,litholog12,litholog4,2,0,Rippled Heterolithics,Channel Sandstone,2865.4,-2001.6,-2050.4,False
54.0,litholog12,litholog5,2,4,Rippled Heterolithics,Coal,2658.3,-1589.4,-2130.8,False
54.0,litholog12,litholog6,2,5,Rippled Heterolithics,Overbank Mudstone,3449.0,-1617.8,-3046.1,False
54.0,litholog12,litholog7,2,5,Rippled Heterolithics,Overbank Mudstone,3819.3,-1043.5,-3674.0,False
54.0,litholog12,litholog8,2,0,Rippled Heterolithics,Channel Sandstone,3551.3,-356.2,-3533.4,False
54.0,litholog12,litholog9,2,0,Rippled Heterolithics,Channel Sandstone,2355.6,982.6,-2140.9,False
54.0,litholog2,litholog3,4,0,Coal,Channel Sandstone,650.7,480.6,-438.6,False
54.0,litholog2,litholog4,4,0,Coal,Channel Sandstone,1683.1,936.2,-1398.7,False
54.0,litholog2,litholog5,4,4,Coal,Coal,2001.5,1348.4,-1479.1,True
54.0,litholog2,litholog6,4,5,Coal,Overbank Mudstone,2734.1,1319.9,-2394.4,False
54.0,litholog2,litholog7,4,5,Coal,Overbank Mudstone,3566.9,1894.3,-3022.4,False
54.0,litholog2,litholog8,4,0,Coal,Channel Sandstone,3869.0,2581.6,-2881.7,False
54.0,litholog2,litholog9,4,0,Coal,Channel Sandstone,4193.7,3920.3,-1489.2,False
54.0,litholog3,litholog4,0,0,Channel Sandstone,Channel Sandstone,1062.7,455.5,-960.1,True
54.0,litholog3,litholog5,0,4,Channel Sandstone,Coal,1354.9,867.8,-1040.5,False
54.0,litholog3,litholog6,0,5,Channel Sandstone,Overbank Mudstone,2128.2,839.3,-1955.8,False
54.0,litholog3,litholog7,0,5,Channel Sandstone,Overbank Mudstone,2945.2,1413.7,-2583.7,False
54.0,litholog3,litholog8,0,0,Channel Sandstone,Channel Sandstone,3222.2,2100.9,-2443.1,True
54.0,litholog3,litholog9,0,0,Channel Sandstone,Channel Sandstone,3596.6,3439.7,-1050.6,True
54.0,litholog4,litholog5,0,4,Channel Sandstone,Coal,420.0,412.3,-80.4,False
54.0,litholog4,litholog6,0,5,Channel Sandstone,Overbank Mudstone,1067.0,383.8,-995.6,False
54.0,litholog4,litholog7,0,5,Channel Sandstone,Overbank Mudstone,1885.3,958.2,-1623.6,False
54.0,litholog4,litholog8,0,0,Channel Sandstone,Channel Sandstone,2215.1,1645.4,-1483.0,True
54.0,litholog4,litholog9,0,0,Channel Sandstone,Channel Sandstone,2985.5,2984.2,-90.5,True
54.0,litholog5,litholog6,4,5,Coal,Overbank Mudstone,915.7,-28.5,-915.2,False
54.0,litholog5,litholog7,4,5,Coal,Overbank Mudstone,1636.9,545.9,-1543.2,False
54.0,litholog5,litholog8,4,0,Coal,Channel Sandstone,1867.6,1233.2,-1402.6,False
54.0,litholog5,litholog9,4,0,Coal,Channel Sandstone,2571.9,2571.9,-10.1,False
54.0,litholog6,litholog7,5,5,Overbank Mudstone,Overbank Mudstone,851.0,574.4,-628.0,True
54.0,litholog6,litholog8,5,0,Overbank Mudstone,Channel Sandstone,1352.5,1261.6,-487.4,False
54.0,litholog6,litholog9,5,0,Overbank Mudstone,Channel Sandstone,2753.4,2600.4,905.2,False
54.0,litholog7,litholog8,5,0,Overbank Mudstone,Channel Sandstone,701.5,687.3,140.6,False
54.0,litholog7,litholog9,5,0,Overbank Mudstone,Channel Sandstone,2540.7,2026.0,1533.2,False
54.0,litholog8,litholog9,0,0,Channel Sandstone,Channel Sandstone,1931.7,1338.8,1392.5,True
55.0,litholog10,litholog11,0,0,Channel Sandstone,Channel Sandstone,1599.7,1173.5,1087.2,True
55.0,litholog10,litholog12,0,3,Channel Sandstone,Carbonaceous Mudstone,3387.6,-650.5,3324.6,False
55.0,litholog10,litholog2,0,2,Channel Sandstone,Rippled Heterolithics,4474.4,-3588.3,2672.9,False
55.0,litholog10,litholog3,0,4,Channel Sandstone,Coal,3827.4,-3107.6,2234.3,False
55.0,litholog10,litholog4,0,0,Channel Sandstone,Channel Sandstone,2942.3,-2652.1,1274.1,True
55.0,litholog10,litholog5,0,5,Channel Sandstone,Overbank Mudstone,2538.1,-2239.8,1193.8,False
55.0,litholog10,litholog6,0,5,Channel Sandstone,Overbank Mudstone,2285.4,-2268.3,278.5,False
55.0,litholog10,litholog7,0,5,Channel Sandstone,Overbank Mudstone,1729.6,-1693.9,-349.5,False
55.0,litholog10,litholog8,0,0,Channel Sandstone,Channel Sandstone,1028.1,-1006.7,-208.9,True
55.0,litholog10,litholog9,0,0,Channel Sandstone,Channel Sandstone,1229.4,332.1,1183.7,True
55.0,litholog11,litholog12,0,3,Channel Sandstone,Carbonaceous Mudstone,2886.7,-1824.0,2237.4,False
55.0,litholog11,litholog2,0,2,Channel Sandstone,Rippled Heterolithics,5018.8,-4761.8,1585.7,False
55.0,litholog11,litholog3,0,4,Channel Sandstone,Coal,4432.1,-4281.1,1147.1,False
55.0,litholog11,litholog4,0,0,Channel Sandstone,Channel Sandstone,3830.2,-3825.6,186.9,True
55.0,litholog11,litholog5,0,5,Channel Sandstone,Overbank Mudstone,3415.0,-3413.3,106.6,False
55.0,litholog11,litholog6,0,5,Channel Sandstone,Overbank Mudstone,3535.5,-3441.8,-808.7,False
55.0,litholog11,litholog7,0,5,Channel Sandstone,Overbank Mudstone,3207.2,-2867.4,-1436.7,False
55.0,litholog11,litholog8,0,0,Channel Sandstone,Channel Sandstone,2536.3,-2180.2,-1296.1,True
55.0,litholog11,litholog9,0,0,Channel Sandstone,Channel Sandstone,846.9,-841.4,96.5,True
55.0,litholog12,litholog2,3,2,Carbonaceous Mudstone,Rippled Heterolithics,3009.2,-2937.8,-651.7,False
55.0,litholog12,litholog3,3,4,Carbonaceous Mudstone,Coal,2688.2,-2457.1,-1090.3,False
55.0,litholog12,litholog4,3,0,Carbonaceous Mudstone,Channel Sandstone,2865.4,-2001.6,-2050.4,False
55.0,litholog12,litholog5,3,5,Carbonaceous Mudstone,Overbank Mudstone,2658.3,-1589.4,-2130.8,False
55.0,litholog12,litholog6,3,5,Carbonaceous Mudstone,Overbank Mudstone,3449.0,-1617.8,-3046.1,False
55.0,litholog12,litholog7,3,5,Carbonaceous Mudstone,Overbank Mudstone,3819.3,-1043.5,-3674.0,False
55.0,litholog12,litholog8,3,0,Carbonaceous Mudstone,Channel Sandstone,3551.3,-356.2,-3533.4,False
55.0,litholog12,litholog9,3,0,Carbonaceous Mudstone,Channel Sandstone,2355.6,982.6,-2140.9,False
55.0,litholog2,litholog3,2,4,Rippled Heterolithics,Coal,650.7,480.6,-438.6,False
55.0,litholog2,litholog4,2,0,Rippled Heterolithics,Channel Sandstone,1683.1,936.2,-1398.7,False
55.0,litholog2,litholog5,2,5,Rippled Heterolithics,Overbank Mudstone,2001.5,1348.4,-1479.1,False
55.0,litholog2,litholog6,2,5,Rippled Heterolithics,Overbank Mudstone,2734.1,1319.9,-2394.4,False
55.0,litholog2,litholog7,2,5,Rippled Heterolithics,Overbank Mudstone,3566.9,1894.3,-3022.4,False
55.0,litholog2,litholog8,2,0,Rippled Heterolithics,Channel Sandstone,3869.0,2581.6,-2881.7,False
55.0,litholog2,litholog9,2,0,Rippled Heterolithics,Channel Sandstone,4193.7,3920.3,-1489.2,False
55.0,litholog3,litholog4,4,0,Coal,Channel Sandstone,1062.7,455.5,-960.1,False
55.0,litholog3,litholog5,4,5,Coal,Overbank Mudstone,1354.9,867.8,-1040.5,False
55.0,litholog3,litholog6,4,5,Coal,Overbank Mudstone,2128.2,839.3,-1955.8,False
55.0,litholog3,litholog7,4,5,Coal,Overbank Mudstone,2945.2,1413.7,-2583.7,False
55.0,litholog3,litholog8,4,0,Coal,Channel Sandstone,3222.2,2100.9,-2443.1,False
55.0,litholog3,litholog9,4,0,Coal,Channel Sandstone,3596.6,3439.7,-1050.6,False
55.0,litholog4,litholog5,0,5,Channel Sandstone,Overbank Mudstone,420.0,412.3,-80.4,False
55.0,litholog4,litholog6,0,5,Channel Sandstone,Overbank Mudstone,1067.0,383.8,-995.6,False
55.0,litholog4,litholog7,0,5,Channel Sandstone,Overbank Mudstone,1885.3,958.2,-1623.6,False
55.0,litholog4,litholog8,0,0,Channel Sandstone,Channel Sandstone,2215.1,1645.4,-1483.0,True
55.0,litholog4,litholog9,0,0,Channel Sandstone,Channel Sandstone,2985.5,2984.2,-90.5,True
55.0,litholog5,litholog6,5,5,Overbank Mudstone,Overbank Mudstone,915.7,-28.5,-915.2,True
55.0,litholog5,litholog7,5,5,Overbank Mudstone,Overbank Mudstone,1636.9,545.9,-1543.2,True
55.0,litholog5,litholog8,5,0,Overbank Mudstone,Channel Sandstone,1867.6,1233.2,-1402.6,False
55.0,litholog5,litholog9,5,0,Overbank Mudstone,Channel Sandstone,2571.9,2571.9,-10.1,False
55.0,litholog6,litholog7,5,5,Overbank Mudstone,Overbank Mudstone,851.0,574.4,-628.0,True
55.0,litholog6,litholog8,5,0,Overbank Mudstone,Channel Sandstone,1352.5,1261.6,-487.4,False
55.0,litholog6,litholog9,5,0,Overbank Mudstone,Channel Sandstone,2753.4,2600.4,905.2,False
55.0,litholog7,litholog8,5,0,Overbank Mudstone,Channel Sandstone,701.5,687.3,140.6,False
55.0,litholog7,litholog9,5,0,Overbank Mudstone,Channel Sandstone,2540.7,2026.0,1533.2,False
55.0,litholog8,litholog9,0,0,Channel Sandstone,Channel Sandstone,1931.7,1338.8,1392.5,True
56.0,litholog10,litholog11,0,0,Channel Sandstone,Channel Sandstone,1599.7,1173.5,1087.2,True
56.0,litholog10,litholog12,0,5,Channel Sandstone,Overbank Mudstone,3387.6,-650.5,3324.6,False
56.0,litholog10,litholog2,0,5,Channel Sandstone,Overbank Mudstone,4474.4,-3588.3,2672.9,False
56.0,litholog10,litholog3,0,2,Channel Sandstone,Rippled Heterolithics,3827.4,-3107.6,2234.3,False
56.0,litholog10,litholog4,0,0,Channel Sandstone,Channel Sandstone,2942.3,-2652.1,1274.1,True
56.0,litholog10,litholog5,0,5,Channel Sandstone,Overbank Mudstone,2538.1,-2239.8,1193.8,False
56.0,litholog10,litholog6,0,1,Channel Sandstone,Planar Sandstone,2285.4,-2268.3,278.5,False
56.0,litholog10,litholog7,0,5,Channel Sandstone,Overbank Mudstone,1729.6,-1693.9,-349.5,False
56.0,litholog10,litholog8,0,0,Channel Sandstone,Channel Sandstone,1028.1,-1006.7,-208.9,True
56.0,litholog10,litholog9,0,0,Channel Sandstone,Channel Sandstone,1229.4,332.1,1183.7,True
56.0,litholog11,litholog12,0,5,Channel Sandstone,Overbank Mudstone,2886.7,-1824.0,2237.4,False
56.0,litholog11,litholog2,0,5,Channel Sandstone,Overbank Mudstone,5018.8,-4761.8,1585.7,False
56.0,litholog11,litholog3,0,2,Channel Sandstone,Rippled Heterolithics,4432.1,-4281.1,1147.1,False
56.0,litholog11,litholog4,0,0,Channel Sandstone,Channel Sandstone,3830.2,-3825.6,186.9,True
56.0,litholog11,litholog5,0,5,Channel Sandstone,Overbank Mudstone,3415.0,-3413.3,106.6,False
56.0,litholog11,litholog6,0,1,Channel Sandstone,Planar Sandstone,3535.5,-3441.8,-808.7,False
56.0,litholog11,litholog7,0,5,Channel Sandstone,Overbank Mudstone,3207.2,-2867.4,-1436.7,False
56.0,litholog11,litholog8,0,0,Channel Sandstone,Channel Sandstone,2536.3,-2180.2,-1296.1,True
56.0,litholog11,litholog9,0,0,Channel Sandstone,Channel Sandstone,846.9,-841.4,96.5,True
56.0,litholog12,litholog2,5,5,Overbank Mudstone,Overbank Mudstone,3009.2,-2937.8,-651.7,True
56.0,litholog12,litholog3,5,2,Overbank Mudstone,Rippled Heterolithics,2688.2,-2457.1,-1090.3,False
56.0,litholog12,litholog4,5,0,Overbank Mudstone,Channel Sandstone,2865.4,-2001.6,-2050.4,False
56.0,litholog12,litholog5,5,5,Overbank Mudstone,Overbank Mudstone,2658.3,-1589.4,-2130.8,True
56.0,litholog12,litholog6,5,1,Overbank Mudstone,Planar Sandstone,3449.0,-1617.8,-3046.1,False
56.0,litholog12,litholog7,5,5,Overbank Mudstone,Overbank Mudstone,3819.3,-1043.5,-3674.0,True
56.0,litholog12,litholog8,5,0,Overbank Mudstone,Channel Sandstone,3551.3,-356.2,-3533.4,False
56.0,litholog12,litholog9,5,0,Overbank Mudstone,Channel Sandstone,2355.6,982.6,-2140.9,False
56.0,litholog2,litholog3,5,2,Overbank Mudstone,Rippled Heterolithics,650.7,480.6,-438.6,False
56.0,litholog2,litholog4,5,0,Overbank Mudstone,Channel Sandstone,1683.1,936.2,-1398.7,False
56.0,litholog2,litholog5,5,5,Overbank Mudstone,Overbank Mudstone,2001.5,1348.4,-1479.1,True
56.0,litholog2,litholog6,5,1,Overbank Mudstone,Planar Sandstone,2734.1,1319.9,-2394.4,False
56.0,litholog2,litholog7,5,5,Overbank Mudstone,Overbank Mudstone,3566.9,1894.3,-3022.4,True
56.0,litholog2,litholog8,5,0,Overbank Mudstone,Channel Sandstone,3869.0,2581.6,-2881.7,False
56.0,litholog2,litholog9,5,0,Overbank Mudstone,Channel Sandstone,4193.7,3920.3,-1489.2,False
56.0,litholog3,litholog4,2,0,Rippled Heterolithics,Channel Sandstone,1062.7,455.5,-960.1,False
56.0,litholog3,litholog5,2,5,Rippled Heterolithics,Overbank Mudstone,1354.9,867.8,-1040.5,False
56.0,litholog3,litholog6,2,1,Rippled Heterolithics,Planar Sandstone,2128.2,839.3,-1955.8,False
56.0,litholog3,litholog7,2,5,Rippled Heterolithics,Overbank Mudstone,2945.2,1413.7,-2583.7,False
56.0,litholog3,litholog8,2,0,Rippled Heterolithics,Channel Sandstone,3222.2,2100.9,-2443.1,False
56.0,litholog3,litholog9,2,0,Rippled Heterolithics,Channel Sandstone,3596.6,3439.7,-1050.6,False
56.0,litholog4,litholog5,0,5,Channel Sandstone,Overbank Mudstone,420.0,412.3,-80.4,False
56.0,litholog4,litholog6,0,1,Channel Sandstone,Planar Sandstone,1067.0,383.8,-995.6,False
56.0,litholog4,litholog7,0,5,Channel Sandstone,Overbank Mudstone,1885.3,958.2,-1623.6,False
56.0,litholog4,litholog8,0,0,Channel Sandstone,Channel Sandstone,2215.1,1645.4,-1483.0,True
56.0,litholog4,litholog9,0,0,Channel Sandstone,Channel Sandstone,2985.5,2984.2,-90.5,True
56.0,litholog5,litholog6,5,1,Overbank Mudstone,Planar Sandstone,915.7,-28.5,-915.2,False
56.0,litholog5,litholog7,5,5,Overbank Mudstone,Overbank Mudstone,1636.9,545.9,-1543.2,True
56.0,litholog5,litholog8,5,0,Overbank Mudstone,Channel Sandstone,1867.6,1233.2,-1402.6,False
56.0,litholog5,litholog9,5,0,Overbank Mudstone,Channel Sandstone,2571.9,2571.9,-10.1,False
56.0,litholog6,litholog7,1,5,Planar Sandstone,Overbank Mudstone,851.0,574.4,-628.0,False
56.0,litholog6,litholog8,1,0,Planar Sandstone,Channel Sandstone,1352.5,1261.6,-487.4,False
56.0,litholog6,litholog9,1,0,Planar Sandstone,Channel Sandstone,2753.4,2600.4,905.2,False
56.0,litholog7,litholog8,5,0,Overbank Mudstone,Channel Sandstone,701.5,687.3,140.6,False
56.0,litholog7,litholog9,5,0,Overbank Mudstone,Channel Sandstone,2540.7,2026.0,1533.2,False
56.0,litholog8,litholog9,0,0,Channel Sandstone,Channel Sandstone,1931.7,1338.8,1392.5,True
57.0,litholog10,litholog11,0,0,Channel Sandstone,Channel Sandstone,1599.7,1173.5,1087.2,True
57.0,litholog10,litholog12,0,5,Channel Sandstone,Overbank Mudstone,3387.6,-650.5,3324.6,False
57.0,litholog10,litholog2,0,5,Channel Sandstone,Overbank Mudstone,4474.4,-3588.3,2672.9,False
57.0,litholog10,litholog3,0,2,Channel Sandstone,Rippled Heterolithics,3827.4,-3107.6,2234.3,False
57.0,litholog10,litholog4,0,0,Channel Sandstone,Channel Sandstone,2942.3,-2652.1,1274.1,True
57.0,litholog10,litholog5,0,5,Channel Sandstone,Overbank Mudstone,2538.1,-2239.8,1193.8,False
57.0,litholog10,litholog6,0,1,Channel Sandstone,Planar Sandstone,2285.4,-2268.3,278.5,False
57.0,litholog10,litholog7,0,0,Channel Sandstone,Channel Sandstone,1729.6,-1693.9,-349.5,True
57.0,litholog10,litholog8,0,0,Channel Sandstone,Channel Sandstone,1028.1,-1006.7,-208.9,True
57.0,litholog10,litholog9,0,0,Channel Sandstone,Channel Sandstone,1229.4,332.1,1183.7,True
57.0,litholog11,litholog12,0,5,Channel Sandstone,Overbank Mudstone,2886.7,-1824.0,2237.4,False
57.0,litholog11,litholog2,0,5,Channel Sandstone,Overbank Mudstone,5018.8,-4761.8,1585.7,False
57.0,litholog11,litholog3,0,2,Channel Sandstone,Rippled Heterolithics,4432.1,-4281.1,1147.1,False
57.0,litholog11,litholog4,0,0,Channel Sandstone,Channel Sandstone,3830.2,-3825.6,186.9,True
57.0,litholog11,litholog5,0,5,Channel Sandstone,Overbank Mudstone,3415.0,-3413.3,106.6,False
57.0,litholog11,litholog6,0,1,Channel Sandstone,Planar Sandstone,3535.5,-3441.8,-808.7,False
57.0,litholog11,litholog7,0,0,Channel Sandstone,Channel Sandstone,3207.2,-2867.4,-1436.7,True
57.0,litholog11,litholog8,0,0,Channel Sandstone,Channel Sandstone,2536.3,-2180.2,-1296.1,True
57.0,litholog11,litholog9,0,0,Channel Sandstone,Channel Sandstone,846.9,-841.4,96.5,True
57.0,litholog12,litholog2,5,5,Overbank Mudstone,Overbank Mudstone,3009.2,-2937.8,-651.7,True
57.0,litholog12,litholog3,5,2,Overbank Mudstone,Rippled Heterolithics,2688.2,-2457.1,-1090.3,False
57.0,litholog12,litholog4,5,0,Overbank Mudstone,Channel Sandstone,2865.4,-2001.6,-2050.4,False
57.0,litholog12,litholog5,5,5,Overbank Mudstone,Overbank Mudstone,2658.3,-1589.4,-2130.8,True
57.0,litholog12,litholog6,5,1,Overbank Mudstone,Planar Sandstone,3449.0,-1617.8,-3046.1,False
57.0,litholog12,litholog7,5,0,Overbank Mudstone,Channel Sandstone,3819.3,-1043.5,-3674.0,False
57.0,litholog12,litholog8,5,0,Overbank Mudstone,Channel Sandstone,3551.3,-356.2,-3533.4,False
57.0,litholog12,litholog9,5,0,Overbank Mudstone,Channel Sandstone,2355.6,982.6,-2140.9,False
57.0,litholog2,litholog3,5,2,Overbank Mudstone,Rippled Heterolithics,650.7,480.6,-438.6,False
57.0,litholog2,litholog4,5,0,Overbank Mudstone,Channel Sandstone,1683.1,936.2,-1398.7,False
57.0,litholog2,litholog5,5,5,Overbank Mudstone,Overbank Mudstone,2001.5,1348.4,-1479.1,True
57.0,litholog2,litholog6,5,1,Overbank Mudstone,Planar Sandstone,2734.1,1319.9,-2394.4,False
57.0,litholog2,litholog7,5,0,Overbank Mudstone,Channel Sandstone,3566.9,1894.3,-3022.4,False
57.0,litholog2,litholog8,5,0,Overbank Mudstone,Channel Sandstone,3869.0,2581.6,-2881.7,False
57.0,litholog2,litholog9,5,0,Overbank Mudstone,Channel Sandstone,4193.7,3920.3,-1489.2,False
57.0,litholog3,litholog4,2,0,Rippled Heterolithics,Channel Sandstone,1062.7,455.5,-960.1,False
57.0,litholog3,litholog5,2,5,Rippled Heterolithics,Overbank Mudstone,1354.9,867.8,-1040.5,False
57.0,litholog3,litholog6,2,1,Rippled Heterolithics,Planar Sandstone,2128.2,839.3,-1955.8,False
57.0,litholog3,litholog7,2,0,Rippled Heterolithics,Channel Sandstone,2945.2,1413.7,-2583.7,False
57.0,litholog3,litholog8,2,0,Rippled Heterolithics,Channel Sandstone,3222.2,2100.9,-2443.1,False
57.0,litholog3,litholog9,2,0,Rippled Heterolithics,Channel Sandstone,3596.6,3439.7,-1050.6,False
57.0,litholog4,litholog5,0,5,Channel Sandstone,Overbank Mudstone,420.0,412.3,-80.4,False
57.0,litholog4,litholog6,0,1,Channel Sandstone,Planar Sandstone,1067.0,383.8,-995.6,False
57.0,litholog4,litholog7,0,0,Channel Sandstone,Channel Sandstone,1885.3,958.2,-1623.6,True
57.0,litholog4,litholog8,0,0,Channel Sandstone,Channel Sandstone,2215.1,1645.4,-1483.0,True
57.0,litholog4,litholog9,0,0,Channel Sandstone,Channel Sandstone,2985.5,2984.2,-90.5,True
57.0,litholog5,litholog6,5,1,Overbank Mudstone,Planar Sandstone,915.7,-28.5,-915.2,False
57.0,litholog5,litholog7,5,0,Overbank Mudstone,Channel Sandstone,1636.9,545.9,-1543.2,False
57.0,litholog5,litholog8,5,0,Overbank Mudstone,Channel Sandstone,1867.6,1233.2,-1402.6,False
57.0,litholog5,litholog9,5,0,Overbank Mudstone,Channel Sandstone,2571.9,2571.9,-10.1,False
57.0,litholog6,litholog7,1,0,Planar Sandstone,Channel Sandstone,851.0,574.4,-628.0,False
57.0,litholog6,litholog8,1,0,Planar Sandstone,Channel Sandstone,1352.5,1261.6,-487.4,False
57.0,litholog6,litholog9,1,0,Planar Sandstone,Channel Sandstone,2753.4,2600.4,905.2,False
57.0,litholog7,litholog8,0,0,Channel Sandstone,Channel Sandstone,701.5,687.3,140.6,True
57.0,litholog7,litholog9,0,0,Channel Sandstone,Channel Sandstone,2540.7,2026.0,1533.2,True
57.0,litholog8,litholog9,0,0,Channel Sandstone,Channel Sandstone,1931.7,1338.8,1392.5,True
58.0,litholog10,litholog11,0,0,Channel Sandstone,Channel Sandstone,1599.7,1173.5,1087.2,True
58.0,litholog10,litholog12,0,0,Channel Sandstone,Channel Sandstone,3387.6,-650.5,3324.6,True
58.0,litholog10,litholog2,0,5,Channel Sandstone,Overbank Mudstone,4474.4,-3588.3,2672.9,False
58.0,litholog10,litholog3,0,5,Channel Sandstone,Overbank Mudstone,3827.4,-3107.6,2234.3,False
58.0,litholog10,litholog4,0,0,Channel Sandstone,Channel Sandstone,2942.3,-2652.1,1274.1,True
58.0,litholog10,litholog5,0,5,Channel Sandstone,Overbank Mudstone,2538.1,-2239.8,1193.8,False
58.0,litholog10,litholog6,0,5,Channel Sandstone,Overbank Mudstone,2285.4,-2268.3,278.5,False
58.0,litholog10,litholog7,0,0,Channel Sandstone,Channel Sandstone,1729.6,-1693.9,-349.5,True
58.0,litholog10,litholog8,0,0,Channel Sandstone,Channel Sandstone,1028.1,-1006.7,-208.9,True
58.0,litholog10,litholog9,0,0,Channel Sandstone,Channel Sandstone,1229.4,332.1,1183.7,True
58.0,litholog11,litholog12,0,0,Channel Sandstone,Channel Sandstone,2886.7,-1824.0,2237.4,True
58.0,litholog11,litholog2,0,5,Channel Sandstone,Overbank Mudstone,5018.8,-4761.8,1585.7,False
58.0,litholog11,litholog3,0,5,Channel Sandstone,Overbank Mudstone,4432.1,-4281.1,1147.1,False
58.0,litholog11,litholog4,0,0,Channel Sandstone,Channel Sandstone,3830.2,-3825.6,186.9,True
58.0,litholog11,litholog5,0,5,Channel Sandstone,Overbank Mudstone,3415.0,-3413.3,106.6,False
58.0,litholog11,litholog6,0,5,Channel Sandstone,Overbank Mudstone,3535.5,-3441.8,-808.7,False
58.0,litholog11,litholog7,0,0,Channel Sandstone,Channel Sandstone,3207.2,-2867.4,-1436.7,True
58.0,litholog11,litholog8,0,0,Channel Sandstone,Channel Sandstone,2536.3,-2180.2,-1296.1,True
58.0,litholog11,litholog9,0,0,Channel Sandstone,Channel Sandstone,846.9,-841.4,96.5,True
58.0,litholog12,litholog2,0,5,Channel Sandstone,Overbank Mudstone,3009.2,-2937.8,-651.7,False
58.0,litholog12,litholog3,0,5,Channel Sandstone,Overbank Mudstone,2688.2,-2457.1,-1090.3,False
58.0,litholog12,litholog4,0,0,Channel Sandstone,Channel Sandstone,2865.4,-2001.6,-2050.4,True
58.0,litholog12,litholog5,0,5,Channel Sandstone,Overbank Mudstone,2658.3,-1589.4,-2130.8,False
58.0,litholog12,litholog6,0,5,Channel Sandstone,Overbank Mudstone,3449.0,-1617.8,-3046.1,False
58.0,litholog12,litholog7,0,0,Channel Sandstone,Channel Sandstone,3819.3,-1043.5,-3674.0,True
58.0,litholog12,litholog8,0,0,Channel Sandstone,Channel Sandstone,3551.3,-356.2,-3533.4,True
58.0,litholog12,litholog9,0,0,Channel Sandstone,Channel Sandstone,2355.6,982.6,-2140.9,True
58.0,litholog2,litholog3,5,5,Overbank Mudstone,Overbank Mudstone,650.7,480.6,-438.6,True
58.0,litholog2,litholog4,5,0,Overbank Mudstone,Channel Sandstone,1683.1,936.2,-1398.7,False
58.0,litholog2,litholog5,5,5,Overbank Mudstone,Overbank Mudstone,2001.5,1348.4,-1479.1,True
58.0,litholog2,litholog6,5,5,Overbank Mudstone,Overbank Mudstone,2734.1,1319.9,-2394.4,True
58.0,litholog2,litholog7,5,0,Overbank Mudstone,Channel Sandstone,3566.9,1894.3,-3022.4,False
58.0,litholog2,litholog8,5,0,Overbank Mudstone,Channel Sandstone,3869.0,2581.6,-2881.7,False
58.0,litholog2,litholog9,5,0,Overbank Mudstone,Channel Sandstone,4193.7,3920.3,-1489.2,False
58.0,litholog3,litholog4,5,0,Overbank Mudstone,Channel Sandstone,1062.7,455.5,-960.1,False
58.0,litholog3,litholog5,5,5,Overbank Mudstone,Overbank Mudstone,1354.9,867.8,-1040.5,True
58.0,litholog3,litholog6,5,5,Overbank Mudstone,Overbank Mudstone,2128.2,839.3,-1955.8,True
58.0,litholog3,litholog7,5,0,Overbank Mudstone,Channel Sandstone,2945.2,1413.7,-2583.7,False
58.0,litholog3,litholog8,5,0,Overbank Mudstone,Channel Sandstone,3222.2,2100.9,-2443.1,False
58.0,litholog3,litholog9,5,0,Overbank Mudstone,Channel Sandstone,3596.6,3439.7,-1050.6,False
58.0,litholog4,litholog5,0,5,Channel Sandstone,Overbank Mudstone,420.0,412.3,-80.4,False
58.0,litholog4,litholog6,0,5,Channel Sandstone,Overbank Mudstone,1067.0,383.8,-995.6,False
58.0,litholog4,litholog7,0,0,Channel Sandstone,Channel Sandstone,1885.3,958.2,-1623.6,True
58.0,litholog4,litholog8,0,0,Channel Sandstone,Channel Sandstone,2215.1,1645.4,-1483.0,True
58.0,litholog4,litholog9,0,0,Channel Sandstone,Channel Sandstone,2985.5,2984.2,-90.5,True
58.0,litholog5,litholog6,5,5,Overbank Mudstone,Overbank Mudstone,915.7,-28.5,-915.2,True
58.0,litholog5,litholog7,5,0,Overbank Mudstone,Channel Sandstone,1636.9,545.9,-1543.2,False
58.0,litholog5,litholog8,5,0,Overbank Mudstone,Channel Sandstone,1867.6,1233.2,-1402.6,False
58.0,litholog5,litholog9,5,0,Overbank Mudstone,Channel Sandstone,2571.9,2571.9,-10.1,False
58.0,litholog6,litholog7,5,0,Overbank Mudstone,Channel Sandstone,851.0,574.4,-628.0,False
58.0,litholog6,litholog8,5,0,Overbank Mudstone,Channel Sandstone,1352.5,1261.6,-487.4,False
58.0,litholog6,litholog9,5,0,Overbank Mudstone,Channel Sandstone,2753.4,2600.4,905.2,False
58.0,litholog7,litholog8,0,0,Channel Sandstone,Channel Sandstone,701.5,687.3,140.6,True
58.0,litholog7,litholog9,0,0,Channel Sandstone,Channel Sandstone,2540.7,2026.0,1533.2,True
58.0,litholog8,litholog9,0,0,Channel Sandstone,Channel Sandstone,1931.7,1338.8,1392.5,True
59.0,litholog10,litholog11,0,0,Channel Sandstone,Channel Sandstone,1599.7,1173.5,1087.2,True
59.0,litholog10,litholog12,0,0,Channel Sandstone,Channel Sandstone,3387.6,-650.5,3324.6,True
59.0,litholog10,litholog2,0,5,Channel Sandstone,Overbank Mudstone,4474.4,-3588.3,2672.9,False
59.0,litholog10,litholog3,0,5,Channel Sandstone,Overbank Mudstone,3827.4,-3107.6,2234.3,False
59.0,litholog10,litholog4,0,0,Channel Sandstone,Channel Sandstone,2942.3,-2652.1,1274.1,True
59.0,litholog10,litholog5,0,5,Channel Sandstone,Overbank Mudstone,2538.1,-2239.8,1193.8,False
59.0,litholog10,litholog6,0,5,Channel Sandstone,Overbank Mudstone,2285.4,-2268.3,278.5,False
59.0,litholog10,litholog7,0,0,Channel Sandstone,Channel Sandstone,1729.6,-1693.9,-349.5,True
59.0,litholog10,litholog8,0,0,Channel Sandstone,Channel Sandstone,1028.1,-1006.7,-208.9,True
59.0,litholog10,litholog9,0,0,Channel Sandstone,Channel Sandstone,1229.4,332.1,1183.7,True
59.0,litholog11,litholog12,0,0,Channel Sandstone,Channel Sandstone,2886.7,-1824.0,2237.4,True
59.0,litholog11,litholog2,0,5,Channel Sandstone,Overbank Mudstone,5018.8,-4761.8,1585.7,False
59.0,litholog11,litholog3,0,5,Channel Sandstone,Overbank Mudstone,4432.1,-4281.1,1147.1,False
59.0,litholog11,litholog4,0,0,Channel Sandstone,Channel Sandstone,3830.2,-3825.6,186.9,True
59.0,litholog11,litholog5,0,5,Channel Sandstone,Overbank Mudstone,3415.0,-3413.3,106.6,False
59.0,litholog11,litholog6,0,5,Channel Sandstone,Overbank Mudstone,3535.5,-3441.8,-808.7,False
59.0,litholog11,litholog7,0,0,Channel Sandstone,Channel Sandstone,3207.2,-2867.4,-1436.7,True
59.0,litholog11,litholog8,0,0,Channel Sandstone,Channel Sandstone,2536.3,-2180.2,-1296.1,True
59.0,litholog11,litholog9,0,0,Channel Sandstone,Channel Sandstone,846.9,-841.4,96.5,True
59.0,litholog12,litholog2,0,5,Channel Sandstone,Overbank Mudstone,3009.2,-2937.8,-651.7,False
59.0,litholog12,litholog3,0,5,Channel Sandstone,Overbank Mudstone,2688.2,-2457.1,-1090.3,False
59.0,litholog12,litholog4,0,0,Channel Sandstone,Channel Sandstone,2865.4,-2001.6,-2050.4,True
59.0,litholog12,litholog5,0,5,Channel Sandstone,Overbank Mudstone,2658.3,-1589.4,-2130.8,False
59.0,litholog12,litholog6,0,5,Channel Sandstone,Overbank Mudstone,3449.0,-1617.8,-3046.1,False
59.0,litholog12,litholog7,0,0,Channel Sandstone,Channel Sandstone,3819.3,-1043.5,-3674.0,True
59.0,litholog12,litholog8,0,0,Channel Sandstone,Channel Sandstone,3551.3,-356.2,-3533.4,True
59.0,litholog12,litholog9,0,0,Channel Sandstone,Channel Sandstone,2355.6,982.6,-2140.9,True
59.0,litholog2,litholog3,5,5,Overbank Mudstone,Overbank Mudstone,650.7,480.6,-438.6,True
59.0,litholog2,litholog4,5,0,Overbank Mudstone,Channel Sandstone,1683.1,936.2,-1398.7,False
59.0,litholog2,litholog5,5,5,Overbank Mudstone,Overbank Mudstone,2001.5,1348.4,-1479.1,True
59.0,litholog2,litholog6,5,5,Overbank Mudstone,Overbank Mudstone,2734.1,1319.9,-2394.4,True
59.0,litholog2,litholog7,5,0,Overbank Mudstone,Channel Sandstone,3566.9,1894.3,-3022.4,False
59.0,litholog2,litholog8,5,0,Overbank Mudstone,Channel Sandstone,3869.0,2581.6,-2881.7,False
59.0,litholog2,litholog9,5,0,Overbank Mudstone,Channel Sandstone,4193.7,3920.3,-1489.2,False
59.0,litholog3,litholog4,5,0,Overbank Mudstone,Channel Sandstone,1062.7,455.5,-960.1,False
59.0,litholog3,litholog5,5,5,Overbank Mudstone,Overbank Mudstone,1354.9,867.8,-1040.5,True
59.0,litholog3,litholog6,5,5,Overbank Mudstone,Overbank Mudstone,2128.2,839.3,-1955.8,True
59.0,litholog3,litholog7,5,0,Overbank Mudstone,Channel Sandstone,2945.2,1413.7,-2583.7,False
59.0,litholog3,litholog8,5,0,Overbank Mudstone,Channel Sandstone,3222.2,2100.9,-2443.1,False
59.0,litholog3,litholog9,5,0,Overbank Mudstone,Channel Sandstone,3596.6,3439.7,-1050.6,False
59.0,litholog4,litholog5,0,5,Channel Sandstone,Overbank Mudstone,420.0,412.3,-80.4,False
59.0,litholog4,litholog6,0,5,Channel Sandstone,Overbank Mudstone,1067.0,383.8,-995.6,False
59.0,litholog4,litholog7,0,0,Channel Sandstone,Channel Sandstone,1885.3,958.2,-1623.6,True
59.0,litholog4,litholog8,0,0,Channel Sandstone,Channel Sandstone,2215.1,1645.4,-1483.0,True
59.0,litholog4,litholog9,0,0,Channel Sandstone,Channel Sandstone,2985.5,2984.2,-90.5,True
59.0,litholog5,litholog6,5,5,Overbank Mudstone,Overbank Mudstone,915.7,-28.5,-915.2,True
59.0,litholog5,litholog7,5,0,Overbank Mudstone,Channel Sandstone,1636.9,545.9,-1543.2,False
59.0,litholog5,litholog8,5,0,Overbank Mudstone,Channel Sandstone,1867.6,1233.2,-1402.6,False
59.0,litholog5,litholog9,5,0,Overbank Mudstone,Channel Sandstone,2571.9,2571.9,-10.1,False
59.0,litholog6,litholog7,5,0,Overbank Mudstone,Channel Sandstone,851.0,574.4,-628.0,False
59.0,litholog6,litholog8,5,0,Overbank Mudstone,Channel Sandstone,1352.5,1261.6,-487.4,False
59.0,litholog6,litholog9,5,0,Overbank Mudstone,Channel Sandstone,2753.4,2600.4,905.2,False
59.0,litholog7,litholog8,0,0,Channel Sandstone,Channel Sandstone,701.5,687.3,140.6,True
59.0,litholog7,litholog9,0,0,Channel Sandstone,Channel Sandstone,2540.7,2026.0,1533.2,True
59.0,litholog8,litholog9,0,0,Channel Sandstone,Channel Sandstone,1931.7,1338.8,1392.5,True
60.0,litholog10,litholog11,0,0,Channel Sandstone,Channel Sandstone,1599.7,1173.5,1087.2,True
60.0,litholog10,litholog12,0,0,Channel Sandstone,Channel Sandstone,3387.6,-650.5,3324.6,True
60.0,litholog10,litholog2,0,5,Channel Sandstone,Overbank Mudstone,4474.4,-3588.3,2672.9,False
60.0,litholog10,litholog3,0,5,Channel Sandstone,Overbank Mudstone,3827.4,-3107.6,2234.3,False
60.0,litholog10,litholog4,0,1,Channel Sandstone,Planar Sandstone,2942.3,-2652.1,1274.1,False
60.0,litholog10,litholog5,0,5,Channel Sandstone,Overbank Mudstone,2538.1,-2239.8,1193.8,False
60.0,litholog10,litholog6,0,5,Channel Sandstone,Overbank Mudstone,2285.4,-2268.3,278.5,False
60.0,litholog10,litholog7,0,0,Channel Sandstone,Channel Sandstone,1729.6,-1693.9,-349.5,True
60.0,litholog10,litholog8,0,0,Channel Sandstone,Channel Sandstone,1028.1,-1006.7,-208.9,True
60.0,litholog10,litholog9,0,0,Channel Sandstone,Channel Sandstone,1229.4,332.1,1183.7,True
60.0,litholog11,litholog12,0,0,Channel Sandstone,Channel Sandstone,2886.7,-1824.0,2237.4,True
60.0,litholog11,litholog2,0,5,Channel Sandstone,Overbank Mudstone,5018.8,-4761.8,1585.7,False
60.0,litholog11,litholog3,0,5,Channel Sandstone,Overbank Mudstone,4432.1,-4281.1,1147.1,False
60.0,litholog11,litholog4,0,1,Channel Sandstone,Planar Sandstone,3830.2,-3825.6,186.9,False
60.0,litholog11,litholog5,0,5,Channel Sandstone,Overbank Mudstone,3415.0,-3413.3,106.6,False
60.0,litholog11,litholog6,0,5,Channel Sandstone,Overbank Mudstone,3535.5,-3441.8,-808.7,False
60.0,litholog11,litholog7,0,0,Channel Sandstone,Channel Sandstone,3207.2,-2867.4,-1436.7,True
60.0,litholog11,litholog8,0,0,Channel Sandstone,Channel Sandstone,2536.3,-2180.2,-1296.1,True
60.0,litholog11,litholog9,0,0,Channel Sandstone,Channel Sandstone,846.9,-841.4,96.5,True
60.0,litholog12,litholog2,0,5,Channel Sandstone,Overbank Mudstone,3009.2,-2937.8,-651.7,False
60.0,litholog12,litholog3,0,5,Channel Sandstone,Overbank Mudstone,2688.2,-2457.1,-1090.3,False
60.0,litholog12,litholog4,0,1,Channel Sandstone,Planar Sandstone,2865.4,-2001.6,-2050.4,False
60.0,litholog12,litholog5,0,5,Channel Sandstone,Overbank Mudstone,2658.3,-1589.4,-2130.8,False
60.0,litholog12,litholog6,0,5,Channel Sandstone,Overbank Mudstone,3449.0,-1617.8,-3046.1,False
60.0,litholog12,litholog7,0,0,Channel Sandstone,Channel Sandstone,3819.3,-1043.5,-3674.0,True
60.0,litholog12,litholog8,0,0,Channel Sandstone,Channel Sandstone,3551.3,-356.2,-3533.4,True
60.0,litholog12,litholog9,0,0,Channel Sandstone,Channel Sandstone,2355.6,982.6,-2140.9,True
60.0,litholog2,litholog3,5,5,Overbank Mudstone,Overbank Mudstone,650.7,480.6,-438.6,True
60.0,litholog2,litholog4,5,1,Overbank Mudstone,Planar Sandstone,1683.1,936.2,-1398.7,False
60.0,litholog2,litholog5,5,5,Overbank Mudstone,Overbank Mudstone,2001.5,1348.4,-1479.1,True
60.0,litholog2,litholog6,5,5,Overbank Mudstone,Overbank Mudstone,2734.1,1319.9,-2394.4,True
60.0,litholog2,litholog7,5,0,Overbank Mudstone,Channel Sandstone,3566.9,1894.3,-3022.4,False
60.0,litholog2,litholog8,5,0,Overbank Mudstone,Channel Sandstone,3869.0,2581.6,-2881.7,False
60.0,litholog2,litholog9,5,0,Overbank Mudstone,Channel Sandstone,4193.7,3920.3,-1489.2,False
60.0,litholog3,litholog4,5,1,Overbank Mudstone,Planar Sandstone,1062.7,455.5,-960.1,False
60.0,litholog3,litholog5,5,5,Overbank Mudstone,Overbank Mudstone,1354.9,867.8,-1040.5,True
60.0,litholog3,litholog6,5,5,Overbank Mudstone,Overbank Mudstone,2128.2,839.3,-1955.8,True
60.0,litholog3,litholog7,5,0,Overbank Mudstone,Channel Sandstone,2945.2,1413.7,-2583.7,False
60.0,litholog3,litholog8,5,0,Overbank Mudstone,Channel Sandstone,3222.2,2100.9,-2443.1,False
60.0,litholog3,litholog9,5,0,Overbank Mudstone,Channel Sandstone,3596.6,3439.7,-1050.6,False
60.0,litholog4,litholog5,1,5,Planar Sandstone,Overbank Mudstone,420.0,412.3,-80.4,False
60.0,litholog4,litholog6,1,5,Planar Sandstone,Overbank Mudstone,1067.0,383.8,-995.6,False
60.0,litholog4,litholog7,1,0,Planar Sandstone,Channel Sandstone,1885.3,958.2,-1623.6,False
60.0,litholog4,litholog8,1,0,Planar Sandstone,Channel Sandstone,2215.1,1645.4,-1483.0,False
60.0,litholog4,litholog9,1,0,Planar Sandstone,Channel Sandstone,2985.5,2984.2,-90.5,False
60.0,litholog5,litholog6,5,5,Overbank Mudstone,Overbank Mudstone,915.7,-28.5,-915.2,True
60.0,litholog5,litholog7,5,0,Overbank Mudstone,Channel Sandstone,1636.9,545.9,-1543.2,False
60.0,litholog5,litholog8,5,0,Overbank Mudstone,Channel Sandstone,1867.6,1233.2,-1402.6,False
60.0,litholog5,litholog9,5,0,Overbank Mudstone,Channel Sandstone,2571.9,2571.9,-10.1,False
60.0,litholog6,litholog7,5,0,Overbank Mudstone,Channel Sandstone,851.0,574.4,-628.0,False
60.0,litholog6,litholog8,5,0,Overbank Mudstone,Channel Sandstone,1352.5,1261.6,-487.4,False
60.0,litholog6,litholog9,5,0,Overbank Mudstone,Channel Sandstone,2753.4,2600.4,905.2,False
60.0,litholog7,litholog8,0,0,Channel Sandstone,Channel Sandstone,701.5,687.3,140.6,True
60.0,litholog7,litholog9,0,0,Channel Sandstone,Channel Sandstone,2540.7,2026.0,1533.2,True
60.0,litholog8,litholog9,0,0,Channel Sandstone,Channel Sandstone,1931.7,1338.8,1392.5,True
61.0,litholog10,litholog11,4,0,Coal,Channel Sandstone,1599.7,1173.5,1087.2,False
61.0,litholog10,litholog12,4,0,Coal,Channel Sandstone,3387.6,-650.5,3324.6,False
61.0,litholog10,litholog2,4,5,Coal,Overbank Mudstone,4474.4,-3588.3,2672.9,False
61.0,litholog10,litholog3,4,5,Coal,Overbank Mudstone,3827.4,-3107.6,2234.3,False
61.0,litholog10,litholog4,4,5,Coal,Overbank Mudstone,2942.3,-2652.1,1274.1,False
61.0,litholog10,litholog5,4,5,Coal,Overbank Mudstone,2538.1,-2239.8,1193.8,False
61.0,litholog10,litholog6,4,5,Coal,Overbank Mudstone,2285.4,-2268.3,278.5,False
61.0,litholog10,litholog7,4,0,Coal,Channel Sandstone,1729.6,-1693.9,-349.5,False
61.0,litholog10,litholog8,4,0,Coal,Channel Sandstone,1028.1,-1006.7,-208.9,False
61.0,litholog10,litholog9,4,0,Coal,Channel Sandstone,1229.4,332.1,1183.7,False
61.0,litholog11,litholog12,0,0,Channel Sandstone,Channel Sandstone,2886.7,-1824.0,2237.4,True
61.0,litholog11,litholog2,0,5,Channel Sandstone,Overbank Mudstone,5018.8,-4761.8,1585.7,False
61.0,litholog11,litholog3,0,5,Channel Sandstone,Overbank Mudstone,4432.1,-4281.1,1147.1,False
61.0,litholog11,litholog4,0,5,Channel Sandstone,Overbank Mudstone,3830.2,-3825.6,186.9,False
61.0,litholog11,litholog5,0,5,Channel Sandstone,Overbank Mudstone,3415.0,-3413.3,106.6,False
61.0,litholog11,litholog6,0,5,Channel Sandstone,Overbank Mudstone,3535.5,-3441.8,-808.7,False
61.0,litholog11,litholog7,0,0,Channel Sandstone,Channel Sandstone,3207.2,-2867.4,-1436.7,True
61.0,litholog11,litholog8,0,0,Channel Sandstone,Channel Sandstone,2536.3,-2180.2,-1296.1,True
61.0,litholog11,litholog9,0,0,Channel Sandstone,Channel Sandstone,846.9,-841.4,96.5,True
61.0,litholog12,litholog2,0,5,Channel Sandstone,Overbank Mudstone,3009.2,-2937.8,-651.7,False
61.0,litholog12,litholog3,0,5,Channel Sandstone,Overbank Mudstone,2688.2,-2457.1,-1090.3,False
61.0,litholog12,litholog4,0,5,Channel Sandstone,Overbank Mudstone,2865.4,-2001.6,-2050.4,False
61.0,litholog12,litholog5,0,5,Channel Sandstone,Overbank Mudstone,2658.3,-1589.4,-2130.8,False
61.0,litholog12,litholog6,0,5,Channel Sandstone,Overbank Mudstone,3449.0,-1617.8,-3046.1,False
61.0,litholog12,litholog7,0,0,Channel Sandstone,Channel Sandstone,3819.3,-1043.5,-3674.0,True
61.0,litholog12,litholog8,0,0,Channel Sandstone,Channel Sandstone,3551.3,-356.2,-3533.4,True
61.0,litholog12,litholog9,0,0,Channel Sandstone,Channel Sandstone,2355.6,982.6,-2140.9,True
61.0,litholog2,litholog3,5,5,Overbank Mudstone,Overbank Mudstone,650.7,480.6,-438.6,True
61.0,litholog2,litholog4,5,5,Overbank Mudstone,Overbank Mudstone,1683.1,936.2,-1398.7,True
61.0,litholog2,litholog5,5,5,Overbank Mudstone,Overbank Mudstone,2001.5,1348.4,-1479.1,True
61.0,litholog2,litholog6,5,5,Overbank Mudstone,Overbank Mudstone,2734.1,1319.9,-2394.4,True
61.0,litholog2,litholog7,5,0,Overbank Mudstone,Channel Sandstone,3566.9,1894.3,-3022.4,False
61.0,litholog2,litholog8,5,0,Overbank Mudstone,Channel Sandstone,3869.0,2581.6,-2881.7,False
61.0,litholog2,litholog9,5,0,Overbank Mudstone,Channel Sandstone,4193.7,3920.3,-1489.2,False
61.0,litholog3,litholog4,5,5,Overbank Mudstone,Overbank Mudstone,1062.7,455.5,-960.1,True
61.0,litholog3,litholog5,5,5,Overbank Mudstone,Overbank Mudstone,1354.9,867.8,-1040.5,True
61.0,litholog3,litholog6,5,5,Overbank Mudstone,Overbank Mudstone,2128.2,839.3,-1955.8,True
61.0,litholog3,litholog7,5,0,Overbank Mudstone,Channel Sandstone,2945.2,1413.7,-2583.7,False
61.0,litholog3,litholog8,5,0,Overbank Mudstone,Channel Sandstone,3222.2,2100.9,-2443.1,False
61.0,litholog3,litholog9,5,0,Overbank Mudstone,Channel Sandstone,3596.6,3439.7,-1050.6,False
61.0,litholog4,litholog5,5,5,Overbank Mudstone,Overbank Mudstone,420.0,412.3,-80.4,True
61.0,litholog4,litholog6,5,5,Overbank Mudstone,Overbank Mudstone,1067.0,383.8,-995.6,True
61.0,litholog4,litholog7,5,0,Overbank Mudstone,Channel Sandstone,1885.3,958.2,-1623.6,False
61.0,litholog4,litholog8,5,0,Overbank Mudstone,Channel Sandstone,2215.1,1645.4,-1483.0,False
61.0,litholog4,litholog9,5,0,Overbank Mudstone,Channel Sandstone,2985.5,2984.2,-90.5,False
61.0,litholog5,litholog6,5,5,Overbank Mudstone,Overbank Mudstone,915.7,-28.5,-915.2,True
61.0,litholog5,litholog7,5,0,Overbank Mudstone,Channel Sandstone,1636.9,545.9,-1543.2,False
61.0,litholog5,litholog8,5,0,Overbank Mudstone,Channel Sandstone,1867.6,1233.2,-1402.6,False
61.0,litholog5,litholog9,5,0,Overbank Mudstone,Channel Sandstone,2571.9,2571.9,-10.1,False
61.0,litholog6,litholog7,5,0,Overbank Mudstone,Channel Sandstone,851.0,574.4,-628.0,False
61.0,litholog6,litholog8,5,0,Overbank Mudstone,Channel Sandstone,1352.5,1261.6,-487.4,False
61.0,litholog6,litholog9,5,0,Overbank Mudstone,Channel Sandstone,2753.4,2600.4,905.2,False
61.0,litholog7,litholog8,0,0,Channel Sandstone,Channel Sandstone,701.5,687.3,140.6,True
61.0,litholog7,litholog9,0,0,Channel Sandstone,Channel Sandstone,2540.7,2026.0,1533.2,True
61.0,litholog8,litholog9,0,0,Channel Sandstone,Channel Sandstone,1931.7,1338.8,1392.5,True
62.0,litholog10,litholog11,2,0,Rippled Heterolithics,Channel Sandstone,1599.7,1173.5,1087.2,False
62.0,litholog10,litholog12,2,0,Rippled Heterolithics,Channel Sandstone,3387.6,-650.5,3324.6,False
62.0,litholog10,litholog2,2,5,Rippled Heterolithics,Overbank Mudstone,4474.4,-3588.3,2672.9,False
62.0,litholog10,litholog3,2,5,Rippled Heterolithics,Overbank Mudstone,3827.4,-3107.6,2234.3,False
62.0,litholog10,litholog4,2,5,Rippled Heterolithics,Overbank Mudstone,2942.3,-2652.1,1274.1,False
62.0,litholog10,litholog5,2,5,Rippled Heterolithics,Overbank Mudstone,2538.1,-2239.8,1193.8,False
62.0,litholog10,litholog6,2,5,Rippled Heterolithics,Overbank Mudstone,2285.4,-2268.3,278.5,False
62.0,litholog10,litholog7,2,0,Rippled Heterolithics,Channel Sandstone,1729.6,-1693.9,-349.5,False
62.0,litholog10,litholog8,2,0,Rippled Heterolithics,Channel Sandstone,1028.1,-1006.7,-208.9,False
62.0,litholog10,litholog9,2,0,Rippled Heterolithics,Channel Sandstone,1229.4,332.1,1183.7,False
62.0,litholog11,litholog12,0,0,Channel Sandstone,Channel Sandstone,2886.7,-1824.0,2237.4,True
62.0,litholog11,litholog2,0,5,Channel Sandstone,Overbank Mudstone,5018.8,-4761.8,1585.7,False
62.0,litholog11,litholog3,0,5,Channel Sandstone,Overbank Mudstone,4432.1,-4281.1,1147.1,False
62.0,litholog11,litholog4,0,5,Channel Sandstone,Overbank Mudstone,3830.2,-3825.6,186.9,False
62.0,litholog11,litholog5,0,5,Channel Sandstone,Overbank Mudstone,3415.0,-3413.3,106.6,False
62.0,litholog11,litholog6,0,5,Channel Sandstone,Overbank Mudstone,3535.5,-3441.8,-808.7,False
62.0,litholog11,litholog7,0,0,Channel Sandstone,Channel Sandstone,3207.2,-2867.4,-1436.7,True
62.0,litholog11,litholog8,0,0,Channel Sandstone,Channel Sandstone,2536.3,-2180.2,-1296.1,True
62.0,litholog11,litholog9,0,0,Channel Sandstone,Channel Sandstone,846.9,-841.4,96.5,True
62.0,litholog12,litholog2,0,5,Channel Sandstone,Overbank Mudstone,3009.2,-2937.8,-651.7,False
62.0,litholog12,litholog3,0,5,Channel Sandstone,Overbank Mudstone,2688.2,-2457.1,-1090.3,False
62.0,litholog12,litholog4,0,5,Channel Sandstone,Overbank Mudstone,2865.4,-2001.6,-2050.4,False
62.0,litholog12,litholog5,0,5,Channel Sandstone,Overbank Mudstone,2658.3,-1589.4,-2130.8,False
62.0,litholog12,litholog6,0,5,Channel Sandstone,Overbank Mudstone,3449.0,-1617.8,-3046.1,False
62.0,litholog12,litholog7,0,0,Channel Sandstone,Channel Sandstone,3819.3,-1043.5,-3674.0,True
62.0,litholog12,litholog8,0,0,Channel Sandstone,Channel Sandstone,3551.3,-356.2,-3533.4,True
62.0,litholog12,litholog9,0,0,Channel Sandstone,Channel Sandstone,2355.6,982.6,-2140.9,True
62.0,litholog2,litholog3,5,5,Overbank Mudstone,Overbank Mudstone,650.7,480.6,-438.6,True
62.0,litholog2,litholog4,5,5,Overbank Mudstone,Overbank Mudstone,1683.1,936.2,-1398.7,True
62.0,litholog2,litholog5,5,5,Overbank Mudstone,Overbank Mudstone,2001.5,1348.4,-1479.1,True
62.0,litholog2,litholog6,5,5,Overbank Mudstone,Overbank Mudstone,2734.1,1319.9,-2394.4,True
62.0,litholog2,litholog7,5,0,Overbank Mudstone,Channel Sandstone,3566.9,1894.3,-3022.4,False
62.0,litholog2,litholog8,5,0,Overbank Mudstone,Channel Sandstone,3869.0,2581.6,-2881.7,False
62.0,litholog2,litholog9,5,0,Overbank Mudstone,Channel Sandstone,4193.7,3920.3,-1489.2,False
62.0,litholog3,litholog4,5,5,Overbank Mudstone,Overbank Mudstone,1062.7,455.5,-960.1,True
62.0,litholog3,litholog5,5,5,Overbank Mudstone,Overbank Mudstone,1354.9,867.8,-1040.5,True
62.0,litholog3,litholog6,5,5,Overbank Mudstone,Overbank Mudstone,2128.2,839.3,-1955.8,True
62.0,litholog3,litholog7,5,0,Overbank Mudstone,Channel Sandstone,2945.2,1413.7,-2583.7,False
62.0,litholog3,litholog8,5,0,Overbank Mudstone,Channel Sandstone,3222.2,2100.9,-2443.1,False
62.0,litholog3,litholog9,5,0,Overbank Mudstone,Channel Sandstone,3596.6,3439.7,-1050.6,False
62.0,litholog4,litholog5,5,5,Overbank Mudstone,Overbank Mudstone,420.0,412.3,-80.4,True
62.0,litholog4,litholog6,5,5,Overbank Mudstone,Overbank Mudstone,1067.0,383.8,-995.6,True
62.0,litholog4,litholog7,5,0,Overbank Mudstone,Channel Sandstone,1885.3,958.2,-1623.6,False
62.0,litholog4,litholog8,5,0,Overbank Mudstone,Channel Sandstone,2215.1,1645.4,-1483.0,False
62.0,litholog4,litholog9,5,0,Overbank Mudstone,Channel Sandstone,2985.5,2984.2,-90.5,False
62.0,litholog5,litholog6,5,5,Overbank Mudstone,Overbank Mudstone,915.7,-28.5,-915.2,True
62.0,litholog5,litholog7,5,0,Overbank Mudstone,Channel Sandstone,1636.9,545.9,-1543.2,False
62.0,litholog5,litholog8,5,0,Overbank Mudstone,Channel Sandstone,1867.6,1233.2,-1402.6,False
62.0,litholog5,litholog9,5,0,Overbank Mudstone,Channel Sandstone,2571.9,2571.9,-10.1,False
62.0,litholog6,litholog7,5,0,Overbank Mudstone,Channel Sandstone,851.0,574.4,-628.0,False
62.0,litholog6,litholog8,5,0,Overbank Mudstone,Channel Sandstone,1352.5,1261.6,-487.4,False
62.0,litholog6,litholog9,5,0,Overbank Mudstone,Channel Sandstone,2753.4,2600.4,905.2,False
62.0,litholog7,litholog8,0,0,Channel Sandstone,Channel Sandstone,701.5,687.3,140.6,True
62.0,litholog7,litholog9,0,0,Channel Sandstone,Channel Sandstone,2540.7,2026.0,1533.2,True
62.0,litholog8,litholog9,0,0,Channel Sandstone,Channel Sandstone,1931.7,1338.8,1392.5,True
63.0,litholog10,litholog11,2,0,Rippled Heterolithics,Channel Sandstone,1599.7,1173.5,1087.2,False
63.0,litholog10,litholog12,2,0,Rippled Heterolithics,Channel Sandstone,3387.6,-650.5,3324.6,False
63.0,litholog10,litholog2,2,5,Rippled Heterolithics,Overbank Mudstone,4474.4,-3588.3,2672.9,False
63.0,litholog10,litholog3,2,5,Rippled Heterolithics,Overbank Mudstone,3827.4,-3107.6,2234.3,False
63.0,litholog10,litholog4,2,1,Rippled Heterolithics,Planar Sandstone,2942.3,-2652.1,1274.1,False
63.0,litholog10,litholog5,2,5,Rippled Heterolithics,Overbank Mudstone,2538.1,-2239.8,1193.8,False
63.0,litholog10,litholog6,2,5,Rippled Heterolithics,Overbank Mudstone,2285.4,-2268.3,278.5,False
63.0,litholog10,litholog7,2,0,Rippled Heterolithics,Channel Sandstone,1729.6,-1693.9,-349.5,False
63.0,litholog10,litholog8,2,0,Rippled Heterolithics,Channel Sandstone,1028.1,-1006.7,-208.9,False
63.0,litholog10,litholog9,2,2,Rippled Heterolithics,Rippled Heterolithics,1229.4,332.1,1183.7,True
63.0,litholog11,litholog12,0,0,Channel Sandstone,Channel Sandstone,2886.7,-1824.0,2237.4,True
63.0,litholog11,litholog2,0,5,Channel Sandstone,Overbank Mudstone,5018.8,-4761.8,1585.7,False
63.0,litholog11,litholog3,0,5,Channel Sandstone,Overbank Mudstone,4432.1,-4281.1,1147.1,False
63.0,litholog11,litholog4,0,1,Channel Sandstone,Planar Sandstone,3830.2,-3825.6,186.9,False
63.0,litholog11,litholog5,0,5,Channel Sandstone,Overbank Mudstone,3415.0,-3413.3,106.6,False
63.0,litholog11,litholog6,0,5,Channel Sandstone,Overbank Mudstone,3535.5,-3441.8,-808.7,False
63.0,litholog11,litholog7,0,0,Channel Sandstone,Channel Sandstone,3207.2,-2867.4,-1436.7,True
63.0,litholog11,litholog8,0,0,Channel Sandstone,Channel Sandstone,2536.3,-2180.2,-1296.1,True
63.0,litholog11,litholog9,0,2,Channel Sandstone,Rippled Heterolithics,846.9,-841.4,96.5,False
63.0,litholog12,litholog2,0,5,Channel Sandstone,Overbank Mudstone,3009.2,-2937.8,-651.7,False
63.0,litholog12,litholog3,0,5,Channel Sandstone,Overbank Mudstone,2688.2,-2457.1,-1090.3,False
63.0,litholog12,litholog4,0,1,Channel Sandstone,Planar Sandstone,2865.4,-2001.6,-2050.4,False
63.0,litholog12,litholog5,0,5,Channel Sandstone,Overbank Mudstone,2658.3,-1589.4,-2130.8,False
63.0,litholog12,litholog6,0,5,Channel Sandstone,Overbank Mudstone,3449.0,-1617.8,-3046.1,False
63.0,litholog12,litholog7,0,0,Channel Sandstone,Channel Sandstone,3819.3,-1043.5,-3674.0,True
63.0,litholog12,litholog8,0,0,Channel Sandstone,Channel Sandstone,3551.3,-356.2,-3533.4,True
63.0,litholog12,litholog9,0,2,Channel Sandstone,Rippled Heterolithics,2355.6,982.6,-2140.9,False
63.0,litholog2,litholog3,5,5,Overbank Mudstone,Overbank Mudstone,650.7,480.6,-438.6,True
63.0,litholog2,litholog4,5,1,Overbank Mudstone,Planar Sandstone,1683.1,936.2,-1398.7,False
63.0,litholog2,litholog5,5,5,Overbank Mudstone,Overbank Mudstone,2001.5,1348.4,-1479.1,True
63.0,litholog2,litholog6,5,5,Overbank Mudstone,Overbank Mudstone,2734.1,1319.9,-2394.4,True
63.0,litholog2,litholog7,5,0,Overbank Mudstone,Channel Sandstone,3566.9,1894.3,-3022.4,False
63.0,litholog2,litholog8,5,0,Overbank Mudstone,Channel Sandstone,3869.0,2581.6,-2881.7,False
63.0,litholog2,litholog9,5,2,Overbank Mudstone,Rippled Heterolithics,4193.7,3920.3,-1489.2,False
63.0,litholog3,litholog4,5,1,Overbank Mudstone,Planar Sandstone,1062.7,455.5,-960.1,False
63.0,litholog3,litholog5,5,5,Overbank Mudstone,Overbank Mudstone,1354.9,867.8,-1040.5,True
63.0,litholog3,litholog6,5,5,Overbank Mudstone,Overbank Mudstone,2128.2,839.3,-1955.8,True
63.0,litholog3,litholog7,5,0,Overbank Mudstone,Channel Sandstone,2945.2,1413.7,-2583.7,False
63.0,litholog3,litholog8,5,0,Overbank Mudstone,Channel Sandstone,3222.2,2100.9,-2443.1,False
63.0,litholog3,litholog9,5,2,Overbank Mudstone,Rippled Heterolithics,3596.6,3439.7,-1050.6,False
63.0,litholog4,litholog5,1,5,Planar Sandstone,Overbank Mudstone,420.0,412.3,-80.4,False
63.0,litholog4,litholog6,1,5,Planar Sandstone,Overbank Mudstone,1067.0,383.8,-995.6,False
63.0,litholog4,litholog7,1,0,Planar Sandstone,Channel Sandstone,1885.3,958.2,-1623.6,False
63.0,litholog4,litholog8,1,0,Planar Sandstone,Channel Sandstone,2215.1,1645.4,-1483.0,False
63.0,litholog4,litholog9,1,2,Planar Sandstone,Rippled Heterolithics,2985.5,2984.2,-90.5,False
63.0,litholog5,litholog6,5,5,Overbank Mudstone,Overbank Mudstone,915.7,-28.5,-915.2,True
63.0,litholog5,litholog7,5,0,Overbank Mudstone,Channel Sandstone,1636.9,545.9,-1543.2,False
63.0,litholog5,litholog8,5,0,Overbank Mudstone,Channel Sandstone,1867.6,1233.2,-1402.6,False
63.0,litholog5,litholog9,5,2,Overbank Mudstone,Rippled Heterolithics,2571.9,2571.9,-10.1,False
63.0,litholog6,litholog7,5,0,Overbank Mudstone,Channel Sandstone,851.0,574.4,-628.0,False
63.0,litholog6,litholog8,5,0,Overbank Mudstone,Channel Sandstone,1352.5,1261.6,-487.4,False
63.0,litholog6,litholog9,5,2,Overbank Mudstone,Rippled Heterolithics,2753.4,2600.4,905.2,False
63.0,litholog7,litholog8,0,0,Channel Sandstone,Channel Sandstone,701.5,687.3,140.6,True
63.0,litholog7,litholog9,0,2,Channel Sandstone,Rippled Heterolithics,2540.7,2026.0,1533.2,False
63.0,litholog8,litholog9,0,2,Channel Sandstone,Rippled Heterolithics,1931.7,1338.8,1392.5,False
64.0,litholog10,litholog11,5,4,Overbank Mudstone,Coal,1599.7,1173.5,1087.2,False
64.0,litholog10,litholog12,5,2,Overbank Mudstone,Rippled Heterolithics,3387.6,-650.5,3324.6,False
64.0,litholog10,litholog2,5,5,Overbank Mudstone,Overbank Mudstone,4474.4,-3588.3,2672.9,True
64.0,litholog10,litholog3,5,5,Overbank Mudstone,Overbank Mudstone,3827.4,-3107.6,2234.3,True
64.0,litholog10,litholog4,5,5,Overbank Mudstone,Overbank Mudstone,2942.3,-2652.1,1274.1,True
64.0,litholog10,litholog5,5,0,Overbank Mudstone,Channel Sandstone,2538.1,-2239.8,1193.8,False
64.0,litholog10,litholog6,5,5,Overbank Mudstone,Overbank Mudstone,2285.4,-2268.3,278.5,True
64.0,litholog10,litholog7,5,2,Overbank Mudstone,Rippled Heterolithics,1729.6,-1693.9,-349.5,False
64.0,litholog10,litholog8,5,0,Overbank Mudstone,Channel Sandstone,1028.1,-1006.7,-208.9,False
64.0,litholog10,litholog9,5,2,Overbank Mudstone,Rippled Heterolithics,1229.4,332.1,1183.7,False
64.0,litholog11,litholog12,4,2,Coal,Rippled Heterolithics,2886.7,-1824.0,2237.4,False
64.0,litholog11,litholog2,4,5,Coal,Overbank Mudstone,5018.8,-4761.8,1585.7,False
64.0,litholog11,litholog3,4,5,Coal,Overbank Mudstone,4432.1,-4281.1,1147.1,False
64.0,litholog11,litholog4,4,5,Coal,Overbank Mudstone,3830.2,-3825.6,186.9,False
64.0,litholog11,litholog5,4,0,Coal,Channel Sandstone,3415.0,-3413.3,106.6,False
64.0,litholog11,litholog6,4,5,Coal,Overbank Mudstone,3535.5,-3441.8,-808.7,False
64.0,litholog11,litholog7,4,2,Coal,Rippled Heterolithics,3207.2,-2867.4,-1436.7,False
64.0,litholog11,litholog8,4,0,Coal,Channel Sandstone,2536.3,-2180.2,-1296.1,False
64.0,litholog11,litholog9,4,2,Coal,Rippled Heterolithics,846.9,-841.4,96.5,False
64.0,litholog12,litholog2,2,5,Rippled Heterolithics,Overbank Mudstone,3009.2,-2937.8,-651.7,False
64.0,litholog12,litholog3,2,5,Rippled Heterolithics,Overbank Mudstone,2688.2,-2457.1,-1090.3,False
64.0,litholog12,litholog4,2,5,Rippled Heterolithics,Overbank Mudstone,2865.4,-2001.6,-2050.4,False
64.0,litholog12,litholog5,2,0,Rippled Heterolithics,Channel Sandstone,2658.3,-1589.4,-2130.8,False
64.0,litholog12,litholog6,2,5,Rippled Heterolithics,Overbank Mudstone,3449.0,-1617.8,-3046.1,False
64.0,litholog12,litholog7,2,2,Rippled Heterolithics,Rippled Heterolithics,3819.3,-1043.5,-3674.0,True
64.0,litholog12,litholog8,2,0,Rippled Heterolithics,Channel Sandstone,3551.3,-356.2,-3533.4,False
64.0,litholog12,litholog9,2,2,Rippled Heterolithics,Rippled Heterolithics,2355.6,982.6,-2140.9,True
64.0,litholog2,litholog3,5,5,Overbank Mudstone,Overbank Mudstone,650.7,480.6,-438.6,True
64.0,litholog2,litholog4,5,5,Overbank Mudstone,Overbank Mudstone,1683.1,936.2,-1398.7,True
64.0,litholog2,litholog5,5,0,Overbank Mudstone,Channel Sandstone,2001.5,1348.4,-1479.1,False
64.0,litholog2,litholog6,5,5,Overbank Mudstone,Overbank Mudstone,2734.1,1319.9,-2394.4,True
64.0,litholog2,litholog7,5,2,Overbank Mudstone,Rippled Heterolithics,3566.9,1894.3,-3022.4,False
64.0,litholog2,litholog8,5,0,Overbank Mudstone,Channel Sandstone,3869.0,2581.6,-2881.7,False
64.0,litholog2,litholog9,5,2,Overbank Mudstone,Rippled Heterolithics,4193.7,3920.3,-1489.2,False
64.0,litholog3,litholog4,5,5,Overbank Mudstone,Overbank Mudstone,1062.7,455.5,-960.1,True
64.0,litholog3,litholog5,5,0,Overbank Mudstone,Channel Sandstone,1354.9,867.8,-1040.5,False
64.0,litholog3,litholog6,5,5,Overbank Mudstone,Overbank Mudstone,2128.2,839.3,-1955.8,True
64.0,litholog3,litholog7,5,2,Overbank Mudstone,Rippled Heterolithics,2945.2,1413.7,-2583.7,False
64.0,litholog3,litholog8,5,0,Overbank Mudstone,Channel Sandstone,3222.2,2100.9,-2443.1,False
64.0,litholog3,litholog9,5,2,Overbank Mudstone,Rippled Heterolithics,3596.6,3439.7,-1050.6,False
64.0,litholog4,litholog5,5,0,Overbank Mudstone,Channel Sandstone,420.0,412.3,-80.4,False
64.0,litholog4,litholog6,5,5,Overbank Mudstone,Overbank Mudstone,1067.0,383.8,-995.6,True
64.0,litholog4,litholog7,5,2,Overbank Mudstone,Rippled Heterolithics,1885.3,958.2,-1623.6,False
64.0,litholog4,litholog8,5,0,Overbank Mudstone,Channel Sandstone,2215.1,1645.4,-1483.0,False
64.0,litholog4,litholog9,5,2,Overbank Mudstone,Rippled Heterolithics,2985.5,2984.2,-90.5,False
64.0,litholog5,litholog6,0,5,Channel Sandstone,Overbank Mudstone,915.7,-28.5,-915.2,False
64.0,litholog5,litholog7,0,2,Channel Sandstone,Rippled Heterolithics,1636.9,545.9,-1543.2,False
64.0,litholog5,litholog8,0,0,Channel Sandstone,Channel Sandstone,1867.6,1233.2,-1402.6,True
64.0,litholog5,litholog9,0,2,Channel Sandstone,Rippled Heterolithics,2571.9,2571.9,-10.1,False
64.0,litholog6,litholog7,5,2,Overbank Mudstone,Rippled Heterolithics,851.0,574.4,-628.0,False
64.0,litholog6,litholog8,5,0,Overbank Mudstone,Channel Sandstone,1352.5,1261.6,-487.4,False
64.0,litholog6,litholog9,5,2,Overbank Mudstone,Rippled Heterolithics,2753.4,2600.4,905.2,False
64.0,litholog7,litholog8,2,0,Rippled Heterolithics,Channel Sandstone,701.5,687.3,140.6,False
64.0,litholog7,litholog9,2,2,Rippled Heterolithics,Rippled Heterolithics,2540.7,2026.0,1533.2,True
64.0,litholog8,litholog9,0,2,Channel Sandstone,Rippled Heterolithics,1931.7,1338.8,1392.5,False
65.0,litholog10,litholog11,5,1,Overbank Mudstone,Planar Sandstone,1599.7,1173.5,1087.2,False
65.0,litholog10,litholog12,5,2,Overbank Mudstone,Rippled Heterolithics,3387.6,-650.5,3324.6,False
65.0,litholog10,litholog2,5,5,Overbank Mudstone,Overbank Mudstone,4474.4,-3588.3,2672.9,True
65.0,litholog10,litholog3,5,5,Overbank Mudstone,Overbank Mudstone,3827.4,-3107.6,2234.3,True
65.0,litholog10,litholog4,5,5,Overbank Mudstone,Overbank Mudstone,2942.3,-2652.1,1274.1,True
65.0,litholog10,litholog5,5,5,Overbank Mudstone,Overbank Mudstone,2538.1,-2239.8,1193.8,True
65.0,litholog10,litholog6,5,5,Overbank Mudstone,Overbank Mudstone,2285.4,-2268.3,278.5,True
65.0,litholog10,litholog7,5,2,Overbank Mudstone,Rippled Heterolithics,1729.6,-1693.9,-349.5,False
65.0,litholog10,litholog8,5,0,Overbank Mudstone,Channel Sandstone,1028.1,-1006.7,-208.9,False
65.0,litholog10,litholog9,5,2,Overbank Mudstone,Rippled Heterolithics,1229.4,332.1,1183.7,False
65.0,litholog11,litholog12,1,2,Planar Sandstone,Rippled Heterolithics,2886.7,-1824.0,2237.4,False
65.0,litholog11,litholog2,1,5,Planar Sandstone,Overbank Mudstone,5018.8,-4761.8,1585.7,False
65.0,litholog11,litholog3,1,5,Planar Sandstone,Overbank Mudstone,4432.1,-4281.1,1147.1,False
65.0,litholog11,litholog4,1,5,Planar Sandstone,Overbank Mudstone,3830.2,-3825.6,186.9,False
65.0,litholog11,litholog5,1,5,Planar Sandstone,Overbank Mudstone,3415.0,-3413.3,106.6,False
65.0,litholog11,litholog6,1,5,Planar Sandstone,Overbank Mudstone,3535.5,-3441.8,-808.7,False
65.0,litholog11,litholog7,1,2,Planar Sandstone,Rippled Heterolithics,3207.2,-2867.4,-1436.7,False
65.0,litholog11,litholog8,1,0,Planar Sandstone,Channel Sandstone,2536.3,-2180.2,-1296.1,False
65.0,litholog11,litholog9,1,2,Planar Sandstone,Rippled Heterolithics,846.9,-841.4,96.5,False
65.0,litholog12,litholog2,2,5,Rippled Heterolithics,Overbank Mudstone,3009.2,-2937.8,-651.7,False
65.0,litholog12,litholog3,2,5,Rippled Heterolithics,Overbank Mudstone,2688.2,-2457.1,-1090.3,False
65.0,litholog12,litholog4,2,5,Rippled Heterolithics,Overbank Mudstone,2865.4,-2001.6,-2050.4,False
65.0,litholog12,litholog5,2,5,Rippled Heterolithics,Overbank Mudstone,2658.3,-1589.4,-2130.8,False
65.0,litholog12,litholog6,2,5,Rippled Heterolithics,Overbank Mudstone,3449.0,-1617.8,-3046.1,False
65.0,litholog12,litholog7,2,2,Rippled Heterolithics,Rippled Heterolithics,3819.3,-1043.5,-3674.0,True
65.0,litholog12,litholog8,2,0,Rippled Heterolithics,Channel Sandstone,3551.3,-356.2,-3533.4,False
65.0,litholog12,litholog9,2,2,Rippled Heterolithics,Rippled Heterolithics,2355.6,982.6,-2140.9,True
65.0,litholog2,litholog3,5,5,Overbank Mudstone,Overbank Mudstone,650.7,480.6,-438.6,True
65.0,litholog2,litholog4,5,5,Overbank Mudstone,Overbank Mudstone,1683.1,936.2,-1398.7,True
65.0,litholog2,litholog5,5,5,Overbank Mudstone,Overbank Mudstone,2001.5,1348.4,-1479.1,True
65.0,litholog2,litholog6,5,5,Overbank Mudstone,Overbank Mudstone,2734.1,1319.9,-2394.4,True
65.0,litholog2,litholog7,5,2,Overbank Mudstone,Rippled Heterolithics,3566.9,1894.3,-3022.4,False
65.0,litholog2,litholog8,5,0,Overbank Mudstone,Channel Sandstone,3869.0,2581.6,-2881.7,False
65.0,litholog2,litholog9,5,2,Overbank Mudstone,Rippled Heterolithics,4193.7,3920.3,-1489.2,False
65.0,litholog3,litholog4,5,5,Overbank Mudstone,Overbank Mudstone,1062.7,455.5,-960.1,True
65.0,litholog3,litholog5,5,5,Overbank Mudstone,Overbank Mudstone,1354.9,867.8,-1040.5,True
65.0,litholog3,litholog6,5,5,Overbank Mudstone,Overbank Mudstone,2128.2,839.3,-1955.8,True
65.0,litholog3,litholog7,5,2,Overbank Mudstone,Rippled Heterolithics,2945.2,1413.7,-2583.7,False
65.0,litholog3,litholog8,5,0,Overbank Mudstone,Channel Sandstone,3222.2,2100.9,-2443.1,False
65.0,litholog3,litholog9,5,2,Overbank Mudstone,Rippled Heterolithics,3596.6,3439.7,-1050.6,False
65.0,litholog4,litholog5,5,5,Overbank Mudstone,Overbank Mudstone,420.0,412.3,-80.4,True
65.0,litholog4,litholog6,5,5,Overbank Mudstone,Overbank Mudstone,1067.0,383.8,-995.6,True
65.0,litholog4,litholog7,5,2,Overbank Mudstone,Rippled Heterolithics,1885.3,958.2,-1623.6,False
65.0,litholog4,litholog8,5,0,Overbank Mudstone,Channel Sandstone,2215.1,1645.4,-1483.0,False
65.0,litholog4,litholog9,5,2,Overbank Mudstone,Rippled Heterolithics,2985.5,2984.2,-90.5,False
65.0,litholog5,litholog6,5,5,Overbank Mudstone,Overbank Mudstone,915.7,-28.5,-915.2,True
65.0,litholog5,litholog7,5,2,Overbank Mudstone,Rippled Heterolithics,1636.9,545.9,-1543.2,False
65.0,litholog5,litholog8,5,0,Overbank Mudstone,Channel Sandstone,1867.6,1233.2,-1402.6,False
65.0,litholog5,litholog9,5,2,Overbank Mudstone,Rippled Heterolithics,2571.9,2571.9,-10.1,False
65.0,litholog6,litholog7,5,2,Overbank Mudstone,Rippled Heterolithics,851.0,574.4,-628.0,False
65.0,litholog6,litholog8,5,0,Overbank Mudstone,Channel Sandstone,1352.5,1261.6,-487.4,False
65.0,litholog6,litholog9,5,2,Overbank Mudstone,Rippled Heterolithics,2753.4,2600.4,905.2,False
65.0,litholog7,litholog8,2,0,Rippled Heterolithics,Channel Sandstone,701.5,687.3,140.6,False
65.0,litholog7,litholog9,2,2,Rippled Heterolithics,Rippled Heterolithics,2540.7,2026.0,1533.2,True
65.0,litholog8,litholog9,0,2,Channel Sandstone,Rippled Heterolithics,1931.7,1338.8,1392.5,False
66.0,litholog10,litholog11,5,5,Overbank Mudstone,Overbank Mudstone,1599.7,1173.5,1087.2,True
66.0,litholog10,litholog12,5,0,Overbank Mudstone,Channel Sandstone,3387.6,-650.5,3324.6,False
66.0,litholog10,litholog2,5,5,Overbank Mudstone,Overbank Mudstone,4474.4,-3588.3,2672.9,True
66.0,litholog10,litholog3,5,5,Overbank Mudstone,Overbank Mudstone,3827.4,-3107.6,2234.3,True
66.0,litholog10,litholog4,5,5,Overbank Mudstone,Overbank Mudstone,2942.3,-2652.1,1274.1,True
66.0,litholog10,litholog5,5,5,Overbank Mudstone,Overbank Mudstone,2538.1,-2239.8,1193.8,True
66.0,litholog10,litholog6,5,5,Overbank Mudstone,Overbank Mudstone,2285.4,-2268.3,278.5,True
66.0,litholog10,litholog7,5,2,Overbank Mudstone,Rippled Heterolithics,1729.6,-1693.9,-349.5,False
66.0,litholog10,litholog8,5,0,Overbank Mudstone,Channel Sandstone,1028.1,-1006.7,-208.9,False
66.0,litholog10,litholog9,5,2,Overbank Mudstone,Rippled Heterolithics,1229.4,332.1,1183.7,False
66.0,litholog11,litholog12,5,0,Overbank Mudstone,Channel Sandstone,2886.7,-1824.0,2237.4,False
66.0,litholog11,litholog2,5,5,Overbank Mudstone,Overbank Mudstone,5018.8,-4761.8,1585.7,True
66.0,litholog11,litholog3,5,5,Overbank Mudstone,Overbank Mudstone,4432.1,-4281.1,1147.1,True
66.0,litholog11,litholog4,5,5,Overbank Mudstone,Overbank Mudstone,3830.2,-3825.6,186.9,True
66.0,litholog11,litholog5,5,5,Overbank Mudstone,Overbank Mudstone,3415.0,-3413.3,106.6,True
66.0,litholog11,litholog6,5,5,Overbank Mudstone,Overbank Mudstone,3535.5,-3441.8,-808.7,True
66.0,litholog11,litholog7,5,2,Overbank Mudstone,Rippled Heterolithics,3207.2,-2867.4,-1436.7,False
66.0,litholog11,litholog8,5,0,Overbank Mudstone,Channel Sandstone,2536.3,-2180.2,-1296.1,False
66.0,litholog11,litholog9,5,2,Overbank Mudstone,Rippled Heterolithics,846.9,-841.4,96.5,False
66.0,litholog12,litholog2,0,5,Channel Sandstone,Overbank Mudstone,3009.2,-2937.8,-651.7,False
66.0,litholog12,litholog3,0,5,Channel Sandstone,Overbank Mudstone,2688.2,-2457.1,-1090.3,False
66.0,litholog12,litholog4,0,5,Channel Sandstone,Overbank Mudstone,2865.4,-2001.6,-2050.4,False
66.0,litholog12,litholog5,0,5,Channel Sandstone,Overbank Mudstone,2658.3,-1589.4,-2130.8,False
66.0,litholog12,litholog6,0,5,Channel Sandstone,Overbank Mudstone,3449.0,-1617.8,-3046.1,False
66.0,litholog12,litholog7,0,2,Channel Sandstone,Rippled Heterolithics,3819.3,-1043.5,-3674.0,False
66.0,litholog12,litholog8,0,0,Channel Sandstone,Channel Sandstone,3551.3,-356.2,-3533.4,True
66.0,litholog12,litholog9,0,2,Channel Sandstone,Rippled Heterolithics,2355.6,982.6,-2140.9,False
66.0,litholog2,litholog3,5,5,Overbank Mudstone,Overbank Mudstone,650.7,480.6,-438.6,True
66.0,litholog2,litholog4,5,5,Overbank Mudstone,Overbank Mudstone,1683.1,936.2,-1398.7,True
66.0,litholog2,litholog5,5,5,Overbank Mudstone,Overbank Mudstone,2001.5,1348.4,-1479.1,True
66.0,litholog2,litholog6,5,5,Overbank Mudstone,Overbank Mudstone,2734.1,1319.9,-2394.4,True
66.0,litholog2,litholog7,5,2,Overbank Mudstone,Rippled Heterolithics,3566.9,1894.3,-3022.4,False
66.0,litholog2,litholog8,5,0,Overbank Mudstone,Channel Sandstone,3869.0,2581.6,-2881.7,False
66.0,litholog2,litholog9,5,2,Overbank Mudstone,Rippled Heterolithics,4193.7,3920.3,-1489.2,False
66.0,litholog3,litholog4,5,5,Overbank Mudstone,Overbank Mudstone,1062.7,455.5,-960.1,True
66.0,litholog3,litholog5,5,5,Overbank Mudstone,Overbank Mudstone,1354.9,867.8,-1040.5,True
66.0,litholog3,litholog6,5,5,Overbank Mudstone,Overbank Mudstone,2128.2,839.3,-1955.8,True
66.0,litholog3,litholog7,5,2,Overbank Mudstone,Rippled Heterolithics,2945.2,1413.7,-2583.7,False
66.0,litholog3,litholog8,5,0,Overbank Mudstone,Channel Sandstone,3222.2,2100.9,-2443.1,False
66.0,litholog3,litholog9,5,2,Overbank Mudstone,Rippled Heterolithics,3596.6,3439.7,-1050.6,False
66.0,litholog4,litholog5,5,5,Overbank Mudstone,Overbank Mudstone,420.0,412.3,-80.4,True
66.0,litholog4,litholog6,5,5,Overbank Mudstone,Overbank Mudstone,1067.0,383.8,-995.6,True
66.0,litholog4,litholog7,5,2,Overbank Mudstone,Rippled Heterolithics,1885.3,958.2,-1623.6,False
66.0,litholog4,litholog8,5,0,Overbank Mudstone,Channel Sandstone,2215.1,1645.4,-1483.0,False
66.0,litholog4,litholog9,5,2,Overbank Mudstone,Rippled Heterolithics,2985.5,2984.2,-90.5,False
66.0,litholog5,litholog6,5,5,Overbank Mudstone,Overbank Mudstone,915.7,-28.5,-915.2,True
66.0,litholog5,litholog7,5,2,Overbank Mudstone,Rippled Heterolithics,1636.9,545.9,-1543.2,False
66.0,litholog5,litholog8,5,0,Overbank Mudstone,Channel Sandstone,1867.6,1233.2,-1402.6,False
66.0,litholog5,litholog9,5,2,Overbank Mudstone,Rippled Heterolithics,2571.9,2571.9,-10.1,False
66.0,litholog6,litholog7,5,2,Overbank Mudstone,Rippled Heterolithics,851.0,574.4,-628.0,False
66.0,litholog6,litholog8,5,0,Overbank Mudstone,Channel Sandstone,1352.5,1261.6,-487.4,False
66.0,litholog6,litholog9,5,2,Overbank Mudstone,Rippled Heterolithics,2753.4,2600.4,905.2,False
66.0,litholog7,litholog8,2,0,Rippled Heterolithics,Channel Sandstone,701.5,687.3,140.6,False
66.0,litholog7,litholog9,2,2,Rippled Heterolithics,Rippled Heterolithics,2540.7,2026.0,1533.2,True
66.0,litholog8,litholog9,0,2,Channel Sandstone,Rippled Heterolithics,1931.7,1338.8,1392.5,False
67.0,litholog10,litholog11,5,0,Overbank Mudstone,Channel Sandstone,1599.7,1173.5,1087.2,False
67.0,litholog10,litholog12,5,0,Overbank Mudstone,Channel Sandstone,3387.6,-650.5,3324.6,False
67.0,litholog10,litholog2,5,5,Overbank Mudstone,Overbank Mudstone,4474.4,-3588.3,2672.9,True
67.0,litholog10,litholog3,5,5,Overbank Mudstone,Overbank Mudstone,3827.4,-3107.6,2234.3,True
67.0,litholog10,litholog4,5,5,Overbank Mudstone,Overbank Mudstone,2942.3,-2652.1,1274.1,True
67.0,litholog10,litholog5,5,5,Overbank Mudstone,Overbank Mudstone,2538.1,-2239.8,1193.8,True
67.0,litholog10,litholog6,5,5,Overbank Mudstone,Overbank Mudstone,2285.4,-2268.3,278.5,True
67.0,litholog10,litholog7,5,2,Overbank Mudstone,Rippled Heterolithics,1729.6,-1693.9,-349.5,False
67.0,litholog10,litholog8,5,0,Overbank Mudstone,Channel Sandstone,1028.1,-1006.7,-208.9,False
67.0,litholog10,litholog9,5,5,Overbank Mudstone,Overbank Mudstone,1229.4,332.1,1183.7,True
67.0,litholog11,litholog12,0,0,Channel Sandstone,Channel Sandstone,2886.7,-1824.0,2237.4,True
67.0,litholog11,litholog2,0,5,Channel Sandstone,Overbank Mudstone,5018.8,-4761.8,1585.7,False
67.0,litholog11,litholog3,0,5,Channel Sandstone,Overbank Mudstone,4432.1,-4281.1,1147.1,False
67.0,litholog11,litholog4,0,5,Channel Sandstone,Overbank Mudstone,3830.2,-3825.6,186.9,False
67.0,litholog11,litholog5,0,5,Channel Sandstone,Overbank Mudstone,3415.0,-3413.3,106.6,False
67.0,litholog11,litholog6,0,5,Channel Sandstone,Overbank Mudstone,3535.5,-3441.8,-808.7,False
67.0,litholog11,litholog7,0,2,Channel Sandstone,Rippled Heterolithics,3207.2,-2867.4,-1436.7,False
67.0,litholog11,litholog8,0,0,Channel Sandstone,Channel Sandstone,2536.3,-2180.2,-1296.1,True
67.0,litholog11,litholog9,0,5,Channel Sandstone,Overbank Mudstone,846.9,-841.4,96.5,False
67.0,litholog12,litholog2,0,5,Channel Sandstone,Overbank Mudstone,3009.2,-2937.8,-651.7,False
67.0,litholog12,litholog3,0,5,Channel Sandstone,Overbank Mudstone,2688.2,-2457.1,-1090.3,False
67.0,litholog12,litholog4,0,5,Channel Sandstone,Overbank Mudstone,2865.4,-2001.6,-2050.4,False
67.0,litholog12,litholog5,0,5,Channel Sandstone,Overbank Mudstone,2658.3,-1589.4,-2130.8,False
67.0,litholog12,litholog6,0,5,Channel Sandstone,Overbank Mudstone,3449.0,-1617.8,-3046.1,False
67.0,litholog12,litholog7,0,2,Channel Sandstone,Rippled Heterolithics,3819.3,-1043.5,-3674.0,False
67.0,litholog12,litholog8,0,0,Channel Sandstone,Channel Sandstone,3551.3,-356.2,-3533.4,True
67.0,litholog12,litholog9,0,5,Channel Sandstone,Overbank Mudstone,2355.6,982.6,-2140.9,False
67.0,litholog2,litholog3,5,5,Overbank Mudstone,Overbank Mudstone,650.7,480.6,-438.6,True
67.0,litholog2,litholog4,5,5,Overbank Mudstone,Overbank Mudstone,1683.1,936.2,-1398.7,True
67.0,litholog2,litholog5,5,5,Overbank Mudstone,Overbank Mudstone,2001.5,1348.4,-1479.1,True
67.0,litholog2,litholog6,5,5,Overbank Mudstone,Overbank Mudstone,2734.1,1319.9,-2394.4,True
67.0,litholog2,litholog7,5,2,Overbank Mudstone,Rippled Heterolithics,3566.9,1894.3,-3022.4,False
67.0,litholog2,litholog8,5,0,Overbank Mudstone,Channel Sandstone,3869.0,2581.6,-2881.7,False
67.0,litholog2,litholog9,5,5,Overbank Mudstone,Overbank Mudstone,4193.7,3920.3,-1489.2,True
67.0,litholog3,litholog4,5,5,Overbank Mudstone,Overbank Mudstone,1062.7,455.5,-960.1,True
67.0,litholog3,litholog5,5,5,Overbank Mudstone,Overbank Mudstone,1354.9,867.8,-1040.5,True
67.0,litholog3,litholog6,5,5,Overbank Mudstone,Overbank Mudstone,2128.2,839.3,-1955.8,True
67.0,litholog3,litholog7,5,2,Overbank Mudstone,Rippled Heterolithics,2945.2,1413.7,-2583.7,False
67.0,litholog3,litholog8,5,0,Overbank Mudstone,Channel Sandstone,3222.2,2100.9,-2443.1,False
67.0,litholog3,litholog9,5,5,Overbank Mudstone,Overbank Mudstone,3596.6,3439.7,-1050.6,True
67.0,litholog4,litholog5,5,5,Overbank Mudstone,Overbank Mudstone,420.0,412.3,-80.4,True
67.0,litholog4,litholog6,5,5,Overbank Mudstone,Overbank Mudstone,1067.0,383.8,-995.6,True
67.0,litholog4,litholog7,5,2,Overbank Mudstone,Rippled Heterolithics,1885.3,958.2,-1623.6,False
67.0,litholog4,litholog8,5,0,Overbank Mudstone,Channel Sandstone,2215.1,1645.4,-1483.0,False
67.0,litholog4,litholog9,5,5,Overbank Mudstone,Overbank Mudstone,2985.5,2984.2,-90.5,True
67.0,litholog5,litholog6,5,5,Overbank Mudstone,Overbank Mudstone,915.7,-28.5,-915.2,True
67.0,litholog5,litholog7,5,2,Overbank Mudstone,Rippled Heterolithics,1636.9,545.9,-1543.2,False
67.0,litholog5,litholog8,5,0,Overbank Mudstone,Channel Sandstone,1867.6,1233.2,-1402.6,False
67.0,litholog5,litholog9,5,5,Overbank Mudstone,Overbank Mudstone,2571.9,2571.9,-10.1,True
67.0,litholog6,litholog7,5,2,Overbank Mudstone,Rippled Heterolithics,851.0,574.4,-628.0,False
67.0,litholog6,litholog8,5,0,Overbank Mudstone,Channel Sandstone,1352.5,1261.6,-487.4,False
67.0,litholog6,litholog9,5,5,Overbank Mudstone,Overbank Mudstone,2753.4,2600.4,905.2,True
67.0,litholog7,litholog8,2,0,Rippled Heterolithics,Channel Sandstone,701.5,687.3,140.6,False
67.0,litholog7,litholog9,2,5,Rippled Heterolithics,Overbank Mudstone,2540.7,2026.0,1533.2,False
67.0,litholog8,litholog9,0,5,Channel Sandstone,Overbank Mudstone,1931.7,1338.8,1392.5,False
68.0,litholog10,litholog11,0,0,Channel Sandstone,Channel Sandstone,1599.7,1173.5,1087.2,True
68.0,litholog10,litholog12,0,0,Channel Sandstone,Channel Sandstone,3387.6,-650.5,3324.6,True
68.0,litholog10,litholog2,0,5,Channel Sandstone,Overbank Mudstone,4474.4,-3588.3,2672.9,False
68.0,litholog10,litholog3,0,5,Channel Sandstone,Overbank Mudstone,3827.4,-3107.6,2234.3,False
68.0,litholog10,litholog4,0,5,Channel Sandstone,Overbank Mudstone,2942.3,-2652.1,1274.1,False
68.0,litholog10,litholog5,0,5,Channel Sandstone,Overbank Mudstone,2538.1,-2239.8,1193.8,False
68.0,litholog10,litholog6,0,5,Channel Sandstone,Overbank Mudstone,2285.4,-2268.3,278.5,False
68.0,litholog10,litholog7,0,5,Channel Sandstone,Overbank Mudstone,1729.6,-1693.9,-349.5,False
68.0,litholog10,litholog8,0,0,Channel Sandstone,Channel Sandstone,1028.1,-1006.7,-208.9,True
68.0,litholog10,litholog9,0,5,Channel Sandstone,Overbank Mudstone,1229.4,332.1,1183.7,False
68.0,litholog11,litholog12,0,0,Channel Sandstone,Channel Sandstone,2886.7,-1824.0,2237.4,True
68.0,litholog11,litholog2,0,5,Channel Sandstone,Overbank Mudstone,5018.8,-4761.8,1585.7,False
68.0,litholog11,litholog3,0,5,Channel Sandstone,Overbank Mudstone,4432.1,-4281.1,1147.1,False
68.0,litholog11,litholog4,0,5,Channel Sandstone,Overbank Mudstone,3830.2,-3825.6,186.9,False
68.0,litholog11,litholog5,0,5,Channel Sandstone,Overbank Mudstone,3415.0,-3413.3,106.6,False
68.0,litholog11,litholog6,0,5,Channel Sandstone,Overbank Mudstone,3535.5,-3441.8,-808.7,False
68.0,litholog11,litholog7,0,5,Channel Sandstone,Overbank Mudstone,3207.2,-2867.4,-1436.7,False
68.0,litholog11,litholog8,0,0,Channel Sandstone,Channel Sandstone,2536.3,-2180.2,-1296.1,True
68.0,litholog11,litholog9,0,5,Channel Sandstone,Overbank Mudstone,846.9,-841.4,96.5,False
68.0,litholog12,litholog2,0,5,Channel Sandstone,Overbank Mudstone,3009.2,-2937.8,-651.7,False
68.0,litholog12,litholog3,0,5,Channel Sandstone,Overbank Mudstone,2688.2,-2457.1,-1090.3,False
68.0,litholog12,litholog4,0,5,Channel Sandstone,Overbank Mudstone,2865.4,-2001.6,-2050.4,False
68.0,litholog12,litholog5,0,5,Channel Sandstone,Overbank Mudstone,2658.3,-1589.4,-2130.8,False
68.0,litholog12,litholog6,0,5,Channel Sandstone,Overbank Mudstone,3449.0,-1617.8,-3046.1,False
68.0,litholog12,litholog7,0,5,Channel Sandstone,Overbank Mudstone,3819.3,-1043.5,-3674.0,False
68.0,litholog12,litholog8,0,0,Channel Sandstone,Channel Sandstone,3551.3,-356.2,-3533.4,True
68.0,litholog12,litholog9,0,5,Channel Sandstone,Overbank Mudstone,2355.6,982.6,-2140.9,False
68.0,litholog2,litholog3,5,5,Overbank Mudstone,Overbank Mudstone,650.7,480.6,-438.6,True
68.0,litholog2,litholog4,5,5,Overbank Mudstone,Overbank Mudstone,1683.1,936.2,-1398.7,True
68.0,litholog2,litholog5,5,5,Overbank Mudstone,Overbank Mudstone,2001.5,1348.4,-1479.1,True
68.0,litholog2,litholog6,5,5,Overbank Mudstone,Overbank Mudstone,2734.1,1319.9,-2394.4,True
68.0,litholog2,litholog7,5,5,Overbank Mudstone,Overbank Mudstone,3566.9,1894.3,-3022.4,True
68.0,litholog2,litholog8,5,0,Overbank Mudstone,Channel Sandstone,3869.0,2581.6,-2881.7,False
68.0,litholog2,litholog9,5,5,Overbank Mudstone,Overbank Mudstone,4193.7,3920.3,-1489.2,True
68.0,litholog3,litholog4,5,5,Overbank Mudstone,Overbank Mudstone,1062.7,455.5,-960.1,True
68.0,litholog3,litholog5,5,5,Overbank Mudstone,Overbank Mudstone,1354.9,867.8,-1040.5,True
68.0,litholog3,litholog6,5,5,Overbank Mudstone,Overbank Mudstone,2128.2,839.3,-1955.8,True
68.0,litholog3,litholog7,5,5,Overbank Mudstone,Overbank Mudstone,2945.2,1413.7,-2583.7,True
68.0,litholog3,litholog8,5,0,Overbank Mudstone,Channel Sandstone,3222.2,2100.9,-2443.1,False
68.0,litholog3,litholog9,5,5,Overbank Mudstone,Overbank Mudstone,3596.6,3439.7,-1050.6,True
68.0,litholog4,litholog5,5,5,Overbank Mudstone,Overbank Mudstone,420.0,412.3,-80.4,True
68.0,litholog4,litholog6,5,5,Overbank Mudstone,Overbank Mudstone,1067.0,383.8,-995.6,True
68.0,litholog4,litholog7,5,5,Overbank Mudstone,Overbank Mudstone,1885.3,958.2,-1623.6,True
68.0,litholog4,litholog8,5,0,Overbank Mudstone,Channel Sandstone,2215.1,1645.4,-1483.0,False
68.0,litholog4,litholog9,5,5,Overbank Mudstone,Overbank Mudstone,2985.5,2984.2,-90.5,True
68.0,litholog5,litholog6,5,5,Overbank Mudstone,Overbank Mudstone,915.7,-28.5,-915.2,True
68.0,litholog5,litholog7,5,5,Overbank Mudstone,Overbank Mudstone,1636.9,545.9,-1543.2,True
68.0,litholog5,litholog8,5,0,Overbank Mudstone,Channel Sandstone,1867.6,1233.2,-1402.6,False
68.0,litholog5,litholog9,5,5,Overbank Mudstone,Overbank Mudstone,2571.9,2571.9,-10.1,True
68.0,litholog6,litholog7,5,5,Overbank Mudstone,Overbank Mudstone,851.0,574.4,-628.0,True
68.0,litholog6,litholog8,5,0,Overbank Mudstone,Channel Sandstone,1352.5,1261.6,-487.4,False
68.0,litholog6,litholog9,5,5,Overbank Mudstone,Overbank Mudstone,2753.4,2600.4,905.2,True
68.0,litholog7,litholog8,5,0,Overbank Mudstone,Channel Sandstone,701.5,687.3,140.6,False
68.0,litholog7,litholog9,5,5,Overbank Mudstone,Overbank Mudstone,2540.7,2026.0,1533.2,True
68.0,litholog8,litholog9,0,5,Channel Sandstone,Overbank Mudstone,1931.7,1338.8,1392.5,False
69.0,litholog10,litholog11,0,3,Channel Sandstone,Carbonaceous Mudstone,1599.7,1173.5,1087.2,False
69.0,litholog10,litholog12,0,0,Channel Sandstone,Channel Sandstone,3387.6,-650.5,3324.6,True
69.0,litholog10,litholog2,0,5,Channel Sandstone,Overbank Mudstone,4474.4,-3588.3,2672.9,False
69.0,litholog10,litholog3,0,5,Channel Sandstone,Overbank Mudstone,3827.4,-3107.6,2234.3,False
69.0,litholog10,litholog4,0,5,Channel Sandstone,Overbank Mudstone,2942.3,-2652.1,1274.1,False
69.0,litholog10,litholog5,0,0,Channel Sandstone,Channel Sandstone,2538.1,-2239.8,1193.8,True
69.0,litholog10,litholog6,0,1,Channel Sandstone,Planar Sandstone,2285.4,-2268.3,278.5,False
69.0,litholog10,litholog7,0,5,Channel Sandstone,Overbank Mudstone,1729.6,-1693.9,-349.5,False
69.0,litholog10,litholog8,0,3,Channel Sandstone,Carbonaceous Mudstone,1028.1,-1006.7,-208.9,False
69.0,litholog10,litholog9,0,5,Channel Sandstone,Overbank Mudstone,1229.4,332.1,1183.7,False
69.0,litholog11,litholog12,3,0,Carbonaceous Mudstone,Channel Sandstone,2886.7,-1824.0,2237.4,False
69.0,litholog11,litholog2,3,5,Carbonaceous Mudstone,Overbank Mudstone,5018.8,-4761.8,1585.7,False
69.0,litholog11,litholog3,3,5,Carbonaceous Mudstone,Overbank Mudstone,4432.1,-4281.1,1147.1,False
69.0,litholog11,litholog4,3,5,Carbonaceous Mudstone,Overbank Mudstone,3830.2,-3825.6,186.9,False
69.0,litholog11,litholog5,3,0,Carbonaceous Mudstone,Channel Sandstone,3415.0,-3413.3,106.6,False
69.0,litholog11,litholog6,3,1,Carbonaceous Mudstone,Planar Sandstone,3535.5,-3441.8,-808.7,False
69.0,litholog11,litholog7,3,5,Carbonaceous Mudstone,Overbank Mudstone,3207.2,-2867.4,-1436.7,False
69.0,litholog11,litholog8,3,3,Carbonaceous Mudstone,Carbonaceous Mudstone,2536.3,-2180.2,-1296.1,True
69.0,litholog11,litholog9,3,5,Carbonaceous Mudstone,Overbank Mudstone,846.9,-841.4,96.5,False
69.0,litholog12,litholog2,0,5,Channel Sandstone,Overbank Mudstone,3009.2,-2937.8,-651.7,False
69.0,litholog12,litholog3,0,5,Channel Sandstone,Overbank Mudstone,2688.2,-2457.1,-1090.3,False
69.0,litholog12,litholog4,0,5,Channel Sandstone,Overbank Mudstone,2865.4,-2001.6,-2050.4,False
69.0,litholog12,litholog5,0,0,Channel Sandstone,Channel Sandstone,2658.3,-1589.4,-2130.8,True
69.0,litholog12,litholog6,0,1,Channel Sandstone,Planar Sandstone,3449.0,-1617.8,-3046.1,False
69.0,litholog12,litholog7,0,5,Channel Sandstone,Overbank Mudstone,3819.3,-1043.5,-3674.0,False
69.0,litholog12,litholog8,0,3,Channel Sandstone,Carbonaceous Mudstone,3551.3,-356.2,-3533.4,False
69.0,litholog12,litholog9,0,5,Channel Sandstone,Overbank Mudstone,2355.6,982.6,-2140.9,False
69.0,litholog2,litholog3,5,5,Overbank Mudstone,Overbank Mudstone,650.7,480.6,-438.6,True
69.0,litholog2,litholog4,5,5,Overbank Mudstone,Overbank Mudstone,1683.1,936.2,-1398.7,True
69.0,litholog2,litholog5,5,0,Overbank Mudstone,Channel Sandstone,2001.5,1348.4,-1479.1,False
69.0,litholog2,litholog6,5,1,Overbank Mudstone,Planar Sandstone,2734.1,1319.9,-2394.4,False
69.0,litholog2,litholog7,5,5,Overbank Mudstone,Overbank Mudstone,3566.9,1894.3,-3022.4,True
69.0,litholog2,litholog8,5,3,Overbank Mudstone,Carbonaceous Mudstone,3869.0,2581.6,-2881.7,False
69.0,litholog2,litholog9,5,5,Overbank Mudstone,Overbank Mudstone,4193.7,3920.3,-1489.2,True
69.0,litholog3,litholog4,5,5,Overbank Mudstone,Overbank Mudstone,1062.7,455.5,-960.1,True
69.0,litholog3,litholog5,5,0,Overbank Mudstone,Channel Sandstone,1354.9,867.8,-1040.5,False
69.0,litholog3,litholog6,5,1,Overbank Mudstone,Planar Sandstone,2128.2,839.3,-1955.8,False
69.0,litholog3,litholog7,5,5,Overbank Mudstone,Overbank Mudstone,2945.2,1413.7,-2583.7,True
69.0,litholog3,litholog8,5,3,Overbank Mudstone,Carbonaceous Mudstone,3222.2,2100.9,-2443.1,False
69.0,litholog3,litholog9,5,5,Overbank Mudstone,Overbank Mudstone,3596.6,3439.7,-1050.6,True
69.0,litholog4,litholog5,5,0,Overbank Mudstone,Channel Sandstone,420.0,412.3,-80.4,False
69.0,litholog4,litholog6,5,1,Overbank Mudstone,Planar Sandstone,1067.0,383.8,-995.6,False
69.0,litholog4,litholog7,5,5,Overbank Mudstone,Overbank Mudstone,1885.3,958.2,-1623.6,True
69.0,litholog4,litholog8,5,3,Overbank Mudstone,Carbonaceous Mudstone,2215.1,1645.4,-1483.0,False
69.0,litholog4,litholog9,5,5,Overbank Mudstone,Overbank Mudstone,2985.5,2984.2,-90.5,True
69.0,litholog5,litholog6,0,1,Channel Sandstone,Planar Sandstone,915.7,-28.5,-915.2,False
69.0,litholog5,litholog7,0,5,Channel Sandstone,Overbank Mudstone,1636.9,545.9,-1543.2,False
69.0,litholog5,litholog8,0,3,Channel Sandstone,Carbonaceous Mudstone,1867.6,1233.2,-1402.6,False
69.0,litholog5,litholog9,0,5,Channel Sandstone,Overbank Mudstone,2571.9,2571.9,-10.1,False
69.0,litholog6,litholog7,1,5,Planar Sandstone,Overbank Mudstone,851.0,574.4,-628.0,False
69.0,litholog6,litholog8,1,3,Planar Sandstone,Carbonaceous Mudstone,1352.5,1261.6,-487.4,False
69.0,litholog6,litholog9,1,5,Planar Sandstone,Overbank Mudstone,2753.4,2600.4,905.2,False
69.0,litholog7,litholog8,5,3,Overbank Mudstone,Carbonaceous Mudstone,701.5,687.3,140.6,False
69.0,litholog7,litholog9,5,5,Overbank Mudstone,Overbank Mudstone,2540.7,2026.0,1533.2,True
69.0,litholog8,litholog9,3,5,Carbonaceous Mudstone,Overbank Mudstone,1931.7,1338.8,1392.5,False
70.0,litholog10,litholog11,0,2,Channel Sandstone,Rippled Heterolithics,1599.7,1173.5,1087.2,False
70.0,litholog10,litholog12,0,0,Channel Sandstone,Channel Sandstone,3387.6,-650.5,3324.6,True
70.0,litholog10,litholog2,0,5,Channel Sandstone,Overbank Mudstone,4474.4,-3588.3,2672.9,False
70.0,litholog10,litholog3,0,0,Channel Sandstone,Channel Sandstone,3827.4,-3107.6,2234.3,True
70.0,litholog10,litholog4,0,5,Channel Sandstone,Overbank Mudstone,2942.3,-2652.1,1274.1,False
70.0,litholog10,litholog5,0,0,Channel Sandstone,Channel Sandstone,2538.1,-2239.8,1193.8,True
70.0,litholog10,litholog6,0,5,Channel Sandstone,Overbank Mudstone,2285.4,-2268.3,278.5,False
70.0,litholog10,litholog7,0,5,Channel Sandstone,Overbank Mudstone,1729.6,-1693.9,-349.5,False
70.0,litholog10,litholog8,0,1,Channel Sandstone,Planar Sandstone,1028.1,-1006.7,-208.9,False
70.0,litholog10,litholog9,0,5,Channel Sandstone,Overbank Mudstone,1229.4,332.1,1183.7,False
70.0,litholog11,litholog12,2,0,Rippled Heterolithics,Channel Sandstone,2886.7,-1824.0,2237.4,False
70.0,litholog11,litholog2,2,5,Rippled Heterolithics,Overbank Mudstone,5018.8,-4761.8,1585.7,False
70.0,litholog11,litholog3,2,0,Rippled Heterolithics,Channel Sandstone,4432.1,-4281.1,1147.1,False
70.0,litholog11,litholog4,2,5,Rippled Heterolithics,Overbank Mudstone,3830.2,-3825.6,186.9,False
70.0,litholog11,litholog5,2,0,Rippled Heterolithics,Channel Sandstone,3415.0,-3413.3,106.6,False
70.0,litholog11,litholog6,2,5,Rippled Heterolithics,Overbank Mudstone,3535.5,-3441.8,-808.7,False
70.0,litholog11,litholog7,2,5,Rippled Heterolithics,Overbank Mudstone,3207.2,-2867.4,-1436.7,False
70.0,litholog11,litholog8,2,1,Rippled Heterolithics,Planar Sandstone,2536.3,-2180.2,-1296.1,False
70.0,litholog11,litholog9,2,5,Rippled Heterolithics,Overbank Mudstone,846.9,-841.4,96.5,False
70.0,litholog12,litholog2,0,5,Channel Sandstone,Overbank Mudstone,3009.2,-2937.8,-651.7,False
70.0,litholog12,litholog3,0,0,Channel Sandstone,Channel Sandstone,2688.2,-2457.1,-1090.3,True
70.0,litholog12,litholog4,0,5,Channel Sandstone,Overbank Mudstone,2865.4,-2001.6,-2050.4,False
70.0,litholog12,litholog5,0,0,Channel Sandstone,Channel Sandstone,2658.3,-1589.4,-2130.8,True
70.0,litholog12,litholog6,0,5,Channel Sandstone,Overbank Mudstone,3449.0,-1617.8,-3046.1,False
70.0,litholog12,litholog7,0,5,Channel Sandstone,Overbank Mudstone,3819.3,-1043.5,-3674.0,False
70.0,litholog12,litholog8,0,1,Channel Sandstone,Planar Sandstone,3551.3,-356.2,-3533.4,False
70.0,litholog12,litholog9,0,5,Channel Sandstone,Overbank Mudstone,2355.6,982.6,-2140.9,False
70.0,litholog2,litholog3,5,0,Overbank Mudstone,Channel Sandstone,650.7,480.6,-438.6,False
70.0,litholog2,litholog4,5,5,Overbank Mudstone,Overbank Mudstone,1683.1,936.2,-1398.7,True
70.0,litholog2,litholog5,5,0,Overbank Mudstone,Channel Sandstone,2001.5,1348.4,-1479.1,False
70.0,litholog2,litholog6,5,5,Overbank Mudstone,Overbank Mudstone,2734.1,1319.9,-2394.4,True
70.0,litholog2,litholog7,5,5,Overbank Mudstone,Overbank Mudstone,3566.9,1894.3,-3022.4,True
70.0,litholog2,litholog8,5,1,Overbank Mudstone,Planar Sandstone,3869.0,2581.6,-2881.7,False
70.0,litholog2,litholog9,5,5,Overbank Mudstone,Overbank Mudstone,4193.7,3920.3,-1489.2,True
70.0,litholog3,litholog4,0,5,Channel Sandstone,Overbank Mudstone,1062.7,455.5,-960.1,False
70.0,litholog3,litholog5,0,0,Channel Sandstone,Channel Sandstone,1354.9,867.8,-1040.5,True
70.0,litholog3,litholog6,0,5,Channel Sandstone,Overbank Mudstone,2128.2,839.3,-1955.8,False
70.0,litholog3,litholog7,0,5,Channel Sandstone,Overbank Mudstone,2945.2,1413.7,-2583.7,False
70.0,litholog3,litholog8,0,1,Channel Sandstone,Planar Sandstone,3222.2,2100.9,-2443.1,False
70.0,litholog3,litholog9,0,5,Channel Sandstone,Overbank Mudstone,3596.6,3439.7,-1050.6,False
70.0,litholog4,litholog5,5,0,Overbank Mudstone,Channel Sandstone,420.0,412.3,-80.4,False
70.0,litholog4,litholog6,5,5,Overbank Mudstone,Overbank Mudstone,1067.0,383.8,-995.6,True
70.0,litholog4,litholog7,5,5,Overbank Mudstone,Overbank Mudstone,1885.3,958.2,-1623.6,True
70.0,litholog4,litholog8,5,1,Overbank Mudstone,Planar Sandstone,2215.1,1645.4,-1483.0,False
70.0,litholog4,litholog9,5,5,Overbank Mudstone,Overbank Mudstone,2985.5,2984.2,-90.5,True
70.0,litholog5,litholog6,0,5,Channel Sandstone,Overbank Mudstone,915.7,-28.5,-915.2,False
70.0,litholog5,litholog7,0,5,Channel Sandstone,Overbank Mudstone,1636.9,545.9,-1543.2,False
70.0,litholog5,litholog8,0,1,Channel Sandstone,Planar Sandstone,1867.6,1233.2,-1402.6,False
70.0,litholog5,litholog9,0,5,Channel Sandstone,Overbank Mudstone,2571.9,2571.9,-10.1,False
70.0,litholog6,litholog7,5,5,Overbank Mudstone,Overbank Mudstone,851.0,574.4,-628.0,True
70.0,litholog6,litholog8,5,1,Overbank Mudstone,Planar Sandstone,1352.5,1261.6,-487.4,False
70.0,litholog6,litholog9,5,5,Overbank Mudstone,Overbank Mudstone,2753.4,2600.4,905.2,True
70.0,litholog7,litholog8,5,1,Overbank Mudstone,Planar Sandstone,701.5,687.3,140.6,False
70.0,litholog7,litholog9,5,5,Overbank Mudstone,Overbank Mudstone,2540.7,2026.0,1533.2,True
70.0,litholog8,litholog9,1,5,Planar Sandstone,Overbank Mudstone,1931.7,1338.8,1392.5,False
71.0,litholog10,litholog11,0,2,Channel Sandstone,Rippled Heterolithics,1599.7,1173.5,1087.2,False
71.0,litholog10,litholog12,0,0,Channel Sandstone,Channel Sandstone,3387.6,-650.5,3324.6,True
71.0,litholog10,litholog2,0,5,Channel Sandstone,Overbank Mudstone,4474.4,-3588.3,2672.9,False
71.0,litholog10,litholog3,0,0,Channel Sandstone,Channel Sandstone,3827.4,-3107.6,2234.3,True
71.0,litholog10,litholog4,0,5,Channel Sandstone,Overbank Mudstone,2942.3,-2652.1,1274.1,False
71.0,litholog10,litholog5,0,0,Channel Sandstone,Channel Sandstone,2538.1,-2239.8,1193.8,True
71.0,litholog10,litholog6,0,5,Channel Sandstone,Overbank Mudstone,2285.4,-2268.3,278.5,False
71.0,litholog10,litholog7,0,5,Channel Sandstone,Overbank Mudstone,1729.6,-1693.9,-349.5,False
71.0,litholog10,litholog8,0,3,Channel Sandstone,Carbonaceous Mudstone,1028.1,-1006.7,-208.9,False
71.0,litholog10,litholog9,0,5,Channel Sandstone,Overbank Mudstone,1229.4,332.1,1183.7,False
71.0,litholog11,litholog12,2,0,Rippled Heterolithics,Channel Sandstone,2886.7,-1824.0,2237.4,False
71.0,litholog11,litholog2,2,5,Rippled Heterolithics,Overbank Mudstone,5018.8,-4761.8,1585.7,False
71.0,litholog11,litholog3,2,0,Rippled Heterolithics,Channel Sandstone,4432.1,-4281.1,1147.1,False
71.0,litholog11,litholog4,2,5,Rippled Heterolithics,Overbank Mudstone,3830.2,-3825.6,186.9,False
71.0,litholog11,litholog5,2,0,Rippled Heterolithics,Channel Sandstone,3415.0,-3413.3,106.6,False
71.0,litholog11,litholog6,2,5,Rippled Heterolithics,Overbank Mudstone,3535.5,-3441.8,-808.7,False
71.0,litholog11,litholog7,2,5,Rippled Heterolithics,Overbank Mudstone,3207.2,-2867.4,-1436.7,False
71.0,litholog11,litholog8,2,3,Rippled Heterolithics,Carbonaceous Mudstone,2536.3,-2180.2,-1296.1,False
71.0,litholog11,litholog9,2,5,Rippled Heterolithics,Overbank Mudstone,846.9,-841.4,96.5,False
71.0,litholog12,litholog2,0,5,Channel Sandstone,Overbank Mudstone,3009.2,-2937.8,-651.7,False
71.0,litholog12,litholog3,0,0,Channel Sandstone,Channel Sandstone,2688.2,-2457.1,-1090.3,True
71.0,litholog12,litholog4,0,5,Channel Sandstone,Overbank Mudstone,2865.4,-2001.6,-2050.4,False
71.0,litholog12,litholog5,0,0,Channel Sandstone,Channel Sandstone,2658.3,-1589.4,-2130.8,True
71.0,litholog12,litholog6,0,5,Channel Sandstone,Overbank Mudstone,3449.0,-1617.8,-3046.1,False
71.0,litholog12,litholog7,0,5,Channel Sandstone,Overbank Mudstone,3819.3,-1043.5,-3674.0,False
71.0,litholog12,litholog8,0,3,Channel Sandstone,Carbonaceous Mudstone,3551.3,-356.2,-3533.4,False
71.0,litholog12,litholog9,0,5,Channel Sandstone,Overbank Mudstone,2355.6,982.6,-2140.9,False
71.0,litholog2,litholog3,5,0,Overbank Mudstone,Channel Sandstone,650.7,480.6,-438.6,False
71.0,litholog2,litholog4,5,5,Overbank Mudstone,Overbank Mudstone,1683.1,936.2,-1398.7,True
71.0,litholog2,litholog5,5,0,Overbank Mudstone,Channel Sandstone,2001.5,1348.4,-1479.1,False
71.0,litholog2,litholog6,5,5,Overbank Mudstone,Overbank Mudstone,2734.1,1319.9,-2394.4,True
71.0,litholog2,litholog7,5,5,Overbank Mudstone,Overbank Mudstone,3566.9,1894.3,-3022.4,True
71.0,litholog2,litholog8,5,3,Overbank Mudstone,Carbonaceous Mudstone,3869.0,2581.6,-2881.7,False
71.0,litholog2,litholog9,5,5,Overbank Mudstone,Overbank Mudstone,4193.7,3920.3,-1489.2,True
71.0,litholog3,litholog4,0,5,Channel Sandstone,Overbank Mudstone,1062.7,455.5,-960.1,False
71.0,litholog3,litholog5,0,0,Channel Sandstone,Channel Sandstone,1354.9,867.8,-1040.5,True
71.0,litholog3,litholog6,0,5,Channel Sandstone,Overbank Mudstone,2128.2,839.3,-1955.8,False
71.0,litholog3,litholog7,0,5,Channel Sandstone,Overbank Mudstone,2945.2,1413.7,-2583.7,False
71.0,litholog3,litholog8,0,3,Channel Sandstone,Carbonaceous Mudstone,3222.2,2100.9,-2443.1,False
71.0,litholog3,litholog9,0,5,Channel Sandstone,Overbank Mudstone,3596.6,3439.7,-1050.6,False
71.0,litholog4,litholog5,5,0,Overbank Mudstone,Channel Sandstone,420.0,412.3,-80.4,False
71.0,litholog4,litholog6,5,5,Overbank Mudstone,Overbank Mudstone,1067.0,383.8,-995.6,True
71.0,litholog4,litholog7,5,5,Overbank Mudstone,Overbank Mudstone,1885.3,958.2,-1623.6,True
71.0,litholog4,litholog8,5,3,Overbank Mudstone,Carbonaceous Mudstone,2215.1,1645.4,-1483.0,False
71.0,litholog4,litholog9,5,5,Overbank Mudstone,Overbank Mudstone,2985.5,2984.2,-90.5,True
71.0,litholog5,litholog6,0,5,Channel Sandstone,Overbank Mudstone,915.7,-28.5,-915.2,False
71.0,litholog5,litholog7,0,5,Channel Sandstone,Overbank Mudstone,1636.9,545.9,-1543.2,False
71.0,litholog5,litholog8,0,3,Channel Sandstone,Carbonaceous Mudstone,1867.6,1233.2,-1402.6,False
71.0,litholog5,litholog9,0,5,Channel Sandstone,Overbank Mudstone,2571.9,2571.9,-10.1,False
71.0,litholog6,litholog7,5,5,Overbank Mudstone,Overbank Mudstone,851.0,574.4,-628.0,True
71.0,litholog6,litholog8,5,3,Overbank Mudstone,Carbonaceous Mudstone,1352.5,1261.6,-487.4,False
71.0,litholog6,litholog9,5,5,Overbank Mudstone,Overbank Mudstone,2753.4,2600.4,905.2,True
71.0,litholog7,litholog8,5,3,Overbank Mudstone,Carbonaceous Mudstone,701.5,687.3,140.6,False
71.0,litholog7,litholog9,5,5,Overbank Mudstone,Overbank Mudstone,2540.7,2026.0,1533.2,True
71.0,litholog8,litholog9,3,5,Carbonaceous Mudstone,Overbank Mudstone,1931.7,1338.8,1392.5,False
72.0,litholog10,litholog11,0,2,Channel Sandstone,Rippled Heterolithics,1599.7,1173.5,1087.2,False
72.0,litholog10,litholog12,0,5,Channel Sandstone,Overbank Mudstone,3387.6,-650.5,3324.6,False
72.0,litholog10,litholog2,0,5,Channel Sandstone,Overbank Mudstone,4474.4,-3588.3,2672.9,False
72.0,litholog10,litholog3,0,0,Channel Sandstone,Channel Sandstone,3827.4,-3107.6,2234.3,True
72.0,litholog10,litholog4,0,0,Channel Sandstone,Channel Sandstone,2942.3,-2652.1,1274.1,True
72.0,litholog10,litholog5,0,0,Channel Sandstone,Channel Sandstone,2538.1,-2239.8,1193.8,True
72.0,litholog10,litholog6,0,5,Channel Sandstone,Overbank Mudstone,2285.4,-2268.3,278.5,False
72.0,litholog10,litholog7,0,5,Channel Sandstone,Overbank Mudstone,1729.6,-1693.9,-349.5,False
72.0,litholog10,litholog8,0,1,Channel Sandstone,Planar Sandstone,1028.1,-1006.7,-208.9,False
72.0,litholog10,litholog9,0,5,Channel Sandstone,Overbank Mudstone,1229.4,332.1,1183.7,False
72.0,litholog11,litholog12,2,5,Rippled Heterolithics,Overbank Mudstone,2886.7,-1824.0,2237.4,False
72.0,litholog11,litholog2,2,5,Rippled Heterolithics,Overbank Mudstone,5018.8,-4761.8,1585.7,False
72.0,litholog11,litholog3,2,0,Rippled Heterolithics,Channel Sandstone,4432.1,-4281.1,1147.1,False
72.0,litholog11,litholog4,2,0,Rippled Heterolithics,Channel Sandstone,3830.2,-3825.6,186.9,False
72.0,litholog11,litholog5,2,0,Rippled Heterolithics,Channel Sandstone,3415.0,-3413.3,106.6,False
72.0,litholog11,litholog6,2,5,Rippled Heterolithics,Overbank Mudstone,3535.5,-3441.8,-808.7,False
72.0,litholog11,litholog7,2,5,Rippled Heterolithics,Overbank Mudstone,3207.2,-2867.4,-1436.7,False
72.0,litholog11,litholog8,2,1,Rippled Heterolithics,Planar Sandstone,2536.3,-2180.2,-1296.1,False
72.0,litholog11,litholog9,2,5,Rippled Heterolithics,Overbank Mudstone,846.9,-841.4,96.5,False
72.0,litholog12,litholog2,5,5,Overbank Mudstone,Overbank Mudstone,3009.2,-2937.8,-651.7,True
72.0,litholog12,litholog3,5,0,Overbank Mudstone,Channel Sandstone,2688.2,-2457.1,-1090.3,False
72.0,litholog12,litholog4,5,0,Overbank Mudstone,Channel Sandstone,2865.4,-2001.6,-2050.4,False
72.0,litholog12,litholog5,5,0,Overbank Mudstone,Channel Sandstone,2658.3,-1589.4,-2130.8,False
72.0,litholog12,litholog6,5,5,Overbank Mudstone,Overbank Mudstone,3449.0,-1617.8,-3046.1,True
72.0,litholog12,litholog7,5,5,Overbank Mudstone,Overbank Mudstone,3819.3,-1043.5,-3674.0,True
72.0,litholog12,litholog8,5,1,Overbank Mudstone,Planar Sandstone,3551.3,-356.2,-3533.4,False
72.0,litholog12,litholog9,5,5,Overbank Mudstone,Overbank Mudstone,2355.6,982.6,-2140.9,True
72.0,litholog2,litholog3,5,0,Overbank Mudstone,Channel Sandstone,650.7,480.6,-438.6,False
72.0,litholog2,litholog4,5,0,Overbank Mudstone,Channel Sandstone,1683.1,936.2,-1398.7,False
72.0,litholog2,litholog5,5,0,Overbank Mudstone,Channel Sandstone,2001.5,1348.4,-1479.1,False
72.0,litholog2,litholog6,5,5,Overbank Mudstone,Overbank Mudstone,2734.1,1319.9,-2394.4,True
72.0,litholog2,litholog7,5,5,Overbank Mudstone,Overbank Mudstone,3566.9,1894.3,-3022.4,True
72.0,litholog2,litholog8,5,1,Overbank Mudstone,Planar Sandstone,3869.0,2581.6,-2881.7,False
72.0,litholog2,litholog9,5,5,Overbank Mudstone,Overbank Mudstone,4193.7,3920.3,-1489.2,True
72.0,litholog3,litholog4,0,0,Channel Sandstone,Channel Sandstone,1062.7,455.5,-960.1,True
72.0,litholog3,litholog5,0,0,Channel Sandstone,Channel Sandstone,1354.9,867.8,-1040.5,True
72.0,litholog3,litholog6,0,5,Channel Sandstone,Overbank Mudstone,2128.2,839.3,-1955.8,False
72.0,litholog3,litholog7,0,5,Channel Sandstone,Overbank Mudstone,2945.2,1413.7,-2583.7,False
72.0,litholog3,litholog8,0,1,Channel Sandstone,Planar Sandstone,3222.2,2100.9,-2443.1,False
72.0,litholog3,litholog9,0,5,Channel Sandstone,Overbank Mudstone,3596.6,3439.7,-1050.6,False
72.0,litholog4,litholog5,0,0,Channel Sandstone,Channel Sandstone,420.0,412.3,-80.4,True
72.0,litholog4,litholog6,0,5,Channel Sandstone,Overbank Mudstone,1067.0,383.8,-995.6,False
72.0,litholog4,litholog7,0,5,Channel Sandstone,Overbank Mudstone,1885.3,958.2,-1623.6,False
72.0,litholog4,litholog8,0,1,Channel Sandstone,Planar Sandstone,2215.1,1645.4,-1483.0,False
72.0,litholog4,litholog9,0,5,Channel Sandstone,Overbank Mudstone,2985.5,2984.2,-90.5,False
72.0,litholog5,litholog6,0,5,Channel Sandstone,Overbank Mudstone,915.7,-28.5,-915.2,False
72.0,litholog5,litholog7,0,5,Channel Sandstone,Overbank Mudstone,1636.9,545.9,-1543.2,False
72.0,litholog5,litholog8,0,1,Channel Sandstone,Planar Sandstone,1867.6,1233.2,-1402.6,False
72.0,litholog5,litholog9,0,5,Channel Sandstone,Overbank Mudstone,2571.9,2571.9,-10.1,False
72.0,litholog6,litholog7,5,5,Overbank Mudstone,Overbank Mudstone,851.0,574.4,-628.0,True
72.0,litholog6,litholog8,5,1,Overbank Mudstone,Planar Sandstone,1352.5,1261.6,-487.4,False
72.0,litholog6,litholog9,5,5,Overbank Mudstone,Overbank Mudstone,2753.4,2600.4,905.2,True
72.0,litholog7,litholog8,5,1,Overbank Mudstone,Planar Sandstone,701.5,687.3,140.6,False
72.0,litholog7,litholog9,5,5,Overbank Mudstone,Overbank Mudstone,2540.7,2026.0,1533.2,True
72.0,litholog8,litholog9,1,5,Planar Sandstone,Overbank Mudstone,1931.7,1338.8,1392.5,False
73.0,litholog10,litholog11,5,5,Overbank Mudstone,Overbank Mudstone,1599.7,1173.5,1087.2,True
73.0,litholog10,litholog12,5,0,Overbank Mudstone,Channel Sandstone,3387.6,-650.5,3324.6,False
73.0,litholog10,litholog2,5,5,Overbank Mudstone,Overbank Mudstone,4474.4,-3588.3,2672.9,True
73.0,litholog10,litholog3,5,0,Overbank Mudstone,Channel Sandstone,3827.4,-3107.6,2234.3,False
73.0,litholog10,litholog4,5,0,Overbank Mudstone,Channel Sandstone,2942.3,-2652.1,1274.1,False
73.0,litholog10,litholog5,5,0,Overbank Mudstone,Channel Sandstone,2538.1,-2239.8,1193.8,False
73.0,litholog10,litholog6,5,5,Overbank Mudstone,Overbank Mudstone,2285.4,-2268.3,278.5,True
73.0,litholog10,litholog7,5,5,Overbank Mudstone,Overbank Mudstone,1729.6,-1693.9,-349.5,True
73.0,litholog10,litholog8,5,2,Overbank Mudstone,Rippled Heterolithics,1028.1,-1006.7,-208.9,False
73.0,litholog10,litholog9,5,5,Overbank Mudstone,Overbank Mudstone,1229.4,332.1,1183.7,True
73.0,litholog11,litholog12,5,0,Overbank Mudstone,Channel Sandstone,2886.7,-1824.0,2237.4,False
73.0,litholog11,litholog2,5,5,Overbank Mudstone,Overbank Mudstone,5018.8,-4761.8,1585.7,True
73.0,litholog11,litholog3,5,0,Overbank Mudstone,Channel Sandstone,4432.1,-4281.1,1147.1,False
73.0,litholog11,litholog4,5,0,Overbank Mudstone,Channel Sandstone,3830.2,-3825.6,186.9,False
73.0,litholog11,litholog5,5,0,Overbank Mudstone,Channel Sandstone,3415.0,-3413.3,106.6,False
73.0,litholog11,litholog6,5,5,Overbank Mudstone,Overbank Mudstone,3535.5,-3441.8,-808.7,True
73.0,litholog11,litholog7,5,5,Overbank Mudstone,Overbank Mudstone,3207.2,-2867.4,-1436.7,True
73.0,litholog11,litholog8,5,2,Overbank Mudstone,Rippled Heterolithics,2536.3,-2180.2,-1296.1,False
73.0,litholog11,litholog9,5,5,Overbank Mudstone,Overbank Mudstone,846.9,-841.4,96.5,True
73.0,litholog12,litholog2,0,5,Channel Sandstone,Overbank Mudstone,3009.2,-2937.8,-651.7,False
73.0,litholog12,litholog3,0,0,Channel Sandstone,Channel Sandstone,2688.2,-2457.1,-1090.3,True
73.0,litholog12,litholog4,0,0,Channel Sandstone,Channel Sandstone,2865.4,-2001.6,-2050.4,True
73.0,litholog12,litholog5,0,0,Channel Sandstone,Channel Sandstone,2658.3,-1589.4,-2130.8,True
73.0,litholog12,litholog6,0,5,Channel Sandstone,Overbank Mudstone,3449.0,-1617.8,-3046.1,False
73.0,litholog12,litholog7,0,5,Channel Sandstone,Overbank Mudstone,3819.3,-1043.5,-3674.0,False
73.0,litholog12,litholog8,0,2,Channel Sandstone,Rippled Heterolithics,3551.3,-356.2,-3533.4,False
73.0,litholog12,litholog9,0,5,Channel Sandstone,Overbank Mudstone,2355.6,982.6,-2140.9,False
73.0,litholog2,litholog3,5,0,Overbank Mudstone,Channel Sandstone,650.7,480.6,-438.6,False
73.0,litholog2,litholog4,5,0,Overbank Mudstone,Channel Sandstone,1683.1,936.2,-1398.7,False
73.0,litholog2,litholog5,5,0,Overbank Mudstone,Channel Sandstone,2001.5,1348.4,-1479.1,False
73.0,litholog2,litholog6,5,5,Overbank Mudstone,Overbank Mudstone,2734.1,1319.9,-2394.4,True
73.0,litholog2,litholog7,5,5,Overbank Mudstone,Overbank Mudstone,3566.9,1894.3,-3022.4,True
73.0,litholog2,litholog8,5,2,Overbank Mudstone,Rippled Heterolithics,3869.0,2581.6,-2881.7,False
73.0,litholog2,litholog9,5,5,Overbank Mudstone,Overbank Mudstone,4193.7,3920.3,-1489.2,True
73.0,litholog3,litholog4,0,0,Channel Sandstone,Channel Sandstone,1062.7,455.5,-960.1,True
73.0,litholog3,litholog5,0,0,Channel Sandstone,Channel Sandstone,1354.9,867.8,-1040.5,True
73.0,litholog3,litholog6,0,5,Channel Sandstone,Overbank Mudstone,2128.2,839.3,-1955.8,False
73.0,litholog3,litholog7,0,5,Channel Sandstone,Overbank Mudstone,2945.2,1413.7,-2583.7,False
73.0,litholog3,litholog8,0,2,Channel Sandstone,Rippled Heterolithics,3222.2,2100.9,-2443.1,False
73.0,litholog3,litholog9,0,5,Channel Sandstone,Overbank Mudstone,3596.6,3439.7,-1050.6,False
73.0,litholog4,litholog5,0,0,Channel Sandstone,Channel Sandstone,420.0,412.3,-80.4,True
73.0,litholog4,litholog6,0,5,Channel Sandstone,Overbank Mudstone,1067.0,383.8,-995.6,False
73.0,litholog4,litholog7,0,5,Channel Sandstone,Overbank Mudstone,1885.3,958.2,-1623.6,False
73.0,litholog4,litholog8,0,2,Channel Sandstone,Rippled Heterolithics,2215.1,1645.4,-1483.0,False
73.0,litholog4,litholog9,0,5,Channel Sandstone,Overbank Mudstone,2985.5,2984.2,-90.5,False
73.0,litholog5,litholog6,0,5,Channel Sandstone,Overbank Mudstone,915.7,-28.5,-915.2,False
73.0,litholog5,litholog7,0,5,Channel Sandstone,Overbank Mudstone,1636.9,545.9,-1543.2,False
73.0,litholog5,litholog8,0,2,Channel Sandstone,Rippled Heterolithics,1867.6,1233.2,-1402.6,False
73.0,litholog5,litholog9,0,5,Channel Sandstone,Overbank Mudstone,2571.9,2571.9,-10.1,False
73.0,litholog6,litholog7,5,5,Overbank Mudstone,Overbank Mudstone,851.0,574.4,-628.0,True
73.0,litholog6,litholog8,5,2,Overbank Mudstone,Rippled Heterolithics,1352.5,1261.6,-487.4,False
73.0,litholog6,litholog9,5,5,Overbank Mudstone,Overbank Mudstone,2753.4,2600.4,905.2,True
73.0,litholog7,litholog8,5,2,Overbank Mudstone,Rippled Heterolithics,701.5,687.3,140.6,False
73.0,litholog7,litholog9,5,5,Overbank Mudstone,Overbank Mudstone,2540.7,2026.0,1533.2,True
73.0,litholog8,litholog9,2,5,Rippled Heterolithics,Overbank Mudstone,1931.7,1338.8,1392.5,False
74.0,litholog10,litholog11,5,5,Overbank Mudstone,Overbank Mudstone,1599.7,1173.5,1087.2,True
74.0,litholog10,litholog12,5,3,Overbank Mudstone,Carbonaceous Mudstone,3387.6,-650.5,3324.6,False
74.0,litholog10,litholog2,5,4,Overbank Mudstone,Coal,4474.4,-3588.3,2672.9,False
74.0,litholog10,litholog3,5,0,Overbank Mudstone,Channel Sandstone,3827.4,-3107.6,2234.3,False
74.0,litholog10,litholog4,5,0,Overbank Mudstone,Channel Sandstone,2942.3,-2652.1,1274.1,False
74.0,litholog10,litholog5,5,0,Overbank Mudstone,Channel Sandstone,2538.1,-2239.8,1193.8,False
74.0,litholog10,litholog6,5,1,Overbank Mudstone,Planar Sandstone,2285.4,-2268.3,278.5,False
74.0,litholog10,litholog7,5,5,Overbank Mudstone,Overbank Mudstone,1729.6,-1693.9,-349.5,True
74.0,litholog10,litholog8,5,2,Overbank Mudstone,Rippled Heterolithics,1028.1,-1006.7,-208.9,False
74.0,litholog10,litholog9,5,5,Overbank Mudstone,Overbank Mudstone,1229.4,332.1,1183.7,True
74.0,litholog11,litholog12,5,3,Overbank Mudstone,Carbonaceous Mudstone,2886.7,-1824.0,2237.4,False
74.0,litholog11,litholog2,5,4,Overbank Mudstone,Coal,5018.8,-4761.8,1585.7,False
74.0,litholog11,litholog3,5,0,Overbank Mudstone,Channel Sandstone,4432.1,-4281.1,1147.1,False
74.0,litholog11,litholog4,5,0,Overbank Mudstone,Channel Sandstone,3830.2,-3825.6,186.9,False
74.0,litholog11,litholog5,5,0,Overbank Mudstone,Channel Sandstone,3415.0,-3413.3,106.6,False
74.0,litholog11,litholog6,5,1,Overbank Mudstone,Planar Sandstone,3535.5,-3441.8,-808.7,False
74.0,litholog11,litholog7,5,5,Overbank Mudstone,Overbank Mudstone,3207.2,-2867.4,-1436.7,True
74.0,litholog11,litholog8,5,2,Overbank Mudstone,Rippled Heterolithics,2536.3,-2180.2,-1296.1,False
74.0,litholog11,litholog9,5,5,Overbank Mudstone,Overbank Mudstone,846.9,-841.4,96.5,True
74.0,litholog12,litholog2,3,4,Carbonaceous Mudstone,Coal,3009.2,-2937.8,-651.7,False
74.0,litholog12,litholog3,3,0,Carbonaceous Mudstone,Channel Sandstone,2688.2,-2457.1,-1090.3,False
74.0,litholog12,litholog4,3,0,Carbonaceous Mudstone,Channel Sandstone,2865.4,-2001.6,-2050.4,False
74.0,litholog12,litholog5,3,0,Carbonaceous Mudstone,Channel Sandstone,2658.3,-1589.4,-2130.8,False
74.0,litholog12,litholog6,3,1,Carbonaceous Mudstone,Planar Sandstone,3449.0,-1617.8,-3046.1,False
74.0,litholog12,litholog7,3,5,Carbonaceous Mudstone,Overbank Mudstone,3819.3,-1043.5,-3674.0,False
74.0,litholog12,litholog8,3,2,Carbonaceous Mudstone,Rippled Heterolithics,3551.3,-356.2,-3533.4,False
74.0,litholog12,litholog9,3,5,Carbonaceous Mudstone,Overbank Mudstone,2355.6,982.6,-2140.9,False
74.0,litholog2,litholog3,4,0,Coal,Channel Sandstone,650.7,480.6,-438.6,False
74.0,litholog2,litholog4,4,0,Coal,Channel Sandstone,1683.1,936.2,-1398.7,False
74.0,litholog2,litholog5,4,0,Coal,Channel Sandstone,2001.5,1348.4,-1479.1,False
74.0,litholog2,litholog6,4,1,Coal,Planar Sandstone,2734.1,1319.9,-2394.4,False
74.0,litholog2,litholog7,4,5,Coal,Overbank Mudstone,3566.9,1894.3,-3022.4,False
74.0,litholog2,litholog8,4,2,Coal,Rippled Heterolithics,3869.0,2581.6,-2881.7,False
74.0,litholog2,litholog9,4,5,Coal,Overbank Mudstone,4193.7,3920.3,-1489.2,False
74.0,litholog3,litholog4,0,0,Channel Sandstone,Channel Sandstone,1062.7,455.5,-960.1,True
74.0,litholog3,litholog5,0,0,Channel Sandstone,Channel Sandstone,1354.9,867.8,-1040.5,True
74.0,litholog3,litholog6,0,1,Channel Sandstone,Planar Sandstone,2128.2,839.3,-1955.8,False
74.0,litholog3,litholog7,0,5,Channel Sandstone,Overbank Mudstone,2945.2,1413.7,-2583.7,False
74.0,litholog3,litholog8,0,2,Channel Sandstone,Rippled Heterolithics,3222.2,2100.9,-2443.1,False
74.0,litholog3,litholog9,0,5,Channel Sandstone,Overbank Mudstone,3596.6,3439.7,-1050.6,False
74.0,litholog4,litholog5,0,0,Channel Sandstone,Channel Sandstone,420.0,412.3,-80.4,True
74.0,litholog4,litholog6,0,1,Channel Sandstone,Planar Sandstone,1067.0,383.8,-995.6,False
74.0,litholog4,litholog7,0,5,Channel Sandstone,Overbank Mudstone,1885.3,958.2,-1623.6,False
74.0,litholog4,litholog8,0,2,Channel Sandstone,Rippled Heterolithics,2215.1,1645.4,-1483.0,False
74.0,litholog4,litholog9,0,5,Channel Sandstone,Overbank Mudstone,2985.5,2984.2,-90.5,False
74.0,litholog5,litholog6,0,1,Channel Sandstone,Planar Sandstone,915.7,-28.5,-915.2,False
74.0,litholog5,litholog7,0,5,Channel Sandstone,Overbank Mudstone,1636.9,545.9,-1543.2,False
74.0,litholog5,litholog8,0,2,Channel Sandstone,Rippled Heterolithics,1867.6,1233.2,-1402.6,False
74.0,litholog5,litholog9,0,5,Channel Sandstone,Overbank Mudstone,2571.9,2571.9,-10.1,False
74.0,litholog6,litholog7,1,5,Planar Sandstone,Overbank Mudstone,851.0,574.4,-628.0,False
74.0,litholog6,litholog8,1,2,Planar Sandstone,Rippled Heterolithics,1352.5,1261.6,-487.4,False
74.0,litholog6,litholog9,1,5,Planar Sandstone,Overbank Mudstone,2753.4,2600.4,905.2,False
74.0,litholog7,litholog8,5,2,Overbank Mudstone,Rippled Heterolithics,701.5,687.3,140.6,False
74.0,litholog7,litholog9,5,5,Overbank Mudstone,Overbank Mudstone,2540.7,2026.0,1533.2,True
74.0,litholog8,litholog9,2,5,Rippled Heterolithics,Overbank Mudstone,1931.7,1338.8,1392.5,False
75.0,litholog10,litholog11,5,5,Overbank Mudstone,Overbank Mudstone,1599.7,1173.5,1087.2,True
75.0,litholog10,litholog12,5,0,Overbank Mudstone,Channel Sandstone,3387.6,-650.5,3324.6,False
75.0,litholog10,litholog2,5,5,Overbank Mudstone,Overbank Mudstone,4474.4,-3588.3,2672.9,True
75.0,litholog10,litholog3,5,0,Overbank Mudstone,Channel Sandstone,3827.4,-3107.6,2234.3,False
75.0,litholog10,litholog4,5,0,Overbank Mudstone,Channel Sandstone,2942.3,-2652.1,1274.1,False
75.0,litholog10,litholog5,5,0,Overbank Mudstone,Channel Sandstone,2538.1,-2239.8,1193.8,False
75.0,litholog10,litholog6,5,4,Overbank Mudstone,Coal,2285.4,-2268.3,278.5,False
75.0,litholog10,litholog7,5,5,Overbank Mudstone,Overbank Mudstone,1729.6,-1693.9,-349.5,True
75.0,litholog10,litholog8,5,5,Overbank Mudstone,Overbank Mudstone,1028.1,-1006.7,-208.9,True
75.0,litholog10,litholog9,5,5,Overbank Mudstone,Overbank Mudstone,1229.4,332.1,1183.7,True
75.0,litholog11,litholog12,5,0,Overbank Mudstone,Channel Sandstone,2886.7,-1824.0,2237.4,False
75.0,litholog11,litholog2,5,5,Overbank Mudstone,Overbank Mudstone,5018.8,-4761.8,1585.7,True
75.0,litholog11,litholog3,5,0,Overbank Mudstone,Channel Sandstone,4432.1,-4281.1,1147.1,False
75.0,litholog11,litholog4,5,0,Overbank Mudstone,Channel Sandstone,3830.2,-3825.6,186.9,False
75.0,litholog11,litholog5,5,0,Overbank Mudstone,Channel Sandstone,3415.0,-3413.3,106.6,False
75.0,litholog11,litholog6,5,4,Overbank Mudstone,Coal,3535.5,-3441.8,-808.7,False
75.0,litholog11,litholog7,5,5,Overbank Mudstone,Overbank Mudstone,3207.2,-2867.4,-1436.7,True
75.0,litholog11,litholog8,5,5,Overbank Mudstone,Overbank Mudstone,2536.3,-2180.2,-1296.1,True
75.0,litholog11,litholog9,5,5,Overbank Mudstone,Overbank Mudstone,846.9,-841.4,96.5,True
75.0,litholog12,litholog2,0,5,Channel Sandstone,Overbank Mudstone,3009.2,-2937.8,-651.7,False
75.0,litholog12,litholog3,0,0,Channel Sandstone,Channel Sandstone,2688.2,-2457.1,-1090.3,True
75.0,litholog12,litholog4,0,0,Channel Sandstone,Channel Sandstone,2865.4,-2001.6,-2050.4,True
75.0,litholog12,litholog5,0,0,Channel Sandstone,Channel Sandstone,2658.3,-1589.4,-2130.8,True
75.0,litholog12,litholog6,0,4,Channel Sandstone,Coal,3449.0,-1617.8,-3046.1,False
75.0,litholog12,litholog7,0,5,Channel Sandstone,Overbank Mudstone,3819.3,-1043.5,-3674.0,False
75.0,litholog12,litholog8,0,5,Channel Sandstone,Overbank Mudstone,3551.3,-356.2,-3533.4,False
75.0,litholog12,litholog9,0,5,Channel Sandstone,Overbank Mudstone,2355.6,982.6,-2140.9,False
75.0,litholog2,litholog3,5,0,Overbank Mudstone,Channel Sandstone,650.7,480.6,-438.6,False
75.0,litholog2,litholog4,5,0,Overbank Mudstone,Channel Sandstone,1683.1,936.2,-1398.7,False
75.0,litholog2,litholog5,5,0,Overbank Mudstone,Channel Sandstone,2001.5,1348.4,-1479.1,False
75.0,litholog2,litholog6,5,4,Overbank Mudstone,Coal,2734.1,1319.9,-2394.4,False
75.0,litholog2,litholog7,5,5,Overbank Mudstone,Overbank Mudstone,3566.9,1894.3,-3022.4,True
75.0,litholog2,litholog8,5,5,Overbank Mudstone,Overbank Mudstone,3869.0,2581.6,-2881.7,True
75.0,litholog2,litholog9,5,5,Overbank Mudstone,Overbank Mudstone,4193.7,3920.3,-1489.2,True
75.0,litholog3,litholog4,0,0,Channel Sandstone,Channel Sandstone,1062.7,455.5,-960.1,True
75.0,litholog3,litholog5,0,0,Channel Sandstone,Channel Sandstone,1354.9,867.8,-1040.5,True
75.0,litholog3,litholog6,0,4,Channel Sandstone,Coal,2128.2,839.3,-1955.8,False
75.0,litholog3,litholog7,0,5,Channel Sandstone,Overbank Mudstone,2945.2,1413.7,-2583.7,False
75.0,litholog3,litholog8,0,5,Channel Sandstone,Overbank Mudstone,3222.2,2100.9,-2443.1,False
75.0,litholog3,litholog9,0,5,Channel Sandstone,Overbank Mudstone,3596.6,3439.7,-1050.6,False
75.0,litholog4,litholog5,0,0,Channel Sandstone,Channel Sandstone,420.0,412.3,-80.4,True
75.0,litholog4,litholog6,0,4,Channel Sandstone,Coal,1067.0,383.8,-995.6,False
75.0,litholog4,litholog7,0,5,Channel Sandstone,Overbank Mudstone,1885.3,958.2,-1623.6,False
75.0,litholog4,litholog8,0,5,Channel Sandstone,Overbank Mudstone,2215.1,1645.4,-1483.0,False
75.0,litholog4,litholog9,0,5,Channel Sandstone,Overbank Mudstone,2985.5,2984.2,-90.5,False
75.0,litholog5,litholog6,0,4,Channel Sandstone,Coal,915.7,-28.5,-915.2,False
75.0,litholog5,litholog7,0,5,Channel Sandstone,Overbank Mudstone,1636.9,545.9,-1543.2,False
75.0,litholog5,litholog8,0,5,Channel Sandstone,Overbank Mudstone,1867.6,1233.2,-1402.6,False
75.0,litholog5,litholog9,0,5,Channel Sandstone,Overbank Mudstone,2571.9,2571.9,-10.1,False
75.0,litholog6,litholog7,4,5,Coal,Overbank Mudstone,851.0,574.4,-628.0,False
75.0,litholog6,litholog8,4,5,Coal,Overbank Mudstone,1352.5,1261.6,-487.4,False
75.0,litholog6,litholog9,4,5,Coal,Overbank Mudstone,2753.4,2600.4,905.2,False
75.0,litholog7,litholog8,5,5,Overbank Mudstone,Overbank Mudstone,701.5,687.3,140.6,True
75.0,litholog7,litholog9,5,5,Overbank Mudstone,Overbank Mudstone,2540.7,2026.0,1533.2,True
75.0,litholog8,litholog9,5,5,Overbank Mudstone,Overbank Mudstone,1931.7,1338.8,1392.5,True
76.0,litholog10,litholog11,5,5,Overbank Mudstone,Overbank Mudstone,1599.7,1173.5,1087.2,True
76.0,litholog10,litholog12,5,5,Overbank Mudstone,Overbank Mudstone,3387.6,-650.5,3324.6,True
76.0,litholog10,litholog2,5,5,Overbank Mudstone,Overbank Mudstone,4474.4,-3588.3,2672.9,True
76.0,litholog10,litholog3,5,0,Overbank Mudstone,Channel Sandstone,3827.4,-3107.6,2234.3,False
76.0,litholog10,litholog4,5,0,Overbank Mudstone,Channel Sandstone,2942.3,-2652.1,1274.1,False
76.0,litholog10,litholog5,5,0,Overbank Mudstone,Channel Sandstone,2538.1,-2239.8,1193.8,False
76.0,litholog10,litholog6,5,2,Overbank Mudstone,Rippled Heterolithics,2285.4,-2268.3,278.5,False
76.0,litholog10,litholog7,5,5,Overbank Mudstone,Overbank Mudstone,1729.6,-1693.9,-349.5,True
76.0,litholog10,litholog8,5,5,Overbank Mudstone,Overbank Mudstone,1028.1,-1006.7,-208.9,True
76.0,litholog10,litholog9,5,5,Overbank Mudstone,Overbank Mudstone,1229.4,332.1,1183.7,True
76.0,litholog11,litholog12,5,5,Overbank Mudstone,Overbank Mudstone,2886.7,-1824.0,2237.4,True
76.0,litholog11,litholog2,5,5,Overbank Mudstone,Overbank Mudstone,5018.8,-4761.8,1585.7,True
76.0,litholog11,litholog3,5,0,Overbank Mudstone,Channel Sandstone,4432.1,-4281.1,1147.1,False
76.0,litholog11,litholog4,5,0,Overbank Mudstone,Channel Sandstone,3830.2,-3825.6,186.9,False
76.0,litholog11,litholog5,5,0,Overbank Mudstone,Channel Sandstone,3415.0,-3413.3,106.6,False
76.0,litholog11,litholog6,5,2,Overbank Mudstone,Rippled Heterolithics,3535.5,-3441.8,-808.7,False
76.0,litholog11,litholog7,5,5,Overbank Mudstone,Overbank Mudstone,3207.2,-2867.4,-1436.7,True
76.0,litholog11,litholog8,5,5,Overbank Mudstone,Overbank Mudstone,2536.3,-2180.2,-1296.1,True
76.0,litholog11,litholog9,5,5,Overbank Mudstone,Overbank Mudstone,846.9,-841.4,96.5,True
76.0,litholog12,litholog2,5,5,Overbank Mudstone,Overbank Mudstone,3009.2,-2937.8,-651.7,True
76.0,litholog12,litholog3,5,0,Overbank Mudstone,Channel Sandstone,2688.2,-2457.1,-1090.3,False
76.0,litholog12,litholog4,5,0,Overbank Mudstone,Channel Sandstone,2865.4,-2001.6,-2050.4,False
76.0,litholog12,litholog5,5,0,Overbank Mudstone,Channel Sandstone,2658.3,-1589.4,-2130.8,False
76.0,litholog12,litholog6,5,2,Overbank Mudstone,Rippled Heterolithics,3449.0,-1617.8,-3046.1,False
76.0,litholog12,litholog7,5,5,Overbank Mudstone,Overbank Mudstone,3819.3,-1043.5,-3674.0,True
76.0,litholog12,litholog8,5,5,Overbank Mudstone,Overbank Mudstone,3551.3,-356.2,-3533.4,True
76.0,litholog12,litholog9,5,5,Overbank Mudstone,Overbank Mudstone,2355.6,982.6,-2140.9,True
76.0,litholog2,litholog3,5,0,Overbank Mudstone,Channel Sandstone,650.7,480.6,-438.6,False
76.0,litholog2,litholog4,5,0,Overbank Mudstone,Channel Sandstone,1683.1,936.2,-1398.7,False
76.0,litholog2,litholog5,5,0,Overbank Mudstone,Channel Sandstone,2001.5,1348.4,-1479.1,False
76.0,litholog2,litholog6,5,2,Overbank Mudstone,Rippled Heterolithics,2734.1,1319.9,-2394.4,False
76.0,litholog2,litholog7,5,5,Overbank Mudstone,Overbank Mudstone,3566.9,1894.3,-3022.4,True
76.0,litholog2,litholog8,5,5,Overbank Mudstone,Overbank Mudstone,3869.0,2581.6,-2881.7,True
76.0,litholog2,litholog9,5,5,Overbank Mudstone,Overbank Mudstone,4193.7,3920.3,-1489.2,True
76.0,litholog3,litholog4,0,0,Channel Sandstone,Channel Sandstone,1062.7,455.5,-960.1,True
76.0,litholog3,litholog5,0,0,Channel Sandstone,Channel Sandstone,1354.9,867.8,-1040.5,True
76.0,litholog3,litholog6,0,2,Channel Sandstone,Rippled Heterolithics,2128.2,839.3,-1955.8,False
76.0,litholog3,litholog7,0,5,Channel Sandstone,Overbank Mudstone,2945.2,1413.7,-2583.7,False
76.0,litholog3,litholog8,0,5,Channel Sandstone,Overbank Mudstone,3222.2,2100.9,-2443.1,False
76.0,litholog3,litholog9,0,5,Channel Sandstone,Overbank Mudstone,3596.6,3439.7,-1050.6,False
76.0,litholog4,litholog5,0,0,Channel Sandstone,Channel Sandstone,420.0,412.3,-80.4,True
76.0,litholog4,litholog6,0,2,Channel Sandstone,Rippled Heterolithics,1067.0,383.8,-995.6,False
76.0,litholog4,litholog7,0,5,Channel Sandstone,Overbank Mudstone,1885.3,958.2,-1623.6,False
76.0,litholog4,litholog8,0,5,Channel Sandstone,Overbank Mudstone,2215.1,1645.4,-1483.0,False
76.0,litholog4,litholog9,0,5,Channel Sandstone,Overbank Mudstone,2985.5,2984.2,-90.5,False
76.0,litholog5,litholog6,0,2,Channel Sandstone,Rippled Heterolithics,915.7,-28.5,-915.2,False
76.0,litholog5,litholog7,0,5,Channel Sandstone,Overbank Mudstone,1636.9,545.9,-1543.2,False
76.0,litholog5,litholog8,0,5,Channel Sandstone,Overbank Mudstone,1867.6,1233.2,-1402.6,False
76.0,litholog5,litholog9,0,5,Channel Sandstone,Overbank Mudstone,2571.9,2571.9,-10.1,False
76.0,litholog6,litholog7,2,5,Rippled Heterolithics,Overbank Mudstone,851.0,574.4,-628.0,False
76.0,litholog6,litholog8,2,5,Rippled Heterolithics,Overbank Mudstone,1352.5,1261.6,-487.4,False
76.0,litholog6,litholog9,2,5,Rippled Heterolithics,Overbank Mudstone,2753.4,2600.4,905.2,False
76.0,litholog7,litholog8,5,5,Overbank Mudstone,Overbank Mudstone,701.5,687.3,140.6,True
76.0,litholog7,litholog9,5,5,Overbank Mudstone,Overbank Mudstone,2540.7,2026.0,1533.2,True
76.0,litholog8,litholog9,5,5,Overbank Mudstone,Overbank Mudstone,1931.7,1338.8,1392.5,True
77.0,litholog11,litholog12,5,5,Overbank Mudstone,Overbank Mudstone,2886.7,-1824.0,2237.4,True
77.0,litholog11,litholog2,5,0,Overbank Mudstone,Channel Sandstone,5018.8,-4761.8,1585.7,False
77.0,litholog11,litholog3,5,0,Overbank Mudstone,Channel Sandstone,4432.1,-4281.1,1147.1,False
77.0,litholog11,litholog4,5,4,Overbank Mudstone,Coal,3830.2,-3825.6,186.9,False
77.0,litholog11,litholog5,5,0,Overbank Mudstone,Channel Sandstone,3415.0,-3413.3,106.6,False
77.0,litholog11,litholog6,5,2,Overbank Mudstone,Rippled Heterolithics,3535.5,-3441.8,-808.7,False
77.0,litholog11,litholog7,5,5,Overbank Mudstone,Overbank Mudstone,3207.2,-2867.4,-1436.7,True
77.0,litholog11,litholog8,5,5,Overbank Mudstone,Overbank Mudstone,2536.3,-2180.2,-1296.1,True
77.0,litholog11,litholog9,5,5,Overbank Mudstone,Overbank Mudstone,846.9,-841.4,96.5,True
77.0,litholog12,litholog2,5,0,Overbank Mudstone,Channel Sandstone,3009.2,-2937.8,-651.7,False
77.0,litholog12,litholog3,5,0,Overbank Mudstone,Channel Sandstone,2688.2,-2457.1,-1090.3,False
77.0,litholog12,litholog4,5,4,Overbank Mudstone,Coal,2865.4,-2001.6,-2050.4,False
77.0,litholog12,litholog5,5,0,Overbank Mudstone,Channel Sandstone,2658.3,-1589.4,-2130.8,False
77.0,litholog12,litholog6,5,2,Overbank Mudstone,Rippled Heterolithics,3449.0,-1617.8,-3046.1,False
77.0,litholog12,litholog7,5,5,Overbank Mudstone,Overbank Mudstone,3819.3,-1043.5,-3674.0,True
77.0,litholog12,litholog8,5,5,Overbank Mudstone,Overbank Mudstone,3551.3,-356.2,-3533.4,True
77.0,litholog12,litholog9,5,5,Overbank Mudstone,Overbank Mudstone,2355.6,982.6,-2140.9,True
77.0,litholog2,litholog3,0,0,Channel Sandstone,Channel Sandstone,650.7,480.6,-438.6,True
77.0,litholog2,litholog4,0,4,Channel Sandstone,Coal,1683.1,936.2,-1398.7,False
77.0,litholog2,litholog5,0,0,Channel Sandstone,Channel Sandstone,2001.5,1348.4,-1479.1,True
77.0,litholog2,litholog6,0,2,Channel Sandstone,Rippled Heterolithics,2734.1,1319.9,-2394.4,False
77.0,litholog2,litholog7,0,5,Channel Sandstone,Overbank Mudstone,3566.9,1894.3,-3022.4,False
77.0,litholog2,litholog8,0,5,Channel Sandstone,Overbank Mudstone,3869.0,2581.6,-2881.7,False
77.0,litholog2,litholog9,0,5,Channel Sandstone,Overbank Mudstone,4193.7,3920.3,-1489.2,False
77.0,litholog3,litholog4,0,4,Channel Sandstone,Coal,1062.7,455.5,-960.1,False
77.0,litholog3,litholog5,0,0,Channel Sandstone,Channel Sandstone,1354.9,867.8,-1040.5,True
77.0,litholog3,litholog6,0,2,Channel Sandstone,Rippled Heterolithics,2128.2,839.3,-1955.8,False
77.0,litholog3,litholog7,0,5,Channel Sandstone,Overbank Mudstone,2945.2,1413.7,-2583.7,False
77.0,litholog3,litholog8,0,5,Channel Sandstone,Overbank Mudstone,3222.2,2100.9,-2443.1,False
77.0,litholog3,litholog9,0,5,Channel Sandstone,Overbank Mudstone,3596.6,3439.7,-1050.6,False
77.0,litholog4,litholog5,4,0,Coal,Channel Sandstone,420.0,412.3,-80.4,False
77.0,litholog4,litholog6,4,2,Coal,Rippled Heterolithics,1067.0,383.8,-995.6,False
77.0,litholog4,litholog7,4,5,Coal,Overbank Mudstone,1885.3,958.2,-1623.6,False
77.0,litholog4,litholog8,4,5,Coal,Overbank Mudstone,2215.1,1645.4,-1483.0,False
77.0,litholog4,litholog9,4,5,Coal,Overbank Mudstone,2985.5,2984.2,-90.5,False
77.0,litholog5,litholog6,0,2,Channel Sandstone,Rippled Heterolithics,915.7,-28.5,-915.2,False
77.0,litholog5,litholog7,0,5,Channel Sandstone,Overbank Mudstone,1636.9,545.9,-1543.2,False
77.0,litholog5,litholog8,0,5,Channel Sandstone,Overbank Mudstone,1867.6,1233.2,-1402.6,False
77.0,litholog5,litholog9,0,5,Channel Sandstone,Overbank Mudstone,2571.9,2571.9,-10.1,False
77.0,litholog6,litholog7,2,5,Rippled Heterolithics,Overbank Mudstone,851.0,574.4,-628.0,False
77.0,litholog6,litholog8,2,5,Rippled Heterolithics,Overbank Mudstone,1352.5,1261.6,-487.4,False
77.0,litholog6,litholog9,2,5,Rippled Heterolithics,Overbank Mudstone,2753.4,2600.4,905.2,False
77.0,litholog7,litholog8,5,5,Overbank Mudstone,Overbank Mudstone,701.5,687.3,140.6,True
77.0,litholog7,litholog9,5,5,Overbank Mudstone,Overbank Mudstone,2540.7,2026.0,1533.2,True
77.0,litholog8,litholog9,5,5,Overbank Mudstone,Overbank Mudstone,1931.7,1338.8,1392.5,True
78.0,litholog12,litholog2,5,0,Overbank Mudstone,Channel Sandstone,3009.2,-2937.8,-651.7,False
78.0,litholog12,litholog3,5,0,Overbank Mudstone,Channel Sandstone,2688.2,-2457.1,-1090.3,False
78.0,litholog12,litholog4,5,3,Overbank Mudstone,Carbonaceous Mudstone,2865.4,-2001.6,-2050.4,False
78.0,litholog12,litholog5,5,0,Overbank Mudstone,Channel Sandstone,2658.3,-1589.4,-2130.8,False
78.0,litholog12,litholog6,5,2,Overbank Mudstone,Rippled Heterolithics,3449.0,-1617.8,-3046.1,False
78.0,litholog12,litholog7,5,5,Overbank Mudstone,Overbank Mudstone,3819.3,-1043.5,-3674.0,True
78.0,litholog12,litholog8,5,5,Overbank Mudstone,Overbank Mudstone,3551.3,-356.2,-3533.4,True
78.0,litholog2,litholog3,0,0,Channel Sandstone,Channel Sandstone,650.7,480.6,-438.6,True
78.0,litholog2,litholog4,0,3,Channel Sandstone,Carbonaceous Mudstone,1683.1,936.2,-1398.7,False
78.0,litholog2,litholog5,0,0,Channel Sandstone,Channel Sandstone,2001.5,1348.4,-1479.1,True
78.0,litholog2,litholog6,0,2,Channel Sandstone,Rippled Heterolithics,2734.1,1319.9,-2394.4,False
78.0,litholog2,litholog7,0,5,Channel Sandstone,Overbank Mudstone,3566.9,1894.3,-3022.4,False
78.0,litholog2,litholog8,0,5,Channel Sandstone,Overbank Mudstone,3869.0,2581.6,-2881.7,False
78.0,litholog3,litholog4,0,3,Channel Sandstone,Carbonaceous Mudstone,1062.7,455.5,-960.1,False
78.0,litholog3,litholog5,0,0,Channel Sandstone,Channel Sandstone,1354.9,867.8,-1040.5,True
78.0,litholog3,litholog6,0,2,Channel Sandstone,Rippled Heterolithics,2128.2,839.3,-1955.8,False
78.0,litholog3,litholog7,0,5,Channel Sandstone,Overbank Mudstone,2945.2,1413.7,-2583.7,False
78.0,litholog3,litholog8,0,5,Channel Sandstone,Overbank Mudstone,3222.2,2100.9,-2443.1,False
78.0,litholog4,litholog5,3,0,Carbonaceous Mudstone,Channel Sandstone,420.0,412.3,-80.4,False
78.0,litholog4,litholog6,3,2,Carbonaceous Mudstone,Rippled Heterolithics,1067.0,383.8,-995.6,False
78.0,litholog4,litholog7,3,5,Carbonaceous Mudstone,Overbank Mudstone,1885.3,958.2,-1623.6,False
78.0,litholog4,litholog8,3,5,Carbonaceous Mudstone,Overbank Mudstone,2215.1,1645.4,-1483.0,False
78.0,litholog5,litholog6,0,2,Channel Sandstone,Rippled Heterolithics,915.7,-28.5,-915.2,False
78.0,litholog5,litholog7,0,5,Channel Sandstone,Overbank Mudstone,1636.9,545.9,-1543.2,False
78.0,litholog5,litholog8,0,5,Channel Sandstone,Overbank Mudstone,1867.6,1233.2,-1402.6,False
78.0,litholog6,litholog7,2,5,Rippled Heterolithics,Overbank Mudstone,851.0,574.4,-628.0,False
78.0,litholog6,litholog8,2,5,Rippled Heterolithics,Overbank Mudstone,1352.5,1261.6,-487.4,False
78.0,litholog7,litholog8,5,5,Overbank Mudstone,Overbank Mudstone,701.5,687.3,140.6,True
79.0,litholog12,litholog2,0,0,Channel Sandstone,Channel Sandstone,3009.2,-2937.8,-651.7,True
79.0,litholog12,litholog3,0,0,Channel Sandstone,Channel Sandstone,2688.2,-2457.1,-1090.3,True
79.0,litholog12,litholog4,0,1,Channel Sandstone,Planar Sandstone,2865.4,-2001.6,-2050.4,False
79.0,litholog12,litholog5,0,0,Channel Sandstone,Channel Sandstone,2658.3,-1589.4,-2130.8,True
79.0,litholog12,litholog6,0,2,Channel Sandstone,Rippled Heterolithics,3449.0,-1617.8,-3046.1,False
79.0,litholog2,litholog3,0,0,Channel Sandstone,Channel Sandstone,650.7,480.6,-438.6,True
79.0,litholog2,litholog4,0,1,Channel Sandstone,Planar Sandstone,1683.1,936.2,-1398.7,False
79.0,litholog2,litholog5,0,0,Channel Sandstone,Channel Sandstone,2001.5,1348.4,-1479.1,True
79.0,litholog2,litholog6,0,2,Channel Sandstone,Rippled Heterolithics,2734.1,1319.9,-2394.4,False
79.0,litholog3,litholog4,0,1,Channel Sandstone,Planar Sandstone,1062.7,455.5,-960.1,False
79.0,litholog3,litholog5,0,0,Channel Sandstone,Channel Sandstone,1354.9,867.8,-1040.5,True
79.0,litholog3,litholog6,0,2,Channel Sandstone,Rippled Heterolithics,2128.2,839.3,-1955.8,False
79.0,litholog4,litholog5,1,0,Planar Sandstone,Channel Sandstone,420.0,412.3,-80.4,False
79.0,litholog4,litholog6,1,2,Planar Sandstone,Rippled Heterolithics,1067.0,383.8,-995.6,False
79.0,litholog5,litholog6,0,2,Channel Sandstone,Rippled Heterolithics,915.7,-28.5,-915.2,False
80.0,litholog12,litholog2,0,0,Channel Sandstone,Channel Sandstone,3009.2,-2937.8,-651.7,True
80.0,litholog12,litholog3,0,0,Channel Sandstone,Channel Sandstone,2688.2,-2457.1,-1090.3,True
80.0,litholog12,litholog4,0,5,Channel Sandstone,Overbank Mudstone,2865.4,-2001.6,-2050.4,False
80.0,litholog12,litholog5,0,0,Channel Sandstone,Channel Sandstone,2658.3,-1589.4,-2130.8,True
80.0,litholog12,litholog6,0,5,Channel Sandstone,Overbank Mudstone,3449.0,-1617.8,-3046.1,False
80.0,litholog2,litholog3,0,0,Channel Sandstone,Channel Sandstone,650.7,480.6,-438.6,True
80.0,litholog2,litholog4,0,5,Channel Sandstone,Overbank Mudstone,1683.1,936.2,-1398.7,False
80.0,litholog2,litholog5,0,0,Channel Sandstone,Channel Sandstone,2001.5,1348.4,-1479.1,True
80.0,litholog2,litholog6,0,5,Channel Sandstone,Overbank Mudstone,2734.1,1319.9,-2394.4,False
80.0,litholog3,litholog4,0,5,Channel Sandstone,Overbank Mudstone,1062.7,455.5,-960.1,False
80.0,litholog3,litholog5,0,0,Channel Sandstone,Channel Sandstone,1354.9,867.8,-1040.5,True
80.0,litholog3,litholog6,0,5,Channel Sandstone,Overbank Mudstone,2128.2,839.3,-1955.8,False
80.0,litholog4,litholog5,5,0,Overbank Mudstone,Channel Sandstone,420.0,412.3,-80.4,False
80.0,litholog4,litholog6,5,5,Overbank Mudstone,Overbank Mudstone,1067.0,383.8,-995.6,True
80.0,litholog5,litholog6,0,5,Channel Sandstone,Overbank Mudstone,915.7,-28.5,-915.2,False
81.0,litholog12,litholog2,0,0,Channel Sandstone,Channel Sandstone,3009.2,-2937.8,-651.7,True
81.0,litholog12,litholog3,0,0,Channel Sandstone,Channel Sandstone,2688.2,-2457.1,-1090.3,True
81.0,litholog12,litholog4,0,5,Channel Sandstone,Overbank Mudstone,2865.4,-2001.6,-2050.4,False
81.0,litholog12,litholog5,0,4,Channel Sandstone,Coal,2658.3,-1589.4,-2130.8,False
81.0,litholog12,litholog6,0,5,Channel Sandstone,Overbank Mudstone,3449.0,-1617.8,-3046.1,False
81.0,litholog2,litholog3,0,0,Channel Sandstone,Channel Sandstone,650.7,480.6,-438.6,True
81.0,litholog2,litholog4,0,5,Channel Sandstone,Overbank Mudstone,1683.1,936.2,-1398.7,False
81.0,litholog2,litholog5,0,4,Channel Sandstone,Coal,2001.5,1348.4,-1479.1,False
81.0,litholog2,litholog6,0,5,Channel Sandstone,Overbank Mudstone,2734.1,1319.9,-2394.4,False
81.0,litholog3,litholog4,0,5,Channel Sandstone,Overbank Mudstone,1062.7,455.5,-960.1,False
81.0,litholog3,litholog5,0,4,Channel Sandstone,Coal,1354.9,867.8,-1040.5,False
81.0,litholog3,litholog6,0,5,Channel Sandstone,Overbank Mudstone,2128.2,839.3,-1955.8,False
81.0,litholog4,litholog5,5,4,Overbank Mudstone,Coal,420.0,412.3,-80.4,False
81.0,litholog4,litholog6,5,5,Overbank Mudstone,Overbank Mudstone,1067.0,383.8,-995.6,True
81.0,litholog5,litholog6,4,5,Coal,Overbank Mudstone,915.7,-28.5,-915.2,False
82.0,litholog12,litholog2,0,0,Channel Sandstone,Channel Sandstone,3009.2,-2937.8,-651.7,True
82.0,litholog12,litholog3,0,0,Channel Sandstone,Channel Sandstone,2688.2,-2457.1,-1090.3,True
82.0,litholog12,litholog4,0,5,Channel Sandstone,Overbank Mudstone,2865.4,-2001.6,-2050.4,False
82.0,litholog12,litholog5,0,5,Channel Sandstone,Overbank Mudstone,2658.3,-1589.4,-2130.8,False
82.0,litholog12,litholog6,0,5,Channel Sandstone,Overbank Mudstone,3449.0,-1617.8,-3046.1,False
82.0,litholog2,litholog3,0,0,Channel Sandstone,Channel Sandstone,650.7,480.6,-438.6,True
82.0,litholog2,litholog4,0,5,Channel Sandstone,Overbank Mudstone,1683.1,936.2,-1398.7,False
82.0,litholog2,litholog5,0,5,Channel Sandstone,Overbank Mudstone,2001.5,1348.4,-1479.1,False
82.0,litholog2,litholog6,0,5,Channel Sandstone,Overbank Mudstone,2734.1,1319.9,-2394.4,False
82.0,litholog3,litholog4,0,5,Channel Sandstone,Overbank Mudstone,1062.7,455.5,-960.1,False
82.0,litholog3,litholog5,0,5,Channel Sandstone,Overbank Mudstone,1354.9,867.8,-1040.5,False
82.0,litholog3,litholog6,0,5,Channel Sandstone,Overbank Mudstone,2128.2,839.3,-1955.8,False
82.0,litholog4,litholog5,5,5,Overbank Mudstone,Overbank Mudstone,420.0,412.3,-80.4,True
82.0,litholog4,litholog6,5,5,Overbank Mudstone,Overbank Mudstone,1067.0,383.8,-995.6,True
82.0,litholog5,litholog6,5,5,Overbank Mudstone,Overbank Mudstone,915.7,-28.5,-915.2,True
83.0,litholog12,litholog2,0,5,Channel Sandstone,Overbank Mudstone,3009.2,-2937.8,-651.7,False
83.0,litholog12,litholog3,0,0,Channel Sandstone,Channel Sandstone,2688.2,-2457.1,-1090.3,True
83.0,litholog12,litholog4,0,5,Channel Sandstone,Overbank Mudstone,2865.4,-2001.6,-2050.4,False
83.0,litholog12,litholog5,0,5,Channel Sandstone,Overbank Mudstone,2658.3,-1589.4,-2130.8,False
83.0,litholog12,litholog6,0,5,Channel Sandstone,Overbank Mudstone,3449.0,-1617.8,-3046.1,False
83.0,litholog2,litholog3,5,0,Overbank Mudstone,Channel Sandstone,650.7,480.6,-438.6,False
83.0,litholog2,litholog4,5,5,Overbank Mudstone,Overbank Mudstone,1683.1,936.2,-1398.7,True
83.0,litholog2,litholog5,5,5,Overbank Mudstone,Overbank Mudstone,2001.5,1348.4,-1479.1,True
83.0,litholog2,litholog6,5,5,Overbank Mudstone,Overbank Mudstone,2734.1,1319.9,-2394.4,True
83.0,litholog3,litholog4,0,5,Channel Sandstone,Overbank Mudstone,1062.7,455.5,-960.1,False
83.0,litholog3,litholog5,0,5,Channel Sandstone,Overbank Mudstone,1354.9,867.8,-1040.5,False
83.0,litholog3,litholog6,0,5,Channel Sandstone,Overbank Mudstone,2128.2,839.3,-1955.8,False
83.0,litholog4,litholog5,5,5,Overbank Mudstone,Overbank Mudstone,420.0,412.3,-80.4,True
83.0,litholog4,litholog6,5,5,Overbank Mudstone,Overbank Mudstone,1067.0,383.8,-995.6,True
83.0,litholog5,litholog6,5,5,Overbank Mudstone,Overbank Mudstone,915.7,-28.5,-915.2,True
84.0,litholog12,litholog2,2,5,Rippled Heterolithics,Overbank Mudstone,3009.2,-2937.8,-651.7,False
84.0,litholog12,litholog3,2,0,Rippled Heterolithics,Channel Sandstone,2688.2,-2457.1,-1090.3,False
84.0,litholog2,litholog3,5,0,Overbank Mudstone,Channel Sandstone,650.7,480.6,-438.6,False
85.0,litholog12,litholog2,2,5,Rippled Heterolithics,Overbank Mudstone,3009.2,-2937.8,-651.7,False
85.0,litholog12,litholog3,2,0,Rippled Heterolithics,Channel Sandstone,2688.2,-2457.1,-1090.3,False
85.0,litholog2,litholog3,5,0,Overbank Mudstone,Channel Sandstone,650.7,480.6,-438.6,False
86.0,litholog12,litholog2,2,4,Rippled Heterolithics,Coal,3009.2,-2937.8,-651.7,False
86.0,litholog12,litholog3,2,0,Rippled Heterolithics,Channel Sandstone,2688.2,-2457.1,-1090.3,False
86.0,litholog2,litholog3,4,0,Coal,Channel Sandstone,650.7,480.6,-438.6,False
87.0,litholog12,litholog2,2,4,Rippled Heterolithics,Coal,3009.2,-2937.8,-651.7,False
87.0,litholog12,litholog3,2,0,Rippled Heterolithics,Channel Sandstone,2688.2,-2457.1,-1090.3,False
87.0,litholog2,litholog3,4,0,Coal,Channel Sandstone,650.7,480.6,-438.6,False
88.0,litholog12,litholog2,5,5,Overbank Mudstone,Overbank Mudstone,3009.2,-2937.8,-651.7,True
88.0,litholog12,litholog3,5,4,Overbank Mudstone,Coal,2688.2,-2457.1,-1090.3,False
88.0,litholog2,litholog3,5,4,Overbank Mudstone,Coal,650.7,480.6,-438.6,False
89.0,litholog12,litholog2,5,5,Overbank Mudstone,Overbank Mudstone,3009.2,-2937.8,-651.7,True
89.0,litholog12,litholog3,5,5,Overbank Mudstone,Overbank Mudstone,2688.2,-2457.1,-1090.3,True
89.0,litholog2,litholog3,5,5,Overbank Mudstone,Overbank Mudstone,650.7,480.6,-438.6,True
90.0,litholog12,litholog2,5,5,Overbank Mudstone,Overbank Mudstone,3009.2,-2937.8,-651.7,True
90.0,litholog12,litholog3,5,5,Overbank Mudstone,Overbank Mudstone,2688.2,-2457.1,-1090.3,True
90.0,litholog2,litholog3,5,5,Overbank Mudstone,Overbank Mudstone,650.7,480.6,-438.6,True
91.0,litholog12,litholog2,5,5,Overbank Mudstone,Overbank Mudstone,3009.2,-2937.8,-651.7,True
91.0,litholog12,litholog3,5,5,Overbank Mudstone,Overbank Mudstone,2688.2,-2457.1,-1090.3,True
91.0,litholog2,litholog3,5,5,Overbank Mudstone,Overbank Mudstone,650.7,480.6,-438.6,True
92.0,litholog12,litholog2,0,5,Channel Sandstone,Overbank Mudstone,3009.2,-2937.8,-651.7,False
92.0,litholog12,litholog3,0,5,Channel Sandstone,Overbank Mudstone,2688.2,-2457.1,-1090.3,False
92.0,litholog2,litholog3,5,5,Overbank Mudstone,Overbank Mudstone,650.7,480.6,-438.6,True
